corp_code,corp_name,stock_code,corp_cls,report_nm,rcept_no,flr_nm,rcept_dt,rm,query_year,year
01649204,달바글로벌,483650,Y,[기재정정]분기보고서 (2024.09),20241125000168,달바글로벌,20241125,,2024,2024
01649204,달바글로벌,483650,Y,분기보고서 (2024.09),20241113000384,달바글로벌,20241113,정,2024,2024
00139834,LG씨엔에스,064400,Y,분기보고서 (2018.09),20181114001092,LG씨엔에스,20181114,,2018,2018
00139834,LG씨엔에스,064400,Y,반기보고서 (2018.06),20180814001258,LG씨엔에스,20180814,,2018,2018
00139834,LG씨엔에스,064400,Y,분기보고서 (2018.03),20180515002040,LG씨엔에스,20180515,,2018,2018
00139834,LG씨엔에스,064400,Y,사업보고서 (2017.12),20180329001088,LG씨엔에스,20180329,연,2018,2018
00139834,LG씨엔에스,064400,Y,분기보고서 (2019.09),20191114001950,LG씨엔에스,20191114,,2019,2019
00139834,LG씨엔에스,064400,Y,반기보고서 (2019.06),20190814002204,LG씨엔에스,20190814,,2019,2019
00139834,LG씨엔에스,064400,Y,분기보고서 (2019.03),20190515002450,LG씨엔에스,20190515,,2019,2019
00139834,LG씨엔에스,064400,Y,사업보고서 (2018.12),20190401004162,LG씨엔에스,20190401,연,2019,2019
00139834,LG씨엔에스,064400,Y,분기보고서 (2020.09),20201116001817,LG씨엔에스,20201116,,2020,2020
00139834,LG씨엔에스,064400,Y,반기보고서 (2020.06),20200814001425,LG씨엔에스,20200814,,2020,2020
00139834,LG씨엔에스,064400,Y,분기보고서 (2020.03),20200515002153,LG씨엔에스,20200515,,2020,2020
00139834,LG씨엔에스,064400,Y,사업보고서 (2019.12),20200330003747,LG씨엔에스,20200330,연,2020,2020
00139834,LG씨엔에스,064400,Y,분기보고서 (2021.09),20211115001578,LG씨엔에스,20211115,,2021,2021
00139834,LG씨엔에스,064400,Y,반기보고서 (2021.06),20210817001655,LG씨엔에스,20210817,,2021,2021
00139834,LG씨엔에스,064400,Y,분기보고서 (2021.03),20210517001482,LG씨엔에스,20210517,,2021,2021
00139834,LG씨엔에스,064400,Y,사업보고서 (2020.12),20210331001781,LG씨엔에스,20210331,연,2021,2021
00139834,LG씨엔에스,064400,Y,분기보고서 (2022.09),20221114001694,LG씨엔에스,20221114,,2022,2022
00139834,LG씨엔에스,064400,Y,반기보고서 (2022.06),20220816001766,LG씨엔에스,20220816,,2022,2022
00139834,LG씨엔에스,064400,Y,분기보고서 (2022.03),20220516001347,LG씨엔에스,20220516,,2022,2022
00139834,LG씨엔에스,064400,Y,[기재정정]사업보고서 (2021.12),20220405002309,LG씨엔에스,20220405,연,2022,2022
00139834,LG씨엔에스,064400,Y,사업보고서 (2021.12),20220331002884,LG씨엔에스,20220331,정연,2022,2022
00139834,LG씨엔에스,064400,Y,분기보고서 (2023.09),20231114002227,LG씨엔에스,20231114,,2023,2023
00139834,LG씨엔에스,064400,Y,반기보고서 (2023.06),20230814002337,LG씨엔에스,20230814,,2023,2023
00139834,LG씨엔에스,064400,Y,분기보고서 (2023.03),20230515002177,LG씨엔에스,20230515,,2023,2023
00139834,LG씨엔에스,064400,Y,사업보고서 (2022.12),20230331004072,LG씨엔에스,20230331,연,2023,2023
00139834,LG씨엔에스,064400,Y,분기보고서 (2024.09),20241114001850,LG씨엔에스,20241114,,2024,2024
00139834,LG씨엔에스,064400,Y,반기보고서 (2024.06),20240814003849,LG씨엔에스,20240814,,2024,2024
00139834,LG씨엔에스,064400,Y,분기보고서 (2024.03),20240516001636,LG씨엔에스,20240516,,2024,2024
00139834,LG씨엔에스,064400,Y,사업보고서 (2023.12),20240401003467,LG씨엔에스,20240401,연,2024,2024
01867758,한화비전,489790,Y,분기보고서 (2024.09),20241114002106,한화비전,20241114,,2024,2024
00372129,전진건설로봇,079900,Y,분기보고서 (2024.09),20241114001484,전진건설로봇,20241114,,2024,2024
00366438,산일전기,062040,Y,분기보고서 (2024.09),20241114002566,산일전기,20241114,,2024,2024
01384787,시프트업,462870,Y,분기보고서 (2024.09),20241113000775,시프트업,20241113,,2024,2024
00171265,파라다이스,034230,Y,분기보고서 (2018.09),20181114000962,파라다이스,20181114,,2018,2018
00171265,파라다이스,034230,Y,반기보고서 (2018.06),20180814002897,파라다이스,20180814,,2018,2018
00171265,파라다이스,034230,Y,분기보고서 (2018.03),20180515001854,파라다이스,20180515,,2018,2018
00171265,파라다이스,034230,Y,사업보고서 (2017.12),20180330001165,파라다이스,20180330,연,2018,2018
00171265,파라다이스,034230,Y,분기보고서 (2019.09),20191114001427,파라다이스,20191114,,2019,2019
00171265,파라다이스,034230,Y,반기보고서 (2019.06),20190814002146,파라다이스,20190814,,2019,2019
00171265,파라다이스,034230,Y,분기보고서 (2019.03),20190515002661,파라다이스,20190515,,2019,2019
00171265,파라다이스,034230,Y,사업보고서 (2018.12),20190329004010,파라다이스,20190329,연,2019,2019
00171265,파라다이스,034230,Y,분기보고서 (2020.09),20201116002117,파라다이스,20201116,,2020,2020
00171265,파라다이스,034230,Y,반기보고서 (2020.06),20200814002142,파라다이스,20200814,,2020,2020
00171265,파라다이스,034230,Y,분기보고서 (2020.03),20200515001521,파라다이스,20200515,,2020,2020
00171265,파라다이스,034230,Y,사업보고서 (2019.12),20200330001372,파라다이스,20200330,연,2020,2020
00171265,파라다이스,034230,Y,분기보고서 (2021.09),20211115002418,파라다이스,20211115,,2021,2021
00171265,파라다이스,034230,Y,반기보고서 (2021.06),20210817002200,파라다이스,20210817,,2021,2021
00171265,파라다이스,034230,Y,[기재정정]분기보고서 (2021.03),20210531002357,파라다이스,20210531,,2021,2021
00171265,파라다이스,034230,Y,분기보고서 (2021.03),20210517002081,파라다이스,20210517,정,2021,2021
00171265,파라다이스,034230,Y,[기재정정]사업보고서 (2020.12),20210419000082,파라다이스,20210419,연,2021,2021
00171265,파라다이스,034230,Y,사업보고서 (2020.12),20210318001359,파라다이스,20210318,정연,2021,2021
00171265,파라다이스,034230,Y,분기보고서 (2022.09),20221114000818,파라다이스,20221114,,2022,2022
00171265,파라다이스,034230,Y,반기보고서 (2022.06),20220816001307,파라다이스,20220816,,2022,2022
00171265,파라다이스,034230,Y,분기보고서 (2022.03),20220516001690,파라다이스,20220516,,2022,2022
00171265,파라다이스,034230,Y,사업보고서 (2021.12),20220317001345,파라다이스,20220317,연,2022,2022
00171265,파라다이스,034230,Y,분기보고서 (2023.09),20231114000764,파라다이스,20231114,,2023,2023
00171265,파라다이스,034230,Y,반기보고서 (2023.06),20230814000567,파라다이스,20230814,,2023,2023
00171265,파라다이스,034230,Y,분기보고서 (2023.03),20230515000879,파라다이스,20230515,,2023,2023
00171265,파라다이스,034230,Y,사업보고서 (2022.12),20230316001131,파라다이스,20230316,연,2023,2023
00171265,파라다이스,034230,Y,분기보고서 (2024.09),20241114001521,파라다이스,20241114,,2024,2024
00171265,파라다이스,034230,Y,반기보고서 (2024.06),20240814003760,파라다이스,20240814,,2024,2024
00171265,파라다이스,034230,Y,분기보고서 (2024.03),20240514001129,파라다이스,20240514,,2024,2024
00171265,파라다이스,034230,Y,사업보고서 (2023.12),20240314000746,파라다이스,20240314,연,2024,2024
01194689,HD현대마린솔루션,443060,Y,분기보고서 (2024.09),20241114001662,HD현대마린솔루션,20241114,,2024,2024
01194689,HD현대마린솔루션,443060,Y,[기재정정]반기보고서 (2024.06),20240814003800,HD현대마린솔루션,20240814,,2024,2024
01194689,HD현대마린솔루션,443060,Y,반기보고서 (2024.06),20240813001613,HD현대마린솔루션,20240813,정,2024,2024
01817081,SK이터닉스,475150,Y,분기보고서 (2024.09),20241114001767,SK이터닉스,20241114,,2024,2024
01817081,SK이터닉스,475150,Y,반기보고서 (2024.06),20240814002548,SK이터닉스,20240814,,2024,2024
01817081,SK이터닉스,475150,Y,분기보고서 (2024.03),20240516001290,SK이터닉스,20240516,,2024,2024
01190568,에이피알,278470,Y,분기보고서 (2018.09),20181114002822,에이피알,20181114,정,2018,2018
01190568,에이피알,278470,Y,[기재정정]반기보고서 (2018.06),20180821000238,에이피알,20180821,정,2018,2018
01190568,에이피알,278470,Y,반기보고서 (2018.06),20180814002134,에이피알,20180814,정,2018,2018
01190568,에이피알,278470,Y,[기재정정]분기보고서 (2018.03),20180528000268,에이피알,20180528,정,2018,2018
01190568,에이피알,278470,Y,[기재정정]사업보고서 (2017.12),20180528000239,에이피알,20180528,정,2018,2018
01190568,에이피알,278470,Y,분기보고서 (2018.03),20180521000085,에이피알,20180521,정,2018,2018
01190568,에이피알,278470,Y,[기재정정]사업보고서 (2017.12),20180417000178,에이피알,20180417,정,2018,2018
01190568,에이피알,278470,Y,사업보고서 (2017.12),20180416000361,에이피알,20180416,정,2018,2018
01190568,에이피알,278470,Y,분기보고서 (2019.09),20191114002234,에이피알,20191114,정,2019,2019
01190568,에이피알,278470,Y,[기재정정]반기보고서 (2019.06),20191114002173,에이피알,20191114,정,2019,2019
01190568,에이피알,278470,Y,[기재정정]분기보고서 (2019.03),20191114002151,에이피알,20191114,정,2019,2019
01190568,에이피알,278470,Y,[기재정정]사업보고서 (2018.12),20191114002071,에이피알,20191114,정,2019,2019
01190568,에이피알,278470,Y,[기재정정]분기보고서 (2018.09),20191114002021,에이피알,20191114,정,2019,2019
01190568,에이피알,278470,Y,[기재정정]반기보고서 (2018.06),20191114001967,에이피알,20191114,정,2019,2019
01190568,에이피알,278470,Y,[기재정정]분기보고서 (2018.03),20191114001837,에이피알,20191114,정,2019,2019
01190568,에이피알,278470,Y,[기재정정]사업보고서 (2017.12),20191114001781,에이피알,20191114,정,2019,2019
01190568,에이피알,278470,Y,반기보고서 (2019.06),20190814002791,에이피알,20190814,정,2019,2019
01190568,에이피알,278470,Y,[기재정정]분기보고서 (2019.03),20190528000213,에이피알,20190528,정,2019,2019
01190568,에이피알,278470,Y,[기재정정]사업보고서 (2018.12),20190528000207,에이피알,20190528,정,2019,2019
01190568,에이피알,278470,Y,분기보고서 (2019.03),20190515000601,에이피알,20190515,정,2019,2019
01190568,에이피알,278470,Y,사업보고서 (2018.12),20190401003737,에이피알,20190401,정,2019,2019
01190568,에이피알,278470,Y,분기보고서 (2020.09),20201116000737,에이피알,20201116,,2020,2020
01190568,에이피알,278470,Y,[기재정정]반기보고서 (2020.06),20200924000303,에이피알,20200924,,2020,2020
01190568,에이피알,278470,Y,[기재정정]분기보고서 (2020.03),20200924000299,에이피알,20200924,,2020,2020
01190568,에이피알,278470,Y,[기재정정]사업보고서 (2019.12),20200924000296,에이피알,20200924,연,2020,2020
01190568,에이피알,278470,Y,[기재정정]분기보고서 (2019.09),20200924000294,에이피알,20200924,,2020,2020
01190568,에이피알,278470,Y,[기재정정]반기보고서 (2019.06),20200924000290,에이피알,20200924,,2020,2020
01190568,에이피알,278470,Y,[기재정정]분기보고서 (2019.03),20200924000289,에이피알,20200924,,2020,2020
01190568,에이피알,278470,Y,[기재정정]사업보고서 (2018.12),20200924000286,에이피알,20200924,,2020,2020
01190568,에이피알,278470,Y,[기재정정]분기보고서 (2018.09),20200924000284,에이피알,20200924,,2020,2020
01190568,에이피알,278470,Y,[기재정정]반기보고서 (2018.06),20200924000282,에이피알,20200924,,2020,2020
01190568,에이피알,278470,Y,[기재정정]분기보고서 (2018.03),20200924000279,에이피알,20200924,,2020,2020
01190568,에이피알,278470,Y,[기재정정]사업보고서 (2017.12),20200924000275,에이피알,20200924,,2020,2020
01190568,에이피알,278470,Y,반기보고서 (2020.06),20200814001744,에이피알,20200814,정,2020,2020
01190568,에이피알,278470,Y,[기재정정]사업보고서 (2019.12),20200814001681,에이피알,20200814,정연,2020,2020
01190568,에이피알,278470,Y,[기재정정]사업보고서 (2018.12),20200814001663,에이피알,20200814,정,2020,2020
01190568,에이피알,278470,Y,분기보고서 (2020.03),20200515001006,에이피알,20200515,정,2020,2020
01190568,에이피알,278470,Y,사업보고서 (2019.12),20200513000126,에이피알,20200513,정연,2020,2020
01190568,에이피알,278470,Y,[기재정정]분기보고서 (2021.09),20211117000105,에이피알,20211117,,2021,2021
01190568,에이피알,278470,Y,분기보고서 (2021.09),20211112000347,에이피알,20211112,정,2021,2021
01190568,에이피알,278470,Y,반기보고서 (2021.06),20210817000445,에이피알,20210817,,2021,2021
01190568,에이피알,278470,Y,분기보고서 (2021.03),20210517000110,에이피알,20210517,,2021,2021
01190568,에이피알,278470,Y,사업보고서 (2020.12),20210331000895,에이피알,20210331,연,2021,2021
01190568,에이피알,278470,Y,분기보고서 (2022.09),20221114000470,에이피알,20221114,,2022,2022
01190568,에이피알,278470,Y,[기재정정]반기보고서 (2022.06),20220817000173,에이피알,20220817,,2022,2022
01190568,에이피알,278470,Y,반기보고서 (2022.06),20220816001642,에이피알,20220816,정,2022,2022
01190568,에이피알,278470,Y,분기보고서 (2022.03),20220516002594,에이피알,20220516,,2022,2022
01190568,에이피알,278470,Y,사업보고서 (2021.12),20220331002148,에이피알,20220331,연,2022,2022
01190568,에이피알,278470,Y,분기보고서 (2023.09),20231114001221,에이피알,20231114,,2023,2023
01190568,에이피알,278470,Y,반기보고서 (2023.06),20230814002584,에이피알,20230814,,2023,2023
01190568,에이피알,278470,Y,분기보고서 (2023.03),20230515000887,에이피알,20230515,,2023,2023
01190568,에이피알,278470,Y,사업보고서 (2022.12),20230329001036,에이피알,20230329,연,2023,2023
01190568,에이피알,278470,Y,분기보고서 (2024.09),20241114002863,에이피알,20241114,,2024,2024
01190568,에이피알,278470,Y,반기보고서 (2024.06),20240814001778,에이피알,20240814,,2024,2024
01190568,에이피알,278470,Y,분기보고서 (2024.03),20240514001525,에이피알,20240514,,2024,2024
01190568,에이피알,278470,Y,사업보고서 (2023.12),20240321000964,에이피알,20240321,연,2024,2024
00398701,엘앤에프,066970,Y,분기보고서 (2018.09),20181114000168,엘앤에프,20181114,,2018,2018
00398701,엘앤에프,066970,Y,반기보고서 (2018.06),20180810000263,엘앤에프,20180810,,2018,2018
00398701,엘앤에프,066970,Y,분기보고서 (2018.03),20180511002409,엘앤에프,20180511,,2018,2018
00398701,엘앤에프,066970,Y,사업보고서 (2017.12),20180329001105,엘앤에프,20180329,연,2018,2018
00398701,엘앤에프,066970,Y,분기보고서 (2019.09),20191113000408,엘앤에프,20191113,,2019,2019
00398701,엘앤에프,066970,Y,반기보고서 (2019.06),20190809000404,엘앤에프,20190809,,2019,2019
00398701,엘앤에프,066970,Y,분기보고서 (2019.03),20190509000394,엘앤에프,20190509,,2019,2019
00398701,엘앤에프,066970,Y,사업보고서 (2018.12),20190329003209,엘앤에프,20190329,연,2019,2019
00398701,엘앤에프,066970,Y,분기보고서 (2020.09),20201113000882,엘앤에프,20201113,,2020,2020
00398701,엘앤에프,066970,Y,반기보고서 (2020.06),20200814002200,엘앤에프,20200814,,2020,2020
00398701,엘앤에프,066970,Y,분기보고서 (2020.03),20200511000115,엘앤에프,20200511,,2020,2020
00398701,엘앤에프,066970,Y,사업보고서 (2019.12),20200326000817,엘앤에프,20200326,연,2020,2020
00398701,엘앤에프,066970,Y,분기보고서 (2021.09),20211112000082,엘앤에프,20211112,,2021,2021
00398701,엘앤에프,066970,Y,반기보고서 (2021.06),20210813001164,엘앤에프,20210813,,2021,2021
00398701,엘앤에프,066970,Y,분기보고서 (2021.03),20210514001479,엘앤에프,20210514,,2021,2021
00398701,엘앤에프,066970,Y,사업보고서 (2020.12),20210309000400,엘앤에프,20210309,연,2021,2021
00398701,엘앤에프,066970,Y,분기보고서 (2022.09),20221109000072,엘앤에프,20221109,,2022,2022
00398701,엘앤에프,066970,Y,반기보고서 (2022.06),20220816000384,엘앤에프,20220816,,2022,2022
00398701,엘앤에프,066970,Y,분기보고서 (2022.03),20220516000052,엘앤에프,20220516,,2022,2022
00398701,엘앤에프,066970,Y,사업보고서 (2021.12),20220315000434,엘앤에프,20220315,연,2022,2022
00398701,엘앤에프,066970,Y,분기보고서 (2023.09),20231113000680,엘앤에프,20231113,,2023,2023
00398701,엘앤에프,066970,Y,[기재정정]사업보고서 (2022.12),20230828000596,엘앤에프,20230828,연,2023,2023
00398701,엘앤에프,066970,Y,반기보고서 (2023.06),20230811002052,엘앤에프,20230811,,2023,2023
00398701,엘앤에프,066970,Y,[기재정정]분기보고서 (2023.03),20230511000215,엘앤에프,20230511,,2023,2023
00398701,엘앤에프,066970,Y,분기보고서 (2023.03),20230510000306,엘앤에프,20230510,정,2023,2023
00398701,엘앤에프,066970,Y,사업보고서 (2022.12),20230314001151,엘앤에프,20230314,정연,2023,2023
00398701,엘앤에프,066970,Y,분기보고서 (2024.09),20241114001431,엘앤에프,20241114,,2024,2024
00398701,엘앤에프,066970,Y,반기보고서 (2024.06),20240814003843,엘앤에프,20240814,,2024,2024
00398701,엘앤에프,066970,Y,분기보고서 (2024.03),20240516001141,엘앤에프,20240516,,2024,2024
00398701,엘앤에프,066970,Y,[기재정정]사업보고서 (2023.12),20240328001260,엘앤에프,20240328,연,2024,2024
00398701,엘앤에프,066970,Y,사업보고서 (2023.12),20240312000986,엘앤에프,20240312,정연,2024,2024
00155212,포스코DX,022100,Y,[기재정정]분기보고서 (2018.09),20181114001520,포스코DX,20181114,,2018,2018
00155212,포스코DX,022100,Y,분기보고서 (2018.09),20181114000785,포스코DX,20181114,정,2018,2018
00155212,포스코DX,022100,Y,반기보고서 (2018.06),20180814000594,포스코DX,20180814,,2018,2018
00155212,포스코DX,022100,Y,[기재정정]사업보고서 (2017.12),20180622000112,포스코DX,20180622,연,2018,2018
00155212,포스코DX,022100,Y,분기보고서 (2018.03),20180514003288,포스코DX,20180514,,2018,2018
00155212,포스코DX,022100,Y,사업보고서 (2017.12),20180329000873,포스코DX,20180329,정연,2018,2018
00155212,포스코DX,022100,Y,분기보고서 (2019.09),20191114000966,포스코DX,20191114,,2019,2019
00155212,포스코DX,022100,Y,반기보고서 (2019.06),20190814002095,포스코DX,20190814,,2019,2019
00155212,포스코DX,022100,Y,분기보고서 (2019.03),20190515000903,포스코DX,20190515,,2019,2019
00155212,포스코DX,022100,Y,사업보고서 (2018.12),20190329003165,포스코DX,20190329,연,2019,2019
00155212,포스코DX,022100,Y,분기보고서 (2020.09),20201113001162,포스코DX,20201113,,2020,2020
00155212,포스코DX,022100,Y,반기보고서 (2020.06),20200813000330,포스코DX,20200813,,2020,2020
00155212,포스코DX,022100,Y,[기재정정]분기보고서 (2020.03),20200518000187,포스코DX,20200518,,2020,2020
00155212,포스코DX,022100,Y,분기보고서 (2020.03),20200514001141,포스코DX,20200514,정,2020,2020
00155212,포스코DX,022100,Y,사업보고서 (2019.12),20200325000784,포스코DX,20200325,연,2020,2020
00155212,포스코DX,022100,Y,[기재정정]분기보고서 (2021.09),20211207000324,포스코DX,20211207,,2021,2021
00155212,포스코DX,022100,Y,분기보고서 (2021.09),20211115002126,포스코DX,20211115,정,2021,2021
00155212,포스코DX,022100,Y,반기보고서 (2021.06),20210813001034,포스코DX,20210813,,2021,2021
00155212,포스코DX,022100,Y,분기보고서 (2021.03),20210514001026,포스코DX,20210514,,2021,2021
00155212,포스코DX,022100,Y,사업보고서 (2020.12),20210305000693,포스코DX,20210305,연,2021,2021
00155212,포스코DX,022100,Y,분기보고서 (2022.09),20221111000468,포스코DX,20221111,,2022,2022
00155212,포스코DX,022100,Y,반기보고서 (2022.06),20220812000385,포스코DX,20220812,,2022,2022
00155212,포스코DX,022100,Y,분기보고서 (2022.03),20220513001030,포스코DX,20220513,,2022,2022
00155212,포스코DX,022100,Y,[기재정정]사업보고서 (2021.12),20220504000292,포스코DX,20220504,연,2022,2022
00155212,포스코DX,022100,Y,사업보고서 (2021.12),20220311000948,포스코DX,20220311,정연,2022,2022
00155212,포스코DX,022100,Y,분기보고서 (2023.09),20231114001646,포스코DX,20231114,,2023,2023
00155212,포스코DX,022100,Y,[기재정정]반기보고서 (2023.06),20230921000141,포스코DX,20230921,,2023,2023
00155212,포스코DX,022100,Y,[기재정정]분기보고서 (2023.03),20230921000138,포스코DX,20230921,,2023,2023
00155212,포스코DX,022100,Y,[기재정정]반기보고서 (2023.06),20230831000755,포스코DX,20230831,정,2023,2023
00155212,포스코DX,022100,Y,[기재정정]분기보고서 (2023.03),20230831000743,포스코DX,20230831,정,2023,2023
00155212,포스코DX,022100,Y,반기보고서 (2023.06),20230814002111,포스코DX,20230814,정,2023,2023
00155212,포스코DX,022100,Y,분기보고서 (2023.03),20230515000277,포스코DX,20230515,정,2023,2023
00155212,포스코DX,022100,Y,사업보고서 (2022.12),20230310000806,포스코DX,20230310,연,2023,2023
00155212,포스코DX,022100,Y,분기보고서 (2024.09),20241114000644,포스코DX,20241114,,2024,2024
00155212,포스코DX,022100,Y,반기보고서 (2024.06),20240814002100,포스코DX,20240814,,2024,2024
00155212,포스코DX,022100,Y,[기재정정]사업보고서 (2023.12),20240618000197,포스코DX,20240618,연,2024,2024
00155212,포스코DX,022100,Y,[기재정정]분기보고서 (2024.03),20240516001435,포스코DX,20240516,,2024,2024
00155212,포스코DX,022100,Y,분기보고서 (2024.03),20240516000118,포스코DX,20240516,정,2024,2024
00155212,포스코DX,022100,Y,[기재정정]사업보고서 (2023.12),20240313001522,포스코DX,20240313,정연,2024,2024
00155212,포스코DX,022100,Y,사업보고서 (2023.12),20240313000904,포스코DX,20240313,정연,2024,2024
00108612,DS단석,017860,Y,분기보고서 (2024.09),20241114000703,DS단석,20241114,,2024,2024
00108612,DS단석,017860,Y,반기보고서 (2024.06),20240814001305,DS단석,20240814,,2024,2024
00108612,DS단석,017860,Y,분기보고서 (2024.03),20240516000387,DS단석,20240516,,2024,2024
00108612,DS단석,017860,Y,사업보고서 (2023.12),20240320000618,DS단석,20240320,연,2024,2024
00367710,동인기연,111380,Y,분기보고서 (2024.09),20241113000769,동인기연,20241113,,2024,2024
00367710,동인기연,111380,Y,반기보고서 (2024.06),20240814000939,동인기연,20240814,,2024,2024
00367710,동인기연,111380,Y,[기재정정]분기보고서 (2024.03),20240514001708,동인기연,20240516,,2024,2024
00367710,동인기연,111380,Y,분기보고서 (2024.03),20240514001674,동인기연,20240514,정,2024,2024
00367710,동인기연,111380,Y,사업보고서 (2023.12),20240321000011,동인기연,20240321,연,2024,2024
01311408,에코프로머티,450080,Y,분기보고서 (2023.09),20231114001664,에코프로머티,20231114,,2023,2023
01311408,에코프로머티,450080,Y,반기보고서 (2023.06),20230814002576,에코프로머티,20230814,,2023,2023
01311408,에코프로머티,450080,Y,[기재정정]분기보고서 (2023.03),20230731000396,에코프로머티,20230731,,2023,2023
01311408,에코프로머티,450080,Y,분기보고서 (2023.03),20230515001245,에코프로머티,20230515,정,2023,2023
01311408,에코프로머티,450080,Y,사업보고서 (2022.12),20230321001386,에코프로머티,20230321,,2023,2023
01311408,에코프로머티,450080,Y,분기보고서 (2024.09),20241114002112,에코프로머티,20241114,정,2024,2024
01311408,에코프로머티,450080,Y,반기보고서 (2024.06),20240814001351,에코프로머티,20240814,정,2024,2024
01311408,에코프로머티,450080,Y,분기보고서 (2024.03),20240514001494,에코프로머티,20240514,,2024,2024
01311408,에코프로머티,450080,Y,[기재정정]사업보고서 (2023.12),20240417000528,에코프로머티,20240417,,2024,2024
01311408,에코프로머티,450080,Y,사업보고서 (2023.12),20240319000789,에코프로머티,20240319,정,2024,2024
01105153,두산로보틱스,454910,Y,분기보고서 (2023.09),20231127000406,두산로보틱스,20231127,,2023,2023
01105153,두산로보틱스,454910,Y,분기보고서 (2024.09),20241112000379,두산로보틱스,20241112,,2024,2024
01105153,두산로보틱스,454910,Y,반기보고서 (2024.06),20240814004448,두산로보틱스,20240814,,2024,2024
01105153,두산로보틱스,454910,Y,분기보고서 (2024.03),20240530001277,두산로보틱스,20240530,,2024,2024
01105153,두산로보틱스,454910,Y,사업보고서 (2023.12),20240320001860,두산로보틱스,20240320,연,2024,2024
01784394,STX그린로지스,465770,Y,[기재정정]분기보고서 (2023.09),20231115000113,STX그린로지스,20231115,정,2023,2023
01784394,STX그린로지스,465770,Y,분기보고서 (2023.09),20231114001578,STX그린로지스,20231114,정,2023,2023
01784394,STX그린로지스,465770,Y,분기보고서 (2024.09),20241114002543,STX그린로지스,20241114,,2024,2024
01784394,STX그린로지스,465770,Y,반기보고서 (2024.06),20240814004315,STX그린로지스,20240814,,2024,2024
01784394,STX그린로지스,465770,Y,분기보고서 (2024.03),20240516001659,STX그린로지스,20240516,,2024,2024
01784394,STX그린로지스,465770,Y,사업보고서 (2023.12),20240321001878,STX그린로지스,20240321,연,2024,2024
01784394,STX그린로지스,465770,Y,[기재정정]분기보고서 (2023.09),20240220001620,STX그린로지스,20240220,,2024,2024
00220613,넥스틸,092790,Y,분기보고서 (2023.09),20231123000335,넥스틸,20231123,,2023,2023
00220613,넥스틸,092790,Y,분기보고서 (2024.09),20241128001094,넥스틸,20241128,,2024,2024
00220613,넥스틸,092790,Y,반기보고서 (2024.06),20240828000976,넥스틸,20240828,,2024,2024
00220613,넥스틸,092790,Y,[기재정정]분기보고서 (2024.03),20240529000375,넥스틸,20240529,,2024,2024
00220613,넥스틸,092790,Y,분기보고서 (2024.03),20240528000367,넥스틸,20240528,정,2024,2024
00220613,넥스틸,092790,Y,사업보고서 (2023.12),20240321001898,넥스틸,20240321,연,2024,2024
00158325,NICE평가정보,030190,Y,분기보고서 (2018.09),20181114000938,NICE평가정보,20181114,,2018,2018
00158325,NICE평가정보,030190,Y,반기보고서 (2018.06),20180814000662,NICE평가정보,20180814,,2018,2018
00158325,NICE평가정보,030190,Y,분기보고서 (2018.03),20180515002311,NICE평가정보,20180515,,2018,2018
00158325,NICE평가정보,030190,Y,사업보고서 (2017.12),20180330000091,NICE평가정보,20180330,연,2018,2018
00158325,NICE평가정보,030190,Y,분기보고서 (2019.09),20191114000568,NICE평가정보,20191114,,2019,2019
00158325,NICE평가정보,030190,Y,반기보고서 (2019.06),20190814001193,NICE평가정보,20190814,,2019,2019
00158325,NICE평가정보,030190,Y,[첨부추가]분기보고서 (2019.03),20190515000799,NICE평가정보,20190515,,2019,2019
00158325,NICE평가정보,030190,Y,사업보고서 (2018.12),20190329002018,NICE평가정보,20190329,연,2019,2019
00158325,NICE평가정보,030190,Y,분기보고서 (2020.09),20201116000490,NICE평가정보,20201116,,2020,2020
00158325,NICE평가정보,030190,Y,반기보고서 (2020.06),20200814000796,NICE평가정보,20200814,,2020,2020
00158325,NICE평가정보,030190,Y,분기보고서 (2020.03),20200515000742,NICE평가정보,20200515,,2020,2020
00158325,NICE평가정보,030190,Y,사업보고서 (2019.12),20200330001709,NICE평가정보,20200330,연,2020,2020
00158325,NICE평가정보,030190,Y,분기보고서 (2021.09),20211115000575,NICE평가정보,20211115,,2021,2021
00158325,NICE평가정보,030190,Y,반기보고서 (2021.06),20210817000283,NICE평가정보,20210817,,2021,2021
00158325,NICE평가정보,030190,Y,분기보고서 (2021.03),20210517000613,NICE평가정보,20210517,,2021,2021
00158325,NICE평가정보,030190,Y,사업보고서 (2020.12),20210317000949,NICE평가정보,20210317,연,2021,2021
00158325,NICE평가정보,030190,Y,분기보고서 (2022.09),20221114002586,NICE평가정보,20221114,,2022,2022
00158325,NICE평가정보,030190,Y,반기보고서 (2022.06),20220816000647,NICE평가정보,20220816,,2022,2022
00158325,NICE평가정보,030190,Y,분기보고서 (2022.03),20220516000508,NICE평가정보,20220516,,2022,2022
00158325,NICE평가정보,030190,Y,사업보고서 (2021.12),20220318000520,NICE평가정보,20220318,연,2022,2022
00158325,NICE평가정보,030190,Y,분기보고서 (2023.09),20231114001262,NICE평가정보,20231114,,2023,2023
00158325,NICE평가정보,030190,Y,반기보고서 (2023.06),20230814001475,NICE평가정보,20230814,,2023,2023
00158325,NICE평가정보,030190,Y,분기보고서 (2023.03),20230515001000,NICE평가정보,20230515,,2023,2023
00158325,NICE평가정보,030190,Y,사업보고서 (2022.12),20230317000824,NICE평가정보,20230317,연,2023,2023
00158325,NICE평가정보,030190,Y,분기보고서 (2024.09),20241114002228,NICE평가정보,20241114,,2024,2024
00158325,NICE평가정보,030190,Y,반기보고서 (2024.06),20240814003857,NICE평가정보,20240814,,2024,2024
00158325,NICE평가정보,030190,Y,분기보고서 (2024.03),20240516002220,NICE평가정보,20240516,,2024,2024
00158325,NICE평가정보,030190,Y,사업보고서 (2023.12),20240319000797,NICE평가정보,20240319,연,2024,2024
01770203,조선내화,462520,Y,분기보고서 (2023.09),20231114002632,조선내화,20231114,,2023,2023
01770203,조선내화,462520,Y,분기보고서 (2024.09),20241113000470,조선내화,20241113,,2024,2024
01770203,조선내화,462520,Y,반기보고서 (2024.06),20240813001284,조선내화,20240813,,2024,2024
01770203,조선내화,462520,Y,[기재정정]분기보고서 (2024.03),20240514001277,조선내화,20240514,,2024,2024
01770203,조선내화,462520,Y,분기보고서 (2024.03),20240514000565,조선내화,20240514,정,2024,2024
01770203,조선내화,462520,Y,[기재정정]사업보고서 (2023.12),20240315000658,조선내화,20240315,연,2024,2024
01770203,조선내화,462520,Y,사업보고서 (2023.12),20240313001572,조선내화,20240313,정연,2024,2024
00447609,비에이치,090460,Y,분기보고서 (2018.09),20181114001001,비에이치,20181114,,2018,2018
00447609,비에이치,090460,Y,반기보고서 (2018.06),20180814002179,비에이치,20180814,,2018,2018
00447609,비에이치,090460,Y,[첨부추가]사업보고서 (2017.12),20180402002293,비에이치,20180402,정연,2018,2018
00447609,비에이치,090460,Y,분기보고서 (2018.03),20180515000808,비에이치,20180515,,2018,2018
00447609,비에이치,090460,Y,[기재정정]사업보고서 (2017.12),20180511003145,비에이치,20180511,연,2018,2018
00447609,비에이치,090460,Y,[기재정정]사업보고서 (2017.12),20180511002642,비에이치,20180511,정연,2018,2018
00447609,비에이치,090460,Y,분기보고서 (2019.09),20191114000844,비에이치,20191114,,2019,2019
00447609,비에이치,090460,Y,[기재정정]분기보고서 (2019.03),20190821000012,비에이치,20190821,,2019,2019
00447609,비에이치,090460,Y,반기보고서 (2019.06),20190814002906,비에이치,20190814,,2019,2019
00447609,비에이치,090460,Y,[기재정정]사업보고서 (2018.12),20190620000077,비에이치,20190620,연,2019,2019
00447609,비에이치,090460,Y,분기보고서 (2019.03),20190515000715,비에이치,20190515,정,2019,2019
00447609,비에이치,090460,Y,사업보고서 (2018.12),20190401003831,비에이치,20190401,정연,2019,2019
00447609,비에이치,090460,Y,분기보고서 (2020.09),20201116000180,비에이치,20201116,,2020,2020
00447609,비에이치,090460,Y,반기보고서 (2020.06),20200814001732,비에이치,20200814,,2020,2020
00447609,비에이치,090460,Y,분기보고서 (2020.03),20200515000223,비에이치,20200515,,2020,2020
00447609,비에이치,090460,Y,사업보고서 (2019.12),20200330000561,비에이치,20200330,연,2020,2020
00447609,비에이치,090460,Y,분기보고서 (2021.09),20211115000071,비에이치,20211115,,2021,2021
00447609,비에이치,090460,Y,반기보고서 (2021.06),20210817000198,비에이치,20210817,,2021,2021
00447609,비에이치,090460,Y,분기보고서 (2021.03),20210517000161,비에이치,20210517,,2021,2021
00447609,비에이치,090460,Y,[기재정정]사업보고서 (2020.12),20210331002350,비에이치,20210331,연,2021,2021
00447609,비에이치,090460,Y,[기재정정]사업보고서 (2020.12),20210322000225,비에이치,20210322,정연,2021,2021
00447609,비에이치,090460,Y,사업보고서 (2020.12),20210318001181,비에이치,20210318,정연,2021,2021
00447609,비에이치,090460,Y,분기보고서 (2022.09),20221114000278,비에이치,20221114,,2022,2022
00447609,비에이치,090460,Y,반기보고서 (2022.06),20220816000270,비에이치,20220816,,2022,2022
00447609,비에이치,090460,Y,분기보고서 (2022.03),20220516000341,비에이치,20220516,,2022,2022
00447609,비에이치,090460,Y,사업보고서 (2021.12),20220317000686,비에이치,20220317,연,2022,2022
00447609,비에이치,090460,Y,분기보고서 (2023.09),20231114001137,비에이치,20231114,,2023,2023
00447609,비에이치,090460,Y,반기보고서 (2023.06),20230814001354,비에이치,20230814,,2023,2023
00447609,비에이치,090460,Y,분기보고서 (2023.03),20230515001378,비에이치,20230515,,2023,2023
00447609,비에이치,090460,Y,사업보고서 (2022.12),20230323000767,비에이치,20230323,연,2023,2023
00447609,비에이치,090460,Y,분기보고서 (2024.09),20241114000751,비에이치,20241114,,2024,2024
00447609,비에이치,090460,Y,반기보고서 (2024.06),20240814002666,비에이치,20240814,,2024,2024
00447609,비에이치,090460,Y,분기보고서 (2024.03),20240516000249,비에이치,20240516,,2024,2024
00447609,비에이치,090460,Y,사업보고서 (2023.12),20240321001824,비에이치,20240321,연,2024,2024
01765256,동국씨엠,460850,Y,분기보고서 (2023.09),20231114000582,동국씨엠,20231114,,2023,2023
01765256,동국씨엠,460850,Y,반기보고서 (2023.06),20230811000937,동국씨엠,20230811,,2023,2023
01765256,동국씨엠,460850,Y,분기보고서 (2024.09),20241113000348,동국씨엠,20241113,,2024,2024
01765256,동국씨엠,460850,Y,반기보고서 (2024.06),20240814001198,동국씨엠,20240814,,2024,2024
01765256,동국씨엠,460850,Y,분기보고서 (2024.03),20240514000564,동국씨엠,20240514,,2024,2024
01765256,동국씨엠,460850,Y,사업보고서 (2023.12),20240313000637,동국씨엠,20240313,,2024,2024
01765265,동국제강,460860,Y,분기보고서 (2023.09),20231114000469,동국제강,20231114,,2023,2023
01765265,동국제강,460860,Y,반기보고서 (2023.06),20230811000902,동국제강,20230811,,2023,2023
01765265,동국제강,460860,Y,분기보고서 (2024.09),20241114001144,동국제강,20241114,,2024,2024
01765265,동국제강,460860,Y,반기보고서 (2024.06),20240814001519,동국제강,20240814,,2024,2024
01765265,동국제강,460860,Y,[기재정정]분기보고서 (2024.03),20240514001591,동국제강,20240514,,2024,2024
01765265,동국제강,460860,Y,[기재정정]분기보고서 (2024.03),20240514001563,동국제강,20240514,정,2024,2024
01765265,동국제강,460860,Y,분기보고서 (2024.03),20240514000641,동국제강,20240514,정,2024,2024
01765265,동국제강,460860,Y,사업보고서 (2023.12),20240312000543,동국제강,20240312,,2024,2024
01762569,이수스페셜티케미컬,457190,Y,분기보고서 (2023.09),20231114002962,이수스페셜티케미컬,20231114,,2023,2023
01762569,이수스페셜티케미컬,457190,Y,반기보고서 (2023.06),20230814003042,이수스페셜티케미컬,20230814,,2023,2023
01762569,이수스페셜티케미컬,457190,Y,분기보고서 (2024.09),20241114002323,이수스페셜티케미컬,20241114,,2024,2024
01762569,이수스페셜티케미컬,457190,Y,반기보고서 (2024.06),20240814004355,이수스페셜티케미컬,20240814,,2024,2024
01762569,이수스페셜티케미컬,457190,Y,분기보고서 (2024.03),20240516002309,이수스페셜티케미컬,20240516,,2024,2024
01762569,이수스페셜티케미컬,457190,Y,[기재정정]사업보고서 (2023.12),20240411004116,이수스페셜티케미컬,20240411,,2024,2024
01762569,이수스페셜티케미컬,457190,Y,사업보고서 (2023.12),20240321001821,이수스페셜티케미컬,20240321,정,2024,2024
01760738,OCI,456040,Y,분기보고서 (2023.09),20231113000643,OCI,20231113,,2023,2023
01760738,OCI,456040,Y,반기보고서 (2023.06),20230811000871,OCI,20230811,,2023,2023
01760738,OCI,456040,Y,분기보고서 (2024.09),20241113000330,OCI,20241113,,2024,2024
01760738,OCI,456040,Y,반기보고서 (2024.06),20240813001394,OCI,20240813,,2024,2024
01760738,OCI,456040,Y,분기보고서 (2024.03),20240514000618,OCI,20240514,,2024,2024
01760738,OCI,456040,Y,사업보고서 (2023.12),20240314000710,OCI,20240314,,2024,2024
00480367,SK오션플랜트,100090,Y,분기보고서 (2018.09),20181128000508,SK오션플랜트,20181128,,2018,2018
00480367,SK오션플랜트,100090,Y,반기보고서 (2018.06),20180824000293,SK오션플랜트,20180824,,2018,2018
00480367,SK오션플랜트,100090,Y,분기보고서 (2018.03),20180525000376,SK오션플랜트,20180525,,2018,2018
00480367,SK오션플랜트,100090,Y,[기재정정]사업보고서 (2017.12),20180330002750,SK오션플랜트,20180330,연,2018,2018
00480367,SK오션플랜트,100090,Y,사업보고서 (2017.12),20180330001434,SK오션플랜트,20180330,정연,2018,2018
00480367,SK오션플랜트,100090,Y,분기보고서 (2019.09),20191108000057,SK오션플랜트,20191108,,2019,2019
00480367,SK오션플랜트,100090,Y,반기보고서 (2019.06),20190814000059,SK오션플랜트,20190814,,2019,2019
00480367,SK오션플랜트,100090,Y,분기보고서 (2019.03),20190515000099,SK오션플랜트,20190515,,2019,2019
00480367,SK오션플랜트,100090,Y,사업보고서 (2018.12),20190329001733,SK오션플랜트,20190329,연,2019,2019
00480367,SK오션플랜트,100090,Y,분기보고서 (2020.09),20201113000264,SK오션플랜트,20201113,,2020,2020
00480367,SK오션플랜트,100090,Y,반기보고서 (2020.06),20200814000698,SK오션플랜트,20200814,,2020,2020
00480367,SK오션플랜트,100090,Y,분기보고서 (2020.03),20200512000379,SK오션플랜트,20200512,,2020,2020
00480367,SK오션플랜트,100090,Y,사업보고서 (2019.12),20200330003171,SK오션플랜트,20200330,연,2020,2020
00480367,SK오션플랜트,100090,Y,[기재정정]분기보고서 (2021.09),20211115002157,SK오션플랜트,20211115,,2021,2021
00480367,SK오션플랜트,100090,Y,분기보고서 (2021.09),20211115001305,SK오션플랜트,20211115,정,2021,2021
00480367,SK오션플랜트,100090,Y,반기보고서 (2021.06),20210817001392,SK오션플랜트,20210817,,2021,2021
00480367,SK오션플랜트,100090,Y,분기보고서 (2021.03),20210517000364,SK오션플랜트,20210517,,2021,2021
00480367,SK오션플랜트,100090,Y,사업보고서 (2020.12),20210318000211,SK오션플랜트,20210318,연,2021,2021
00480367,SK오션플랜트,100090,Y,분기보고서 (2022.09),20221114000400,SK오션플랜트,20221114,,2022,2022
00480367,SK오션플랜트,100090,Y,반기보고서 (2022.06),20220816000560,SK오션플랜트,20220816,,2022,2022
00480367,SK오션플랜트,100090,Y,분기보고서 (2022.03),20220516002149,SK오션플랜트,20220516,,2022,2022
00480367,SK오션플랜트,100090,Y,사업보고서 (2021.12),20220323001382,SK오션플랜트,20220323,연,2022,2022
00480367,SK오션플랜트,100090,Y,분기보고서 (2023.09),20231114001328,SK오션플랜트,20231114,,2023,2023
00480367,SK오션플랜트,100090,Y,[기재정정]사업보고서 (2022.12),20230831000707,SK오션플랜트,20230831,연,2023,2023
00480367,SK오션플랜트,100090,Y,반기보고서 (2023.06),20230814001885,SK오션플랜트,20230814,,2023,2023
00480367,SK오션플랜트,100090,Y,분기보고서 (2023.03),20230515002344,SK오션플랜트,20230515,,2023,2023
00480367,SK오션플랜트,100090,Y,사업보고서 (2022.12),20230321000779,SK오션플랜트,20230321,정연,2023,2023
00480367,SK오션플랜트,100090,Y,분기보고서 (2024.09),20241114000492,SK오션플랜트,20241114,,2024,2024
00480367,SK오션플랜트,100090,Y,반기보고서 (2024.06),20240814002323,SK오션플랜트,20240814,,2024,2024
00480367,SK오션플랜트,100090,Y,분기보고서 (2024.03),20240516001385,SK오션플랜트,20240516,,2024,2024
00480367,SK오션플랜트,100090,Y,사업보고서 (2023.12),20240320000346,SK오션플랜트,20240320,연,2024,2024
01721809,현대그린푸드,453340,Y,분기보고서 (2023.09),20231114002149,현대그린푸드,20231114,,2023,2023
01721809,현대그린푸드,453340,Y,반기보고서 (2023.06),20230814002044,현대그린푸드,20230814,,2023,2023
01721809,현대그린푸드,453340,Y,분기보고서 (2023.03),20230515002747,현대그린푸드,20230515,,2023,2023
01721809,현대그린푸드,453340,Y,분기보고서 (2024.09),20241114001501,현대그린푸드,20241114,,2024,2024
01721809,현대그린푸드,453340,Y,반기보고서 (2024.06),20240814002982,현대그린푸드,20240814,,2024,2024
01721809,현대그린푸드,453340,Y,분기보고서 (2024.03),20240516001363,현대그린푸드,20240516,,2024,2024
01721809,현대그린푸드,453340,Y,사업보고서 (2023.12),20240318000716,현대그린푸드,20240318,연,2024,2024
01722437,한화갤러리아,452260,Y,분기보고서 (2023.09),20231114002446,한화갤러리아,20231114,,2023,2023
01722437,한화갤러리아,452260,Y,반기보고서 (2023.06),20230811002164,한화갤러리아,20230811,,2023,2023
01722437,한화갤러리아,452260,Y,분기보고서 (2023.03),20230512001356,한화갤러리아,20230512,,2023,2023
01722437,한화갤러리아,452260,Y,분기보고서 (2024.09),20241113000688,한화갤러리아,20241113,,2024,2024
01722437,한화갤러리아,452260,Y,반기보고서 (2024.06),20240814004060,한화갤러리아,20240814,,2024,2024
01722437,한화갤러리아,452260,Y,분기보고서 (2024.03),20240514001478,한화갤러리아,20240514,,2024,2024
01722437,한화갤러리아,452260,Y,사업보고서 (2023.12),20240318000820,한화갤러리아,20240318,연,2024,2024
00622787,바이오노트,377740,Y,분기보고서 (2021.09),20211115001225,바이오노트,20211115,,2021,2021
00622787,바이오노트,377740,Y,반기보고서 (2021.06),20210817000668,바이오노트,20210817,,2021,2021
00622787,바이오노트,377740,Y,[기재정정]분기보고서 (2021.03),20210526000106,바이오노트,20210526,,2021,2021
00622787,바이오노트,377740,Y,분기보고서 (2021.03),20210517001715,바이오노트,20210517,정,2021,2021
00622787,바이오노트,377740,Y,[첨부추가]사업보고서 (2020.12),20210331003006,바이오노트,20210331,연,2021,2021
00622787,바이오노트,377740,Y,분기보고서 (2022.09),20221114001263,바이오노트,20221114,,2022,2022
00622787,바이오노트,377740,Y,반기보고서 (2022.06),20220816001310,바이오노트,20220816,,2022,2022
00622787,바이오노트,377740,Y,분기보고서 (2022.03),20220516002488,바이오노트,20220516,,2022,2022
00622787,바이오노트,377740,Y,사업보고서 (2021.12),20220331002923,바이오노트,20220331,연,2022,2022
00622787,바이오노트,377740,Y,분기보고서 (2023.09),20231114001427,바이오노트,20231114,,2023,2023
00622787,바이오노트,377740,Y,반기보고서 (2023.06),20230814002065,바이오노트,20230814,,2023,2023
00622787,바이오노트,377740,Y,[기재정정]분기보고서 (2023.03),20230523000026,바이오노트,20230523,,2023,2023
00622787,바이오노트,377740,Y,분기보고서 (2023.03),20230515001596,바이오노트,20230515,정,2023,2023
00622787,바이오노트,377740,Y,사업보고서 (2022.12),20230321001282,바이오노트,20230321,연,2023,2023
00622787,바이오노트,377740,Y,분기보고서 (2024.09),20241114000725,바이오노트,20241114,,2024,2024
00622787,바이오노트,377740,Y,반기보고서 (2024.06),20240814002024,바이오노트,20240814,,2024,2024
00622787,바이오노트,377740,Y,분기보고서 (2024.03),20240516000750,바이오노트,20240516,,2024,2024
00622787,바이오노트,377740,Y,[기재정정]사업보고서 (2023.12),20240322000144,바이오노트,20240322,연,2024,2024
00622787,바이오노트,377740,Y,[기재정정]사업보고서 (2023.12),20240320002051,바이오노트,20240320,정연,2024,2024
00622787,바이오노트,377740,Y,사업보고서 (2023.12),20240320001691,바이오노트,20240320,정연,2024,2024
01702017,유니드비티플러스,446070,Y,분기보고서 (2023.09),20231114000446,유니드비티플러스,20231114,,2023,2023
01702017,유니드비티플러스,446070,Y,반기보고서 (2023.06),20230814000184,유니드비티플러스,20230814,,2023,2023
01702017,유니드비티플러스,446070,Y,분기보고서 (2023.03),20230515000701,유니드비티플러스,20230515,,2023,2023
01702017,유니드비티플러스,446070,Y,사업보고서 (2022.12),20230322000303,유니드비티플러스,20230322,,2023,2023
01702017,유니드비티플러스,446070,Y,분기보고서 (2024.09),20241114000308,유니드비티플러스,20241114,,2024,2024
01702017,유니드비티플러스,446070,Y,반기보고서 (2024.06),20240814000853,유니드비티플러스,20240814,,2024,2024
01702017,유니드비티플러스,446070,Y,분기보고서 (2024.03),20240516000101,유니드비티플러스,20240516,,2024,2024
01702017,유니드비티플러스,446070,Y,사업보고서 (2023.12),20240320000313,유니드비티플러스,20240320,,2024,2024
00525934,LX세미콘,108320,Y,분기보고서 (2018.09),20181114002336,LX세미콘,20181114,,2018,2018
00525934,LX세미콘,108320,Y,반기보고서 (2018.06),20180814001097,LX세미콘,20180814,,2018,2018
00525934,LX세미콘,108320,Y,분기보고서 (2018.03),20180515001942,LX세미콘,20180515,,2018,2018
00525934,LX세미콘,108320,Y,사업보고서 (2017.12),20180402003898,LX세미콘,20180402,연,2018,2018
00525934,LX세미콘,108320,Y,분기보고서 (2019.09),20191113000252,LX세미콘,20191113,,2019,2019
00525934,LX세미콘,108320,Y,반기보고서 (2019.06),20190813000526,LX세미콘,20190813,,2019,2019
00525934,LX세미콘,108320,Y,분기보고서 (2019.03),20190514001088,LX세미콘,20190514,,2019,2019
00525934,LX세미콘,108320,Y,사업보고서 (2018.12),20190401002209,LX세미콘,20190401,연,2019,2019
00525934,LX세미콘,108320,Y,분기보고서 (2020.09),20201116000669,LX세미콘,20201116,,2020,2020
00525934,LX세미콘,108320,Y,반기보고서 (2020.06),20200814000879,LX세미콘,20200814,,2020,2020
00525934,LX세미콘,108320,Y,분기보고서 (2020.03),20200515000940,LX세미콘,20200515,,2020,2020
00525934,LX세미콘,108320,Y,사업보고서 (2019.12),20200330002510,LX세미콘,20200330,연,2020,2020
00525934,LX세미콘,108320,Y,분기보고서 (2021.09),20211115000740,LX세미콘,20211115,,2021,2021
00525934,LX세미콘,108320,Y,[기재정정]반기보고서 (2021.06),20210901000402,LX세미콘,20210901,,2021,2021
00525934,LX세미콘,108320,Y,반기보고서 (2021.06),20210813000795,LX세미콘,20210813,정,2021,2021
00525934,LX세미콘,108320,Y,분기보고서 (2021.03),20210514001066,LX세미콘,20210514,,2021,2021
00525934,LX세미콘,108320,Y,사업보고서 (2020.12),20210310001052,LX세미콘,20210310,연,2021,2021
00525934,LX세미콘,108320,Y,분기보고서 (2022.09),20221114001156,LX세미콘,20221114,,2022,2022
00525934,LX세미콘,108320,Y,반기보고서 (2022.06),20220816001417,LX세미콘,20220816,,2022,2022
00525934,LX세미콘,108320,Y,분기보고서 (2022.03),20220516000897,LX세미콘,20220516,,2022,2022
00525934,LX세미콘,108320,Y,사업보고서 (2021.12),20220314000950,LX세미콘,20220314,연,2022,2022
00525934,LX세미콘,108320,Y,분기보고서 (2023.09),20231114001846,LX세미콘,20231114,,2023,2023
00525934,LX세미콘,108320,Y,반기보고서 (2023.06),20230814002053,LX세미콘,20230814,,2023,2023
00525934,LX세미콘,108320,Y,분기보고서 (2023.03),20230515002633,LX세미콘,20230515,,2023,2023
00525934,LX세미콘,108320,Y,사업보고서 (2022.12),20230315001207,LX세미콘,20230315,연,2023,2023
00525934,LX세미콘,108320,Y,분기보고서 (2024.09),20241114001362,LX세미콘,20241114,,2024,2024
00525934,LX세미콘,108320,Y,반기보고서 (2024.06),20240814002936,LX세미콘,20240814,,2024,2024
00525934,LX세미콘,108320,Y,분기보고서 (2024.03),20240516001061,LX세미콘,20240516,,2024,2024
00525934,LX세미콘,108320,Y,사업보고서 (2023.12),20240313001269,LX세미콘,20240313,연,2024,2024
01026157,쏘카,403550,Y,분기보고서 (2022.09),20221110000347,쏘카,20221110,,2022,2022
01026157,쏘카,403550,Y,분기보고서 (2023.09),20231114000994,쏘카,20231114,,2023,2023
01026157,쏘카,403550,Y,반기보고서 (2023.06),20230811001580,쏘카,20230811,,2023,2023
01026157,쏘카,403550,Y,분기보고서 (2023.03),20230512000226,쏘카,20230512,,2023,2023
01026157,쏘카,403550,Y,사업보고서 (2022.12),20230322000801,쏘카,20230322,연,2023,2023
01026157,쏘카,403550,Y,분기보고서 (2024.09),20241113000768,쏘카,20241113,,2024,2024
01026157,쏘카,403550,Y,반기보고서 (2024.06),20240814003114,쏘카,20240814,,2024,2024
01026157,쏘카,403550,Y,분기보고서 (2024.03),20240514001266,쏘카,20240514,,2024,2024
01026157,쏘카,403550,Y,사업보고서 (2023.12),20240320001168,쏘카,20240320,연,2024,2024
00193328,수산인더스트리,126720,Y,[기재정정]분기보고서 (2022.09),20221130001938,수산인더스트리,20221130,,2022,2022
00193328,수산인더스트리,126720,Y,분기보고서 (2022.09),20221114002208,수산인더스트리,20221114,정,2022,2022
00193328,수산인더스트리,126720,Y,분기보고서 (2023.09),20231114001119,수산인더스트리,20231114,,2023,2023
00193328,수산인더스트리,126720,Y,반기보고서 (2023.06),20230814003168,수산인더스트리,20230814,,2023,2023
00193328,수산인더스트리,126720,Y,분기보고서 (2023.03),20230515001003,수산인더스트리,20230515,,2023,2023
00193328,수산인더스트리,126720,Y,사업보고서 (2022.12),20230323001537,수산인더스트리,20230323,연,2023,2023
00193328,수산인더스트리,126720,Y,분기보고서 (2024.09),20241114002470,수산인더스트리,20241114,,2024,2024
00193328,수산인더스트리,126720,Y,반기보고서 (2024.06),20240814001918,수산인더스트리,20240814,,2024,2024
00193328,수산인더스트리,126720,Y,분기보고서 (2024.03),20240516001575,수산인더스트리,20240516,,2024,2024
00193328,수산인더스트리,126720,Y,사업보고서 (2023.12),20240320000834,수산인더스트리,20240320,연,2024,2024
01515323,LG에너지솔루션,373220,Y,[기재정정]분기보고서 (2021.09),20211115002487,LG에너지솔루션,20211115,,2021,2021
01515323,LG에너지솔루션,373220,Y,분기보고서 (2021.09),20211115001636,LG에너지솔루션,20211115,정,2021,2021
01515323,LG에너지솔루션,373220,Y,반기보고서 (2021.06),20210817001368,LG에너지솔루션,20210817,,2021,2021
01515323,LG에너지솔루션,373220,Y,분기보고서 (2021.03),20210514001603,LG에너지솔루션,20210514,,2021,2021
01515323,LG에너지솔루션,373220,Y,사업보고서 (2020.12),20210317000676,LG에너지솔루션,20210317,연,2021,2021
01515323,LG에너지솔루션,373220,Y,분기보고서 (2022.09),20221114001585,LG에너지솔루션,20221114,,2022,2022
01515323,LG에너지솔루션,373220,Y,반기보고서 (2022.06),20220816002372,LG에너지솔루션,20220816,,2022,2022
01515323,LG에너지솔루션,373220,Y,분기보고서 (2022.03),20220516001898,LG에너지솔루션,20220516,,2022,2022
01515323,LG에너지솔루션,373220,Y,사업보고서 (2021.12),20220315001026,LG에너지솔루션,20220315,연,2022,2022
01515323,LG에너지솔루션,373220,Y,분기보고서 (2023.09),20231114001430,LG에너지솔루션,20231114,,2023,2023
01515323,LG에너지솔루션,373220,Y,반기보고서 (2023.06),20230814002063,LG에너지솔루션,20230814,,2023,2023
01515323,LG에너지솔루션,373220,Y,분기보고서 (2023.03),20230515002279,LG에너지솔루션,20230515,,2023,2023
01515323,LG에너지솔루션,373220,Y,사업보고서 (2022.12),20230315001342,LG에너지솔루션,20230315,연,2023,2023
01515323,LG에너지솔루션,373220,Y,분기보고서 (2024.09),20241114000371,LG에너지솔루션,20241114,,2024,2024
01515323,LG에너지솔루션,373220,Y,반기보고서 (2024.06),20240814001471,LG에너지솔루션,20240814,,2024,2024
01515323,LG에너지솔루션,373220,Y,분기보고서 (2024.03),20240514000898,LG에너지솔루션,20240514,,2024,2024
01515323,LG에너지솔루션,373220,Y,사업보고서 (2023.12),20240314001110,LG에너지솔루션,20240314,연,2024,2024
01323032,케이카,381970,Y,분기보고서 (2021.09),20211115002500,케이카,20211115,,2021,2021
01323032,케이카,381970,Y,분기보고서 (2022.09),20221114000435,케이카,20221114,정,2022,2022
01323032,케이카,381970,Y,반기보고서 (2022.06),20220816000308,케이카,20220816,정,2022,2022
01323032,케이카,381970,Y,분기보고서 (2022.03),20220516000180,케이카,20220516,,2022,2022
01323032,케이카,381970,Y,사업보고서 (2021.12),20220321001421,케이카,20220321,,2022,2022
01323032,케이카,381970,Y,분기보고서 (2023.09),20231114001843,케이카,20231114,,2023,2023
01323032,케이카,381970,Y,반기보고서 (2023.06),20230814000986,케이카,20230814,,2023,2023
01323032,케이카,381970,Y,분기보고서 (2023.03),20230515000494,케이카,20230515,,2023,2023
01323032,케이카,381970,Y,[기재정정]사업보고서 (2022.12),20230407002574,케이카,20230407,,2023,2023
01323032,케이카,381970,Y,[기재정정]분기보고서 (2022.09),20230407002541,케이카,20230407,,2023,2023
01323032,케이카,381970,Y,[기재정정]반기보고서 (2022.06),20230407002500,케이카,20230407,,2023,2023
01323032,케이카,381970,Y,사업보고서 (2022.12),20230321000608,케이카,20230321,정,2023,2023
01323032,케이카,381970,Y,[첨부추가]분기보고서 (2024.09),20241114000788,케이카,20241114,,2024,2024
01323032,케이카,381970,Y,[기재정정]반기보고서 (2024.06),20240912000539,케이카,20240912,,2024,2024
01323032,케이카,381970,Y,[기재정정]반기보고서 (2024.06),20240912000519,케이카,20240912,정,2024,2024
01323032,케이카,381970,Y,[기재정정]반기보고서 (2024.06),20240912000491,케이카,20240912,정,2024,2024
01323032,케이카,381970,Y,반기보고서 (2024.06),20240814001776,케이카,20240814,정,2024,2024
01323032,케이카,381970,Y,분기보고서 (2024.03),20240516001019,케이카,20240516,,2024,2024
01323032,케이카,381970,Y,[기재정정]사업보고서 (2023.12),20240424000584,케이카,20240424,,2024,2024
01323032,케이카,381970,Y,사업보고서 (2023.12),20240319000627,케이카,20240319,정,2024,2024
01390344,HD현대중공업,329180,Y,분기보고서 (2021.09),20211115000980,HD현대중공업,20211115,,2021,2021
01390344,HD현대중공업,329180,Y,반기보고서 (2021.06),20210810000341,HD현대중공업,20210810,,2021,2021
01390344,HD현대중공업,329180,Y,분기보고서 (2021.03),20210517001476,HD현대중공업,20210517,,2021,2021
01390344,HD현대중공업,329180,Y,사업보고서 (2020.12),20210401001108,HD현대중공업,20210401,연,2021,2021
01390344,HD현대중공업,329180,Y,분기보고서 (2022.09),20221114001378,HD현대중공업,20221114,,2022,2022
01390344,HD현대중공업,329180,Y,반기보고서 (2022.06),20220816000947,HD현대중공업,20220816,,2022,2022
01390344,HD현대중공업,329180,Y,분기보고서 (2022.03),20220516002360,HD현대중공업,20220516,,2022,2022
01390344,HD현대중공업,329180,Y,사업보고서 (2021.12),20220314000704,HD현대중공업,20220314,연,2022,2022
01390344,HD현대중공업,329180,Y,분기보고서 (2023.09),20231114001059,HD현대중공업,20231114,,2023,2023
01390344,HD현대중공업,329180,Y,반기보고서 (2023.06),20230814002529,HD현대중공업,20230814,,2023,2023
01390344,HD현대중공업,329180,Y,분기보고서 (2023.03),20230515002433,HD현대중공업,20230515,,2023,2023
01390344,HD현대중공업,329180,Y,사업보고서 (2022.12),20230320000790,HD현대중공업,20230320,연,2023,2023
01390344,HD현대중공업,329180,Y,분기보고서 (2024.09),20241114001816,HD현대중공업,20241114,,2024,2024
01390344,HD현대중공업,329180,Y,반기보고서 (2024.06),20240814002485,HD현대중공업,20240814,,2024,2024
01390344,HD현대중공업,329180,Y,분기보고서 (2024.03),20240516000877,HD현대중공업,20240516,,2024,2024
01390344,HD현대중공업,329180,Y,사업보고서 (2023.12),20240318000459,HD현대중공업,20240318,연,2024,2024
00972503,일진하이솔루스,271940,Y,분기보고서 (2021.09),20211115001499,일진하이솔루스,20211115,,2021,2021
00972503,일진하이솔루스,271940,Y,분기보고서 (2022.09),20221114000666,일진하이솔루스,20221114,,2022,2022
00972503,일진하이솔루스,271940,Y,반기보고서 (2022.06),20220816001199,일진하이솔루스,20220816,,2022,2022
00972503,일진하이솔루스,271940,Y,분기보고서 (2022.03),20220516001270,일진하이솔루스,20220516,,2022,2022
00972503,일진하이솔루스,271940,Y,사업보고서 (2021.12),20220317000848,일진하이솔루스,20220317,,2022,2022
00972503,일진하이솔루스,271940,Y,분기보고서 (2023.09),20231113000518,일진하이솔루스,20231113,,2023,2023
00972503,일진하이솔루스,271940,Y,반기보고서 (2023.06),20230811001725,일진하이솔루스,20230811,,2023,2023
00972503,일진하이솔루스,271940,Y,분기보고서 (2023.03),20230515001946,일진하이솔루스,20230515,,2023,2023
00972503,일진하이솔루스,271940,Y,[기재정정]사업보고서 (2022.12),20230315001068,일진하이솔루스,20230315,,2023,2023
00972503,일진하이솔루스,271940,Y,사업보고서 (2022.12),20230315000835,일진하이솔루스,20230315,정,2023,2023
00972503,일진하이솔루스,271940,Y,분기보고서 (2024.09),20241113000413,일진하이솔루스,20241113,,2024,2024
00972503,일진하이솔루스,271940,Y,반기보고서 (2024.06),20240812000843,일진하이솔루스,20240812,,2024,2024
00972503,일진하이솔루스,271940,Y,분기보고서 (2024.03),20240514000996,일진하이솔루스,20240514,,2024,2024
00972503,일진하이솔루스,271940,Y,사업보고서 (2023.12),20240313001276,일진하이솔루스,20240313,,2024,2024
00486705,아주스틸,139990,Y,[기재정정]분기보고서 (2021.09),20211119000324,아주스틸,20211119,,2021,2021
00486705,아주스틸,139990,Y,분기보고서 (2021.09),20211117000008,아주스틸,20211117,정,2021,2021
00486705,아주스틸,139990,Y,분기보고서 (2022.09),20221114001940,아주스틸,20221114,,2022,2022
00486705,아주스틸,139990,Y,반기보고서 (2022.06),20220816002196,아주스틸,20220816,,2022,2022
00486705,아주스틸,139990,Y,[기재정정]분기보고서 (2022.03),20220519000277,아주스틸,20220519,,2022,2022
00486705,아주스틸,139990,Y,분기보고서 (2022.03),20220516000404,아주스틸,20220516,정,2022,2022
00486705,아주스틸,139990,Y,사업보고서 (2021.12),20220316000673,아주스틸,20220316,연,2022,2022
00486705,아주스틸,139990,Y,분기보고서 (2023.09),20231114002933,아주스틸,20231114,,2023,2023
00486705,아주스틸,139990,Y,반기보고서 (2023.06),20230814002923,아주스틸,20230814,,2023,2023
00486705,아주스틸,139990,Y,분기보고서 (2023.03),20230515002734,아주스틸,20230515,,2023,2023
00486705,아주스틸,139990,Y,사업보고서 (2022.12),20230320001066,아주스틸,20230320,연,2023,2023
00486705,아주스틸,139990,Y,분기보고서 (2024.09),20241114002793,아주스틸,20241114,,2024,2024
00486705,아주스틸,139990,Y,반기보고서 (2024.06),20240814003574,아주스틸,20240814,,2024,2024
00486705,아주스틸,139990,Y,분기보고서 (2024.03),20240516000956,아주스틸,20240516,,2024,2024
00486705,아주스틸,139990,Y,사업보고서 (2023.12),20240320001850,아주스틸,20240320,정연,2024,2024
00545716,롯데렌탈,089860,Y,분기보고서 (2018.09),20181114000917,롯데렌탈,20181114,,2018,2018
00545716,롯데렌탈,089860,Y,반기보고서 (2018.06),20180814000990,롯데렌탈,20180814,,2018,2018
00545716,롯데렌탈,089860,Y,분기보고서 (2018.03),20180515000940,롯데렌탈,20180515,,2018,2018
00545716,롯데렌탈,089860,Y,[기재정정]사업보고서 (2017.12),20180404002530,롯데렌탈,20180404,연,2018,2018
00545716,롯데렌탈,089860,Y,사업보고서 (2017.12),20180329000115,롯데렌탈,20180329,정연,2018,2018
00545716,롯데렌탈,089860,Y,분기보고서 (2019.09),20191114001689,롯데렌탈,20191114,,2019,2019
00545716,롯데렌탈,089860,Y,반기보고서 (2019.06),20190814002829,롯데렌탈,20190814,,2019,2019
00545716,롯데렌탈,089860,Y,분기보고서 (2019.03),20190515001140,롯데렌탈,20190515,,2019,2019
00545716,롯데렌탈,089860,Y,[기재정정]사업보고서 (2018.12),20190401003474,롯데렌탈,20190401,정연,2019,2019
00545716,롯데렌탈,089860,Y,사업보고서 (2018.12),20190401000709,롯데렌탈,20190401,정연,2019,2019
00545716,롯데렌탈,089860,Y,분기보고서 (2020.09),20201116000623,롯데렌탈,20201116,,2020,2020
00545716,롯데렌탈,089860,Y,반기보고서 (2020.06),20200814002168,롯데렌탈,20200814,,2020,2020
00545716,롯데렌탈,089860,Y,분기보고서 (2020.03),20200515001460,롯데렌탈,20200515,,2020,2020
00545716,롯데렌탈,089860,Y,사업보고서 (2019.12),20200330002289,롯데렌탈,20200330,정연,2020,2020
00545716,롯데렌탈,089860,Y,[기재정정]분기보고서 (2021.09),20211116000201,롯데렌탈,20211116,,2021,2021
00545716,롯데렌탈,089860,Y,분기보고서 (2021.09),20211115002499,롯데렌탈,20211115,정,2021,2021
00545716,롯데렌탈,089860,Y,반기보고서 (2021.06),20210817000989,롯데렌탈,20210817,,2021,2021
00545716,롯데렌탈,089860,Y,[기재정정]분기보고서 (2021.03),20210707000512,롯데렌탈,20210707,,2021,2021
00545716,롯데렌탈,089860,Y,[기재정정]사업보고서 (2020.12),20210707000505,롯데렌탈,20210707,연,2021,2021
00545716,롯데렌탈,089860,Y,[기재정정]사업보고서 (2019.12),20210707000485,롯데렌탈,20210707,연,2021,2021
00545716,롯데렌탈,089860,Y,[기재정정]사업보고서 (2018.12),20210707000453,롯데렌탈,20210707,연,2021,2021
00545716,롯데렌탈,089860,Y,분기보고서 (2021.03),20210517002086,롯데렌탈,20210517,정,2021,2021
00545716,롯데렌탈,089860,Y,사업보고서 (2020.12),20210331003267,롯데렌탈,20210331,정연,2021,2021
00545716,롯데렌탈,089860,Y,분기보고서 (2022.09),20221114002121,롯데렌탈,20221114,,2022,2022
00545716,롯데렌탈,089860,Y,반기보고서 (2022.06),20220816001926,롯데렌탈,20220816,,2022,2022
00545716,롯데렌탈,089860,Y,[기재정정]사업보고서 (2021.12),20220812000791,롯데렌탈,20220812,연,2022,2022
00545716,롯데렌탈,089860,Y,분기보고서 (2022.03),20220516001654,롯데렌탈,20220516,,2022,2022
00545716,롯데렌탈,089860,Y,사업보고서 (2021.12),20220315001149,롯데렌탈,20220315,정연,2022,2022
00545716,롯데렌탈,089860,Y,분기보고서 (2023.09),20231114001077,롯데렌탈,20231114,,2023,2023
00545716,롯데렌탈,089860,Y,반기보고서 (2023.06),20230814001681,롯데렌탈,20230814,,2023,2023
00545716,롯데렌탈,089860,Y,분기보고서 (2023.03),20230515001643,롯데렌탈,20230515,,2023,2023
00545716,롯데렌탈,089860,Y,[기재정정]사업보고서 (2022.12),20230424000485,롯데렌탈,20230424,연,2023,2023
00545716,롯데렌탈,089860,Y,사업보고서 (2022.12),20230315001355,롯데렌탈,20230315,정연,2023,2023
00545716,롯데렌탈,089860,Y,분기보고서 (2024.09),20241114001950,롯데렌탈,20241114,,2024,2024
00545716,롯데렌탈,089860,Y,반기보고서 (2024.06),20240814002781,롯데렌탈,20240814,,2024,2024
00545716,롯데렌탈,089860,Y,분기보고서 (2024.03),20240516001184,롯데렌탈,20240516,,2024,2024
00545716,롯데렌탈,089860,Y,사업보고서 (2023.12),20240315000897,롯데렌탈,20240315,연,2024,2024
00534598,한컴라이프케어,372910,Y,분기보고서 (2021.09),20211112000645,한컴라이프케어,20211112,,2021,2021
00534598,한컴라이프케어,372910,Y,분기보고서 (2022.09),20221111000288,한컴라이프케어,20221111,,2022,2022
00534598,한컴라이프케어,372910,Y,반기보고서 (2022.06),20220812000262,한컴라이프케어,20220812,,2022,2022
00534598,한컴라이프케어,372910,Y,분기보고서 (2022.03),20220513001036,한컴라이프케어,20220513,,2022,2022
00534598,한컴라이프케어,372910,Y,사업보고서 (2021.12),20220310000833,한컴라이프케어,20220310,정연,2022,2022
00534598,한컴라이프케어,372910,Y,분기보고서 (2023.09),20231114001307,한컴라이프케어,20231114,,2023,2023
00534598,한컴라이프케어,372910,Y,반기보고서 (2023.06),20230814000901,한컴라이프케어,20230814,,2023,2023
00534598,한컴라이프케어,372910,Y,분기보고서 (2023.03),20230512000886,한컴라이프케어,20230512,,2023,2023
00534598,한컴라이프케어,372910,Y,사업보고서 (2022.12),20230315000557,한컴라이프케어,20230315,연,2023,2023
00534598,한컴라이프케어,372910,Y,분기보고서 (2024.09),20241107000039,한컴라이프케어,20241107,,2024,2024
00534598,한컴라이프케어,372910,Y,반기보고서 (2024.06),20240814000692,한컴라이프케어,20240814,,2024,2024
00534598,한컴라이프케어,372910,Y,분기보고서 (2024.03),20240513000069,한컴라이프케어,20240513,,2024,2024
00534598,한컴라이프케어,372910,Y,사업보고서 (2023.12),20240313000991,한컴라이프케어,20240313,연,2024,2024
00760971,크래프톤,259960,Y,분기보고서 (2018.09),20181114002678,크래프톤,20181114,정,2018,2018
00760971,크래프톤,259960,Y,[기재정정]사업보고서 (2017.12),20180816000192,크래프톤,20180816,정,2018,2018
00760971,크래프톤,259960,Y,반기보고서 (2018.06),20180814002896,크래프톤,20180814,정,2018,2018
00760971,크래프톤,259960,Y,[기재정정]사업보고서 (2017.12),20180622000525,크래프톤,20180622,정,2018,2018
00760971,크래프톤,259960,Y,분기보고서 (2018.03),20180515002101,크래프톤,20180515,정,2018,2018
00760971,크래프톤,259960,Y,사업보고서 (2017.12),20180402005262,크래프톤,20180402,정,2018,2018
00760971,크래프톤,259960,Y,분기보고서 (2019.09),20191114002442,크래프톤,20191114,정,2019,2019
00760971,크래프톤,259960,Y,[기재정정]반기보고서 (2019.06),20191107000379,크래프톤,20191107,정,2019,2019
00760971,크래프톤,259960,Y,[기재정정]분기보고서 (2019.03),20191107000377,크래프톤,20191107,정,2019,2019
00760971,크래프톤,259960,Y,[기재정정]사업보고서 (2018.12),20191107000375,크래프톤,20191107,정연,2019,2019
00760971,크래프톤,259960,Y,[기재정정]분기보고서 (2018.09),20191107000371,크래프톤,20191107,정,2019,2019
00760971,크래프톤,259960,Y,[기재정정]반기보고서 (2018.06),20191107000366,크래프톤,20191107,정,2019,2019
00760971,크래프톤,259960,Y,반기보고서 (2019.06),20190814002682,크래프톤,20190814,정,2019,2019
00760971,크래프톤,259960,Y,분기보고서 (2019.03),20190515002289,크래프톤,20190515,정,2019,2019
00760971,크래프톤,259960,Y,[기재정정]사업보고서 (2018.12),20190515002199,크래프톤,20190515,정연,2019,2019
00760971,크래프톤,259960,Y,[기재정정]분기보고서 (2018.09),20190515002127,크래프톤,20190515,정,2019,2019
00760971,크래프톤,259960,Y,[기재정정]반기보고서 (2018.06),20190515002018,크래프톤,20190515,정,2019,2019
00760971,크래프톤,259960,Y,[기재정정]분기보고서 (2018.03),20190515001995,크래프톤,20190515,정,2019,2019
00760971,크래프톤,259960,Y,[기재정정]사업보고서 (2017.12),20190515001971,크래프톤,20190515,정,2019,2019
00760971,크래프톤,259960,Y,[기재정정]분기보고서 (2017.09),20190515001941,크래프톤,20190515,정,2019,2019
00760971,크래프톤,259960,Y,[기재정정]반기보고서 (2017.06),20190515001856,크래프톤,20190515,정,2019,2019
00760971,크래프톤,259960,Y,[기재정정]분기보고서 (2017.03),20190515001813,크래프톤,20190515,정,2019,2019
00760971,크래프톤,259960,Y,[기재정정]사업보고서 (2016.12),20190515001773,크래프톤,20190515,정연,2019,2019
00760971,크래프톤,259960,Y,[기재정정]사업보고서 (2018.12),20190401005084,크래프톤,20190401,정연,2019,2019
00760971,크래프톤,259960,Y,사업보고서 (2018.12),20190401004888,크래프톤,20190401,정연,2019,2019
00760971,크래프톤,259960,Y,[기재정정]분기보고서 (2018.09),20190125000572,크래프톤,20190125,정,2019,2019
00760971,크래프톤,259960,Y,[기재정정]반기보고서 (2018.06),20190125000564,크래프톤,20190125,정,2019,2019
00760971,크래프톤,259960,Y,[기재정정]분기보고서 (2018.03),20190125000561,크래프톤,20190125,정,2019,2019
00760971,크래프톤,259960,Y,[기재정정]사업보고서 (2017.12),20190125000554,크래프톤,20190125,정,2019,2019
00760971,크래프톤,259960,Y,[기재정정]분기보고서 (2017.09),20190125000548,크래프톤,20190125,정,2019,2019
00760971,크래프톤,259960,Y,[기재정정]반기보고서 (2017.06),20190125000539,크래프톤,20190125,정,2019,2019
00760971,크래프톤,259960,Y,[기재정정]분기보고서 (2017.03),20190125000529,크래프톤,20190125,정,2019,2019
00760971,크래프톤,259960,Y,[기재정정]사업보고서 (2016.12),20190125000518,크래프톤,20190125,정연,2019,2019
00760971,크래프톤,259960,Y,[기재정정]분기보고서 (2020.09),20201118000298,크래프톤,20201118,,2020,2020
00760971,크래프톤,259960,Y,분기보고서 (2020.09),20201116002029,크래프톤,20201116,정,2020,2020
00760971,크래프톤,259960,Y,반기보고서 (2020.06),20200814002740,크래프톤,20200814,,2020,2020
00760971,크래프톤,259960,Y,분기보고서 (2020.03),20200515002608,크래프톤,20200515,,2020,2020
00760971,크래프톤,259960,Y,사업보고서 (2019.12),20200330004316,크래프톤,20200330,연,2020,2020
00760971,크래프톤,259960,Y,[기재정정]분기보고서 (2019.09),20200330004162,크래프톤,20200330,,2020,2020
00760971,크래프톤,259960,Y,[기재정정]반기보고서 (2019.06),20200330004002,크래프톤,20200330,,2020,2020
00760971,크래프톤,259960,Y,[기재정정]분기보고서 (2019.03),20200330003940,크래프톤,20200330,,2020,2020
00760971,크래프톤,259960,Y,[기재정정]사업보고서 (2018.12),20200330003881,크래프톤,20200330,연,2020,2020
00760971,크래프톤,259960,Y,[기재정정]분기보고서 (2018.09),20200330003820,크래프톤,20200330,,2020,2020
00760971,크래프톤,259960,Y,[기재정정]반기보고서 (2018.06),20200330003762,크래프톤,20200330,,2020,2020
00760971,크래프톤,259960,Y,[기재정정]분기보고서 (2018.03),20200330003705,크래프톤,20200330,,2020,2020
00760971,크래프톤,259960,Y,[기재정정]사업보고서 (2017.12),20200330003644,크래프톤,20200330,,2020,2020
00760971,크래프톤,259960,Y,[기재정정]분기보고서 (2017.09),20200330003564,크래프톤,20200330,,2020,2020
00760971,크래프톤,259960,Y,[기재정정]반기보고서 (2017.06),20200330003493,크래프톤,20200330,,2020,2020
00760971,크래프톤,259960,Y,[기재정정]분기보고서 (2017.03),20200330003437,크래프톤,20200330,,2020,2020
00760971,크래프톤,259960,Y,[기재정정]사업보고서 (2016.12),20200330003370,크래프톤,20200330,연,2020,2020
00760971,크래프톤,259960,Y,분기보고서 (2021.09),20211115001786,크래프톤,20211115,,2021,2021
00760971,크래프톤,259960,Y,반기보고서 (2021.06),20210817002213,크래프톤,20210817,,2021,2021
00760971,크래프톤,259960,Y,분기보고서 (2021.03),20210517002163,크래프톤,20210517,,2021,2021
00760971,크래프톤,259960,Y,사업보고서 (2020.12),20210331003279,크래프톤,20210331,연,2021,2021
00760971,크래프톤,259960,Y,분기보고서 (2022.09),20221114001891,크래프톤,20221114,,2022,2022
00760971,크래프톤,259960,Y,반기보고서 (2022.06),20220816001699,크래프톤,20220816,,2022,2022
00760971,크래프톤,259960,Y,분기보고서 (2022.03),20220516002381,크래프톤,20220516,,2022,2022
00760971,크래프톤,259960,Y,사업보고서 (2021.12),20220314000894,크래프톤,20220314,연,2022,2022
00760971,크래프톤,259960,Y,분기보고서 (2023.09),20231114001524,크래프톤,20231114,,2023,2023
00760971,크래프톤,259960,Y,반기보고서 (2023.06),20230811001502,크래프톤,20230811,,2023,2023
00760971,크래프톤,259960,Y,분기보고서 (2023.03),20230515002494,크래프톤,20230515,,2023,2023
00760971,크래프톤,259960,Y,사업보고서 (2022.12),20230320000728,크래프톤,20230320,연,2023,2023
00760971,크래프톤,259960,Y,분기보고서 (2024.09),20241114001327,크래프톤,20241114,,2024,2024
00760971,크래프톤,259960,Y,반기보고서 (2024.06),20240814002522,크래프톤,20240814,,2024,2024
00760971,크래프톤,259960,Y,분기보고서 (2024.03),20240514001108,크래프톤,20240514,,2024,2024
00760971,크래프톤,259960,Y,사업보고서 (2023.12),20240318000420,크래프톤,20240318,연,2024,2024
00767460,PI첨단소재,178920,Y,분기보고서 (2018.09),20181114002485,PI첨단소재,20181114,,2018,2018
00767460,PI첨단소재,178920,Y,반기보고서 (2018.06),20180814002090,PI첨단소재,20180814,,2018,2018
00767460,PI첨단소재,178920,Y,분기보고서 (2018.03),20180515002477,PI첨단소재,20180515,,2018,2018
00767460,PI첨단소재,178920,Y,사업보고서 (2017.12),20180402000550,PI첨단소재,20180402,,2018,2018
00767460,PI첨단소재,178920,Y,분기보고서 (2019.09),20191114000375,PI첨단소재,20191114,,2019,2019
00767460,PI첨단소재,178920,Y,반기보고서 (2019.06),20190814002488,PI첨단소재,20190814,,2019,2019
00767460,PI첨단소재,178920,Y,분기보고서 (2019.03),20190515001933,PI첨단소재,20190515,,2019,2019
00767460,PI첨단소재,178920,Y,사업보고서 (2018.12),20190401003783,PI첨단소재,20190401,,2019,2019
00767460,PI첨단소재,178920,Y,분기보고서 (2020.09),20201116000501,PI첨단소재,20201116,,2020,2020
00767460,PI첨단소재,178920,Y,반기보고서 (2020.06),20200814001166,PI첨단소재,20200814,,2020,2020
00767460,PI첨단소재,178920,Y,분기보고서 (2020.03),20200515002087,PI첨단소재,20200515,,2020,2020
00767460,PI첨단소재,178920,Y,사업보고서 (2019.12),20200330003343,PI첨단소재,20200330,,2020,2020
00767460,PI첨단소재,178920,Y,분기보고서 (2021.09),20211115000709,PI첨단소재,20211115,,2021,2021
00767460,PI첨단소재,178920,Y,반기보고서 (2021.06),20210813000117,PI첨단소재,20210813,,2021,2021
00767460,PI첨단소재,178920,Y,분기보고서 (2021.03),20210514000091,PI첨단소재,20210514,,2021,2021
00767460,PI첨단소재,178920,Y,사업보고서 (2020.12),20210311000048,PI첨단소재,20210311,,2021,2021
00767460,PI첨단소재,178920,Y,분기보고서 (2022.09),20221114000090,PI첨단소재,20221114,,2022,2022
00767460,PI첨단소재,178920,Y,반기보고서 (2022.06),20220816000027,PI첨단소재,20220816,,2022,2022
00767460,PI첨단소재,178920,Y,분기보고서 (2022.03),20220516000036,PI첨단소재,20220516,,2022,2022
00767460,PI첨단소재,178920,Y,사업보고서 (2021.12),20220316000360,PI첨단소재,20220316,,2022,2022
00767460,PI첨단소재,178920,Y,분기보고서 (2023.09),20231114000289,PI첨단소재,20231114,,2023,2023
00767460,PI첨단소재,178920,Y,반기보고서 (2023.06),20230811000515,PI첨단소재,20230811,,2023,2023
00767460,PI첨단소재,178920,Y,분기보고서 (2023.03),20230515000093,PI첨단소재,20230515,,2023,2023
00767460,PI첨단소재,178920,Y,사업보고서 (2022.12),20230315000084,PI첨단소재,20230315,,2023,2023
00767460,PI첨단소재,178920,Y,분기보고서 (2024.09),20241114000033,PI첨단소재,20241114,,2024,2024
00767460,PI첨단소재,178920,Y,반기보고서 (2024.06),20240814000339,PI첨단소재,20240814,,2024,2024
00767460,PI첨단소재,178920,Y,분기보고서 (2024.03),20240514000091,PI첨단소재,20240514,,2024,2024
00767460,PI첨단소재,178920,Y,사업보고서 (2023.12),20240312000215,PI첨단소재,20240312,,2024,2024
00854997,에스디바이오센서,137310,Y,분기보고서 (2021.09),20211115000725,에스디바이오센서,20211115,,2021,2021
00854997,에스디바이오센서,137310,Y,[기재정정]반기보고서 (2021.06),20210813000450,에스디바이오센서,20210813,,2021,2021
00854997,에스디바이오센서,137310,Y,반기보고서 (2021.06),20210813000268,에스디바이오센서,20210813,정,2021,2021
00854997,에스디바이오센서,137310,Y,분기보고서 (2021.03),20210517001408,에스디바이오센서,20210517,,2021,2021
00854997,에스디바이오센서,137310,Y,[기재정정]사업보고서 (2020.12),20210514001634,에스디바이오센서,20210514,연,2021,2021
00854997,에스디바이오센서,137310,Y,사업보고서 (2020.12),20210331002449,에스디바이오센서,20210331,정연,2021,2021
00854997,에스디바이오센서,137310,Y,분기보고서 (2022.09),20221114001076,에스디바이오센서,20221114,,2022,2022
00854997,에스디바이오센서,137310,Y,반기보고서 (2022.06),20220812000737,에스디바이오센서,20220812,,2022,2022
00854997,에스디바이오센서,137310,Y,분기보고서 (2022.03),20220516000742,에스디바이오센서,20220516,,2022,2022
00854997,에스디바이오센서,137310,Y,사업보고서 (2021.12),20220321001483,에스디바이오센서,20220321,정연,2022,2022
00854997,에스디바이오센서,137310,Y,분기보고서 (2023.09),20231113000704,에스디바이오센서,20231113,,2023,2023
00854997,에스디바이오센서,137310,Y,반기보고서 (2023.06),20230811002405,에스디바이오센서,20230811,,2023,2023
00854997,에스디바이오센서,137310,Y,분기보고서 (2023.03),20230515001077,에스디바이오센서,20230515,,2023,2023
00854997,에스디바이오센서,137310,Y,[기재정정]사업보고서 (2022.12),20230515000371,에스디바이오센서,20230515,정연,2023,2023
00854997,에스디바이오센서,137310,Y,사업보고서 (2022.12),20230321001475,에스디바이오센서,20230321,정연,2023,2023
00854997,에스디바이오센서,137310,Y,분기보고서 (2024.09),20241113000247,에스디바이오센서,20241113,,2024,2024
00854997,에스디바이오센서,137310,Y,반기보고서 (2024.06),20240813001333,에스디바이오센서,20240813,,2024,2024
00854997,에스디바이오센서,137310,Y,분기보고서 (2024.03),20240513000748,에스디바이오센서,20240513,,2024,2024
00854997,에스디바이오센서,137310,Y,사업보고서 (2023.12),20240320001291,에스디바이오센서,20240320,정연,2024,2024
00564562,엠씨넥스,097520,Y,분기보고서 (2018.09),20181114000044,엠씨넥스,20181114,,2018,2018
00564562,엠씨넥스,097520,Y,반기보고서 (2018.06),20180814000303,엠씨넥스,20180814,,2018,2018
00564562,엠씨넥스,097520,Y,분기보고서 (2018.03),20180515000130,엠씨넥스,20180515,,2018,2018
00564562,엠씨넥스,097520,Y,사업보고서 (2017.12),20180330001276,엠씨넥스,20180330,연,2018,2018
00564562,엠씨넥스,097520,Y,[기재정정]분기보고서 (2019.09),20191115000290,엠씨넥스,20191115,,2019,2019
00564562,엠씨넥스,097520,Y,분기보고서 (2019.09),20191111000107,엠씨넥스,20191111,정,2019,2019
00564562,엠씨넥스,097520,Y,반기보고서 (2019.06),20190814001713,엠씨넥스,20190814,,2019,2019
00564562,엠씨넥스,097520,Y,[기재정정]분기보고서 (2019.03),20190514001050,엠씨넥스,20190514,,2019,2019
00564562,엠씨넥스,097520,Y,분기보고서 (2019.03),20190514000449,엠씨넥스,20190514,정,2019,2019
00564562,엠씨넥스,097520,Y,사업보고서 (2018.12),20190329000274,엠씨넥스,20190329,연,2019,2019
00564562,엠씨넥스,097520,Y,분기보고서 (2020.09),20201113000393,엠씨넥스,20201113,,2020,2020
00564562,엠씨넥스,097520,Y,반기보고서 (2020.06),20200814000559,엠씨넥스,20200814,,2020,2020
00564562,엠씨넥스,097520,Y,분기보고서 (2020.03),20200514000969,엠씨넥스,20200514,,2020,2020
00564562,엠씨넥스,097520,Y,사업보고서 (2019.12),20200330004648,엠씨넥스,20200330,연,2020,2020
00564562,엠씨넥스,097520,Y,분기보고서 (2021.09),20211112000741,엠씨넥스,20211112,,2021,2021
00564562,엠씨넥스,097520,Y,반기보고서 (2021.06),20210813001086,엠씨넥스,20210813,,2021,2021
00564562,엠씨넥스,097520,Y,분기보고서 (2021.03),20210514001259,엠씨넥스,20210514,,2021,2021
00564562,엠씨넥스,097520,Y,사업보고서 (2020.12),20210315000830,엠씨넥스,20210315,연,2021,2021
00564562,엠씨넥스,097520,Y,분기보고서 (2022.09),20221111000850,엠씨넥스,20221111,,2022,2022
00564562,엠씨넥스,097520,Y,반기보고서 (2022.06),20220812001039,엠씨넥스,20220812,,2022,2022
00564562,엠씨넥스,097520,Y,분기보고서 (2022.03),20220513001447,엠씨넥스,20220513,,2022,2022
00564562,엠씨넥스,097520,Y,사업보고서 (2021.12),20220315000841,엠씨넥스,20220315,연,2022,2022
00564562,엠씨넥스,097520,Y,분기보고서 (2023.09),20231110000590,엠씨넥스,20231110,,2023,2023
00564562,엠씨넥스,097520,Y,반기보고서 (2023.06),20230811001921,엠씨넥스,20230811,,2023,2023
00564562,엠씨넥스,097520,Y,분기보고서 (2023.03),20230512001041,엠씨넥스,20230512,,2023,2023
00564562,엠씨넥스,097520,Y,사업보고서 (2022.12),20230314000700,엠씨넥스,20230314,연,2023,2023
00564562,엠씨넥스,097520,Y,분기보고서 (2024.09),20241114002147,엠씨넥스,20241114,,2024,2024
00564562,엠씨넥스,097520,Y,반기보고서 (2024.06),20240814003682,엠씨넥스,20240814,,2024,2024
00564562,엠씨넥스,097520,Y,분기보고서 (2024.03),20240514000842,엠씨넥스,20240514,,2024,2024
00564562,엠씨넥스,097520,Y,사업보고서 (2023.12),20240318000671,엠씨넥스,20240318,연,2024,2024
