stock_code,corp_code,corp_name,year,market,sector,CorrectionDummy,CorrectionCount,MaterialCorrectionDummy,MaterialCorrectionCount,AuditorName,Big4Auditor,CleanOpinion,AuditFee,NonAuditFee,NonAuditFeeRatio,BoardSize,OutsideDirectorCount,OutsideDirectorRatio,LargestShareholderOwnership,MinorityShareholderRatio,MinorityShareholderCount,Assets,Liabilities,Equity,Revenue,OperatingIncome,NetIncome,LogAssets,Leverage,ROA,Loss,listing_date,FirstCorrectionDate,LastCorrectionDate,MaterialKeywordHits,AuditOpinion,AuditHours,NonAuditContractCount,OutsideDirectorAppointed,OutsideDirectorDismissed,OutsideDirectorResigned,Size,LogAuditFee,CorrectionCount_Log
217590,00949161,티엠씨,2018,KOSPI,절연선 및 케이블 제조업,0,0,0,0,,,,,,,,,,,,,,,,,,,,,,,2025-12-15,,,0,,,,,,,,,0.0
217590,00949161,티엠씨,2019,KOSPI,절연선 및 케이블 제조업,0,0,0,0,,,,,,,,,,,,,,,,,,,,,,,2025-12-15,,,0,,,,,,,,,0.0
217590,00949161,티엠씨,2020,KOSPI,절연선 및 케이블 제조업,0,0,0,0,,,,,,,,,,,,,,,,,,,,,,,2025-12-15,,,0,,,,,,,,,0.0
217590,00949161,티엠씨,2021,KOSPI,절연선 및 케이블 제조업,0,0,0,0,,,,,,,,,,,,,,,,,,,,,,,2025-12-15,,,0,,,,,,,,,0.0
217590,00949161,티엠씨,2022,KOSPI,절연선 및 케이블 제조업,0,0,0,0,,,,,,,,,,,,,,,,,,,,,,,2025-12-15,,,0,,,,,,,,,0.0
217590,00949161,티엠씨,2023,KOSPI,절연선 및 케이블 제조업,0,0,0,0,,,,,,,,,,,,,,,,,,,,,,,2025-12-15,,,0,,,,,,,,,0.0
217590,00949161,티엠씨,2024,KOSPI,절연선 및 케이블 제조업,0,0,0,0,,,,,,,,,,,,,,,,,,,,,,,2025-12-15,,,0,,,,,,,,,0.0
317450,00179489,명인제약,2018,KOSPI,의약품 제조업,0,0,0,0,,,,,,,,,,,,,,,,,,,,,,,2025-10-01,,,0,,,,,,,,,0.0
317450,00179489,명인제약,2019,KOSPI,의약품 제조업,0,0,0,0,,,,,,,,,,,,,,,,,,,,,,,2025-10-01,,,0,,,,,,,,,0.0
317450,00179489,명인제약,2020,KOSPI,의약품 제조업,0,0,0,0,,,,,,,,,,,,,,,,,,,,,,,2025-10-01,,,0,,,,,,,,,0.0
317450,00179489,명인제약,2021,KOSPI,의약품 제조업,0,0,0,0,,,,,,,,,,,,,,,,,,,,,,,2025-10-01,,,0,,,,,,,,,0.0
317450,00179489,명인제약,2022,KOSPI,의약품 제조업,0,0,0,0,,,,,,,,,,,,,,,,,,,,,,,2025-10-01,,,0,,,,,,,,,0.0
317450,00179489,명인제약,2023,KOSPI,의약품 제조업,0,0,0,0,,,,,,,,,,,,,,,,,,,,,,,2025-10-01,,,0,,,,,,,,,0.0
317450,00179489,명인제약,2024,KOSPI,의약품 제조업,0,0,0,0,,,,,,,,,,,,,,,,,,,,,,,2025-10-01,,,0,,,,,,,,,0.0
439260,00182696,대한조선,2018,KOSPI,선박 및 보트 건조업,0,0,0,0,,,,,,,,,,,,,,,,,,,,,,,2025-08-01,,,0,,,,,,,,,0.0
439260,00182696,대한조선,2019,KOSPI,선박 및 보트 건조업,0,0,0,0,,,,,,,,,,,,,,,,,,,,,,,2025-08-01,,,0,,,,,,,,,0.0
439260,00182696,대한조선,2020,KOSPI,선박 및 보트 건조업,0,0,0,0,,,,,,,,,,,,,,,,,,,,,,,2025-08-01,,,0,,,,,,,,,0.0
439260,00182696,대한조선,2021,KOSPI,선박 및 보트 건조업,0,0,0,0,,,,,,,,,,,,,,,,,,,,,,,2025-08-01,,,0,,,,,,,,,0.0
439260,00182696,대한조선,2022,KOSPI,선박 및 보트 건조업,0,0,0,0,,,,,,,,,,,,,,,,,,,,,,,2025-08-01,,,0,,,,,,,,,0.0
439260,00182696,대한조선,2023,KOSPI,선박 및 보트 건조업,0,0,0,0,,,,,,,,,,,,,,,,,,,,,,,2025-08-01,,,0,,,,,,,,,0.0
439260,00182696,대한조선,2024,KOSPI,선박 및 보트 건조업,0,0,0,0,,,,,,,,,,,,,,,,,,,,,,,2025-08-01,,,0,,,,,,,,,0.0
483650,01649204,달바글로벌,2018,KOSPI,기타 화학제품 제조업,0,0,0,0,,,,,,,,,,,,,,,,,,,,,,,2025-05-22,,,0,,,,,,,,,0.0
483650,01649204,달바글로벌,2019,KOSPI,기타 화학제품 제조업,0,0,0,0,,,,,,,,,,,,,,,,,,,,,,,2025-05-22,,,0,,,,,,,,,0.0
483650,01649204,달바글로벌,2020,KOSPI,기타 화학제품 제조업,0,0,0,0,,,,,,,,,,,,,,,,,,,,,,,2025-05-22,,,0,,,,,,,,,0.0
483650,01649204,달바글로벌,2021,KOSPI,기타 화학제품 제조업,0,0,0,0,,,,,,,,,,,,,,,,,,,,,,,2025-05-22,,,0,,,,,,,,,0.0
483650,01649204,달바글로벌,2022,KOSPI,기타 화학제품 제조업,0,0,0,0,,,,,,,,,,,,,,,,,,,,,,,2025-05-22,,,0,,,,,,,,,0.0
483650,01649204,달바글로벌,2023,KOSPI,기타 화학제품 제조업,0,0,0,0,,,,,,,,,,,,,,,,,,,,,,,2025-05-22,,,0,,,,,,,,,0.0
483650,01649204,달바글로벌,2024,KOSPI,기타 화학제품 제조업,0,0,0,0,삼일회계법인,1.0,1.0,,0.0,,5.0,2.0,0.4,18.5,79.2,76.0,136108165193.0,34039092723.0,102069072470.0,309062616157.0,59844712688.0,,25.636715738874795,0.2500885429961745,,0.0,2025-05-22,,,0,적정의견,,6.0,2.0,,,25.636715738874795,,0.0
480370,01210677,씨케이솔루션,2018,KOSPI,일반 목적용 기계 제조업,0,0,0,0,,,,,,,,,,,,,,,,,,,,,,,2025-03-17,,,0,,,,,,,,,0.0
480370,01210677,씨케이솔루션,2019,KOSPI,일반 목적용 기계 제조업,0,0,0,0,,,,,,,,,,,,,,,,,,,,,,,2025-03-17,,,0,,,,,,,,,0.0
480370,01210677,씨케이솔루션,2020,KOSPI,일반 목적용 기계 제조업,0,0,0,0,,,,,,,,,,,,,,,,,,,,,,,2025-03-17,,,0,,,,,,,,,0.0
480370,01210677,씨케이솔루션,2021,KOSPI,일반 목적용 기계 제조업,0,0,0,0,,,,,,,,,,,,,,,,,,,,,,,2025-03-17,,,0,,,,,,,,,0.0
480370,01210677,씨케이솔루션,2022,KOSPI,일반 목적용 기계 제조업,0,0,0,0,,,,,,,,,,,,,,,,,,,,,,,2025-03-17,,,0,,,,,,,,,0.0
480370,01210677,씨케이솔루션,2023,KOSPI,일반 목적용 기계 제조업,0,0,0,0,,,,,,,,,,,,,,,,,,,,,,,2025-03-17,,,0,,,,,,,,,0.0
480370,01210677,씨케이솔루션,2024,KOSPI,일반 목적용 기계 제조업,0,0,0,0,인덕회계법인,0.0,0.0,,0.0,,7.0,3.0,0.42857142857142855,69.09,61.9,13.0,188423078176.0,97291883827.0,91131194349.0,295772527163.0,16524305283.0,,25.961955687213024,0.5163480225926611,,0.0,2025-03-17,,,0,적정의견,,3.0,3.0,,,25.961955687213024,,0.0
064400,00139834,LG씨엔에스,2018,KOSPI,"컴퓨터 프로그래밍, 시스템 통합 및 관리업",0,0,0,0,안진 회계법인,1.0,1.0,280.0,0.0,0.0,,,,87.3,99.91,4999.0,,,,,,,,,,,2025-02-05,,,0,적정,4326.0,21.0,,,,,5.634789603169249,0.0
064400,00139834,LG씨엔에스,2019,KOSPI,"컴퓨터 프로그래밍, 시스템 통합 및 관리업",0,0,0,0,안진회계법인,1.0,1.0,360.0,-15.0,-0.041666666666666664,,,,87.3,99.91,5086.0,,,,,,,,,,,2025-02-05,,,0,적정,4326.0,21.0,,,,,5.886104031450156,0.0
064400,00139834,LG씨엔에스,2020,KOSPI,"컴퓨터 프로그래밍, 시스템 통합 및 관리업",0,0,0,0,안진 회계법인,1.0,1.0,,-15.0,,5.0,0.0,0.0,52.33,99.9,5376.0,,,,,,,,,,,2025-02-05,,,0,적정,,19.0,,,,,,0.0
064400,00139834,LG씨엔에스,2021,KOSPI,"컴퓨터 프로그래밍, 시스템 통합 및 관리업",0,0,0,0,안진 회계법인,1.0,1.0,,-23.0,,5.0,0.0,0.0,52.33,99.91,5813.0,,,,,,,,,,,2025-02-05,,,0,적정,,21.0,,,,,,0.0
064400,00139834,LG씨엔에스,2022,KOSPI,"컴퓨터 프로그래밍, 시스템 통합 및 관리업",1,1,0,0,삼일 회계법인,1.0,1.0,,215118.0,,5.0,,,52.32,99.92,6107.0,,,,,,,,,,,2025-02-05,20220405,20220405,0,적정,,25.0,,,,,,0.6931471805599453
064400,00139834,LG씨엔에스,2023,KOSPI,"컴퓨터 프로그래밍, 시스템 통합 및 관리업",0,0,0,0,삼일 회계법인,1.0,1.0,,215118.0,,5.0,0.0,0.0,52.32,99.94,6259.0,4040679600000.0,2172423337000.0,1868256263000.0,5605300168000.0,464048383000.0,,29.027434011576357,0.5376381084508656,,0.0,2025-02-05,,,0,적정,,20.0,0.0,0.0,0.0,29.027434011576357,,0.0
064400,00139834,LG씨엔에스,2024,KOSPI,"컴퓨터 프로그래밍, 시스템 통합 및 관리업",0,0,0,0,삼일 회계법인,1.0,1.0,,215110.0,,7.0,4.0,0.5714285714285714,52.32,99.96,6858.0,4504507763000.0,2381697364000.0,2122810399000.0,5982627063000.0,512864077000.0,,29.136099736424143,0.5287364323274671,,0.0,2025-02-05,,,0,적정의견,,15.0,4.0,,,29.136099736424143,,0.0
484870,01519790,엠앤씨솔루션,2018,KOSPI,특수 목적용 기계 제조업,0,0,0,0,,,,,,,,,,,,,,,,,,,,,,,2024-12-16,,,0,,,,,,,,,0.0
484870,01519790,엠앤씨솔루션,2019,KOSPI,특수 목적용 기계 제조업,0,0,0,0,,,,,,,,,,,,,,,,,,,,,,,2024-12-16,,,0,,,,,,,,,0.0
484870,01519790,엠앤씨솔루션,2020,KOSPI,특수 목적용 기계 제조업,0,0,0,0,,,,,,,,,,,,,,,,,,,,,,,2024-12-16,,,0,,,,,,,,,0.0
484870,01519790,엠앤씨솔루션,2021,KOSPI,특수 목적용 기계 제조업,0,0,0,0,,,,,,,,,,,,,,,,,,,,,,,2024-12-16,,,0,,,,,,,,,0.0
484870,01519790,엠앤씨솔루션,2022,KOSPI,특수 목적용 기계 제조업,0,0,0,0,,,,,,,,,,,,,,,,,,,,,,,2024-12-16,,,0,,,,,,,,,0.0
484870,01519790,엠앤씨솔루션,2023,KOSPI,특수 목적용 기계 제조업,0,0,0,0,,,,,,,,,,,,,,,,,,,,,,,2024-12-16,,,0,,,,,,,,,0.0
484870,01519790,엠앤씨솔루션,2024,KOSPI,특수 목적용 기계 제조업,0,0,0,0,이촌회계법인,0.0,1.0,,0.0,,7.0,3.0,0.42857142857142855,73.78,99.98,18788.0,357113314488.0,191727483272.0,165385831216.0,282796626108.0,34824919168.0,,26.601318975892347,0.5368813636839144,,0.0,2024-12-16,,,0,적정의견,,6.0,3.0,,2.0,26.601318975892347,,0.0
475560,00968607,더본코리아,2018,KOSPI,상품 종합 도매업,0,0,0,0,,,,,,,,,,,,,,,,,,,,,,,2024-11-06,,,0,,,,,,,,,0.0
475560,00968607,더본코리아,2019,KOSPI,상품 종합 도매업,0,0,0,0,,,,,,,,,,,,,,,,,,,,,,,2024-11-06,,,0,,,,,,,,,0.0
475560,00968607,더본코리아,2020,KOSPI,상품 종합 도매업,0,0,0,0,,,,,,,,,,,,,,,,,,,,,,,2024-11-06,,,0,,,,,,,,,0.0
475560,00968607,더본코리아,2021,KOSPI,상품 종합 도매업,0,0,0,0,,,,,,,,,,,,,,,,,,,,,,,2024-11-06,,,0,,,,,,,,,0.0
475560,00968607,더본코리아,2022,KOSPI,상품 종합 도매업,0,0,0,0,,,,,,,,,,,,,,,,,,,,,,,2024-11-06,,,0,,,,,,,,,0.0
475560,00968607,더본코리아,2023,KOSPI,상품 종합 도매업,0,0,0,0,,,,,,,,,,,,,,,,,,,,,,,2024-11-06,,,0,,,,,,,,,0.0
475560,00968607,더본코리아,2024,KOSPI,상품 종합 도매업,0,0,0,0,삼일회계법인,1.0,1.0,,0.0,,7.0,3.0,0.42857142857142855,74.4,99.996,85422.0,352697366866.0,85109581494.0,267587785372.0,464151201512.0,36023906701.0,,26.58887620851269,0.24131051005644624,,0.0,2024-11-06,,,0,적정의견,,3.0,3.0,,,26.58887620851269,,0.0
489790,01867758,한화비전,2018,KOSPI,통신 및 방송 장비 제조업,0,0,0,0,,,,,,,,,,,,,,,,,,,,,,,2024-09-27,,,0,,,,,,,,,0.0
489790,01867758,한화비전,2019,KOSPI,통신 및 방송 장비 제조업,0,0,0,0,,,,,,,,,,,,,,,,,,,,,,,2024-09-27,,,0,,,,,,,,,0.0
489790,01867758,한화비전,2020,KOSPI,통신 및 방송 장비 제조업,0,0,0,0,,,,,,,,,,,,,,,,,,,,,,,2024-09-27,,,0,,,,,,,,,0.0
489790,01867758,한화비전,2021,KOSPI,통신 및 방송 장비 제조업,0,0,0,0,,,,,,,,,,,,,,,,,,,,,,,2024-09-27,,,0,,,,,,,,,0.0
489790,01867758,한화비전,2022,KOSPI,통신 및 방송 장비 제조업,0,0,0,0,,,,,,,,,,,,,,,,,,,,,,,2024-09-27,,,0,,,,,,,,,0.0
489790,01867758,한화비전,2023,KOSPI,통신 및 방송 장비 제조업,0,0,0,0,,,,,,,,,,,,,,,,,,,,,,,2024-09-27,,,0,,,,,,,,,0.0
489790,01867758,한화비전,2024,KOSPI,통신 및 방송 장비 제조업,0,0,0,0,삼일회계법인,1.0,1.0,,0.0,,4.0,3.0,0.75,33.96,99.99,91065.0,1591146181854.0,766419408117.0,824726773737.0,493322362934.0,-120362075.0,,28.09547574154993,0.481677558515692,,0.0,2024-09-27,,,0,적정의견,,6.0,3.0,,,28.09547574154993,,0.0
079900,00372129,전진건설로봇,2018,KOSPI,특수 목적용 기계 제조업,0,0,0,0,,,,,,,,,,,,,,,,,,,,,,,2024-08-19,,,0,,,,,,,,,0.0
079900,00372129,전진건설로봇,2019,KOSPI,특수 목적용 기계 제조업,0,0,0,0,,,,,,,,,,,,,,,,,,,,,,,2024-08-19,,,0,,,,,,,,,0.0
079900,00372129,전진건설로봇,2020,KOSPI,특수 목적용 기계 제조업,0,0,0,0,,,,,,,,,,,,,,,,,,,,,,,2024-08-19,,,0,,,,,,,,,0.0
079900,00372129,전진건설로봇,2021,KOSPI,특수 목적용 기계 제조업,0,0,0,0,,,,,,,,,,,,,,,,,,,,,,,2024-08-19,,,0,,,,,,,,,0.0
079900,00372129,전진건설로봇,2022,KOSPI,특수 목적용 기계 제조업,0,0,0,0,,,,,,,,,,,,,,,,,,,,,,,2024-08-19,,,0,,,,,,,,,0.0
079900,00372129,전진건설로봇,2023,KOSPI,특수 목적용 기계 제조업,0,0,0,0,,,,,,,,,,,,,,,,,,,,,,,2024-08-19,,,0,,,,,,,,,0.0
079900,00372129,전진건설로봇,2024,KOSPI,특수 목적용 기계 제조업,0,0,0,0,삼일회계법인,1.0,1.0,,0.0,,4.0,2.0,0.5,78.4,99.9,27212.0,219236327906.0,64838435404.0,154397892502.0,169785980240.0,31345210502.0,,26.11341610778683,0.295746767989109,,0.0,2024-08-19,,,0,적정의견,,6.0,1.0,,,26.11341610778683,,0.0
062040,00366438,산일전기,2018,KOSPI,"전동기, 발전기 및 전기 변환 · 공급 · 제어 장치 제조업",0,0,0,0,,,,,,,,,,,,,,,,,,,,,,,2024-07-29,,,0,,,,,,,,,0.0
062040,00366438,산일전기,2019,KOSPI,"전동기, 발전기 및 전기 변환 · 공급 · 제어 장치 제조업",0,0,0,0,,,,,,,,,,,,,,,,,,,,,,,2024-07-29,,,0,,,,,,,,,0.0
062040,00366438,산일전기,2020,KOSPI,"전동기, 발전기 및 전기 변환 · 공급 · 제어 장치 제조업",0,0,0,0,,,,,,,,,,,,,,,,,,,,,,,2024-07-29,,,0,,,,,,,,,0.0
062040,00366438,산일전기,2021,KOSPI,"전동기, 발전기 및 전기 변환 · 공급 · 제어 장치 제조업",0,0,0,0,,,,,,,,,,,,,,,,,,,,,,,2024-07-29,,,0,,,,,,,,,0.0
062040,00366438,산일전기,2022,KOSPI,"전동기, 발전기 및 전기 변환 · 공급 · 제어 장치 제조업",0,0,0,0,,,,,,,,,,,,,,,,,,,,,,,2024-07-29,,,0,,,,,,,,,0.0
062040,00366438,산일전기,2023,KOSPI,"전동기, 발전기 및 전기 변환 · 공급 · 제어 장치 제조업",0,0,0,0,,,,,,,,,,,,,,,,,,,,,,,2024-07-29,,,0,,,,,,,,,0.0
062040,00366438,산일전기,2024,KOSPI,"전동기, 발전기 및 전기 변환 · 공급 · 제어 장치 제조업",0,0,0,0,-,0.0,0.0,,0.0,,5.0,3.0,0.6,56.62,99.97,32131.0,492674198507.0,58432311269.0,434241887238.0,333996550771.0,109231906505.0,,26.923113937572836,0.1186023368913438,,0.0,2024-07-29,,,0,,,3.0,2.0,,,26.923113937572836,,0.0
462870,01384787,시프트업,2018,KOSPI,소프트웨어 개발 및 공급업,0,0,0,0,,,,,,,,,,,,,,,,,,,,,,,2024-07-11,,,0,,,,,,,,,0.0
462870,01384787,시프트업,2019,KOSPI,소프트웨어 개발 및 공급업,0,0,0,0,,,,,,,,,,,,,,,,,,,,,,,2024-07-11,,,0,,,,,,,,,0.0
462870,01384787,시프트업,2020,KOSPI,소프트웨어 개발 및 공급업,0,0,0,0,,,,,,,,,,,,,,,,,,,,,,,2024-07-11,,,0,,,,,,,,,0.0
462870,01384787,시프트업,2021,KOSPI,소프트웨어 개발 및 공급업,0,0,0,0,,,,,,,,,,,,,,,,,,,,,,,2024-07-11,,,0,,,,,,,,,0.0
462870,01384787,시프트업,2022,KOSPI,소프트웨어 개발 및 공급업,0,0,0,0,,,,,,,,,,,,,,,,,,,,,,,2024-07-11,,,0,,,,,,,,,0.0
462870,01384787,시프트업,2023,KOSPI,소프트웨어 개발 및 공급업,0,0,0,0,,,,,,,,,,,,,,,,,,,,,,,2024-07-11,,,0,,,,,,,,,0.0
462870,01384787,시프트업,2024,KOSPI,소프트웨어 개발 및 공급업,0,0,0,0,한영회계법인,1.0,1.0,,0.0,,7.0,3.0,0.42857142857142855,42.98,99.99,73551.0,803831909889.0,39427774284.0,764404135605.0,224084645616.0,152676273166.0,,27.412656016965524,0.0490497749578572,,0.0,2024-07-11,,,0,적정의견,,3.0,,,,27.412656016965524,,0.0
034230,00171265,파라다이스,2018,KOSPI,유원지 및 기타 오락관련 서비스업,0,0,0,0,삼일회계법인,1.0,1.0,270000.0,0.0,0.0,,,,45.64,99.98,41479.0,3150767406528.0,1524675674151.0,1626091732377.0,787616484264.0,2407781942.0,,28.778667160215285,0.48390613378571223,,0.0,2024-06-24,,,0,적정,3159.0,12.0,,,,28.778667160215285,12.506177237980511,0.0
034230,00171265,파라다이스,2019,KOSPI,유원지 및 기타 오락관련 서비스업,0,0,0,0,삼일회계법인,1.0,1.0,290000.0,0.0,0.0,,,,46.1,99.99,36769.0,3470353602407.0,1866151021754.0,1604202580653.0,979432908913.0,51868333792.0,,28.875277607406538,0.5377408862484957,,0.0,2024-06-24,,,0,적정,3499.0,14.0,,,,28.875277607406538,12.577636201962656,0.0
034230,00171265,파라다이스,2020,KOSPI,유원지 및 기타 오락관련 서비스업,0,0,0,0,삼일회계법인,1.0,1.0,,0.0,,4.0,2.0,0.5,46.38,99.99,47329.0,3313512458993.0,1879962245119.0,1433550213874.0,453881181278.0,-86150819625.0,,28.829029908537944,0.5673623589423091,,0.0,2024-06-24,,,0,적정,,12.0,1.0,0.0,1.0,28.829029908537944,,0.0
034230,00171265,파라다이스,2021,KOSPI,유원지 및 기타 오락관련 서비스업,1,1,0,0,삼일회계법인,1.0,1.0,,0.0,,5.0,2.0,0.4,46.38,99.99,72474.0,3471796250289.0,1957355763818.0,1514440486471.0,414466172837.0,-55245896594.0,,28.875693227332174,0.5637876253985428,,0.0,2024-06-24,20210419,20210419,0,적정,,10.0,2.0,,1.0,28.875693227332174,,0.6931471805599453
034230,00171265,파라다이스,2022,KOSPI,유원지 및 기타 오락관련 서비스업,0,0,0,0,삼덕회계법인,0.0,1.0,,0.0,,5.0,2.0,0.4,46.27,99.97,53875.0,3511523805592.0,1826356918264.0,1685166887328.0,587637410933.0,10412544286.0,,28.887071191845305,0.5201038122981195,,0.0,2024-06-24,,,0,적정,,7.0,,,,28.887071191845305,,0.0
034230,00171265,파라다이스,2023,KOSPI,유원지 및 기타 오락관련 서비스업,0,0,0,0,삼덕회계법인,0.0,1.0,,0.0,,4.0,2.0,0.5,45.86,99.98,57852.0,3618279367040.0,1832814279870.0,1785465087170.0,994199113643.0,145770072264.0,,28.917019715796833,0.5065430537414162,,0.0,2024-06-24,,,0,적정,,4.0,2.0,,,28.917019715796833,,0.0
034230,00171265,파라다이스,2024,KOSPI,유원지 및 기타 오락관련 서비스업,0,0,0,0,삼덕회계법인,0.0,1.0,,0.0,,5.0,3.0,0.6,45.57,99.99,52699.0,3933768381301.0,1858565750759.0,2075202630542.0,1072108965111.0,136055145217.0,,29.00061895803124,0.4724644591668419,,0.0,2024-06-24,,,0,적정의견,,3.0,1.0,,,29.00061895803124,,0.0
443060,01194689,HD현대마린솔루션,2018,KOSPI,"건축기술, 엔지니어링 및 관련 기술 서비스업",0,0,0,0,,,,,,,,,,,,,,,,,,,,,,,2024-05-08,,,0,,,,,,,,,0.0
443060,01194689,HD현대마린솔루션,2019,KOSPI,"건축기술, 엔지니어링 및 관련 기술 서비스업",0,0,0,0,,,,,,,,,,,,,,,,,,,,,,,2024-05-08,,,0,,,,,,,,,0.0
443060,01194689,HD현대마린솔루션,2020,KOSPI,"건축기술, 엔지니어링 및 관련 기술 서비스업",0,0,0,0,,,,,,,,,,,,,,,,,,,,,,,2024-05-08,,,0,,,,,,,,,0.0
443060,01194689,HD현대마린솔루션,2021,KOSPI,"건축기술, 엔지니어링 및 관련 기술 서비스업",0,0,0,0,,,,,,,,,,,,,,,,,,,,,,,2024-05-08,,,0,,,,,,,,,0.0
443060,01194689,HD현대마린솔루션,2022,KOSPI,"건축기술, 엔지니어링 및 관련 기술 서비스업",0,0,0,0,,,,,,,,,,,,,,,,,,,,,,,2024-05-08,,,0,,,,,,,,,0.0
443060,01194689,HD현대마린솔루션,2023,KOSPI,"건축기술, 엔지니어링 및 관련 기술 서비스업",0,0,0,0,,,,,,,,,,,,,,,,,,,,,,,2024-05-08,,,0,,,,,,,,,0.0
443060,01194689,HD현대마린솔루션,2024,KOSPI,"건축기술, 엔지니어링 및 관련 기술 서비스업",0,0,0,0,삼일회계법인,1.0,1.0,,0.0,,7.0,4.0,0.5714285714285714,55.34,99.99,53509.0,1152227968481.0,378693406923.0,773534561558.0,1745458578779.0,271729951500.0,,27.772718547931166,0.32866187706087135,,0.0,2024-05-08,,,0,적정의견,,3.0,,,,27.772718547931166,,0.0
475150,01817081,SK이터닉스,2018,KOSPI,건물 건설업,0,0,0,0,,,,,,,,,,,,,,,,,,,,,,,2024-03-29,,,0,,,,,,,,,0.0
475150,01817081,SK이터닉스,2019,KOSPI,건물 건설업,0,0,0,0,,,,,,,,,,,,,,,,,,,,,,,2024-03-29,,,0,,,,,,,,,0.0
475150,01817081,SK이터닉스,2020,KOSPI,건물 건설업,0,0,0,0,,,,,,,,,,,,,,,,,,,,,,,2024-03-29,,,0,,,,,,,,,0.0
475150,01817081,SK이터닉스,2021,KOSPI,건물 건설업,0,0,0,0,,,,,,,,,,,,,,,,,,,,,,,2024-03-29,,,0,,,,,,,,,0.0
475150,01817081,SK이터닉스,2022,KOSPI,건물 건설업,0,0,0,0,,,,,,,,,,,,,,,,,,,,,,,2024-03-29,,,0,,,,,,,,,0.0
475150,01817081,SK이터닉스,2023,KOSPI,건물 건설업,0,0,0,0,,,,,,,,,,,,,,,,,,,,,,,2024-03-29,,,0,,,,,,,,,0.0
475150,01817081,SK이터닉스,2024,KOSPI,건물 건설업,0,0,0,0,삼정회계법인,1.0,1.0,,0.0,,4.0,1.0,0.25,31.08,99.99,47388.0,731694676657.0,489721923418.0,241972753239.0,332151737229.0,37637399717.0,,27.318629155501743,0.6692981909550905,,0.0,2024-03-29,,,0,적정의견,,6.0,1.0,,,27.318629155501743,,0.0
278470,01190568,에이피알,2018,KOSPI,기타 화학제품 제조업,1,2,0,0,"삼일회계법인
한영회계법인",1.0,1.0,9000000030000000.0,0.0,0.0,,,,61.42,99.62,3116.0,,,,,,,,,,,2024-02-27,20180417,20180528,0,"적정
검토",337.0,3.0,,,,,36.73600097558024,1.0986122886681098
278470,01190568,에이피알,2019,KOSPI,기타 화학제품 제조업,1,3,0,0,삼일회계법인,1.0,1.0,9030.0,0.0,0.0,,,,61.42,99.62,3119.0,60525209508.0,51128456543.0,9396752965.0,158999740099.0,7152417688.0,,24.826325801276315,0.8447464611624687,,0.0,2024-02-27,20190528,20191114,0,적정,1762.0,3.0,,,,24.826325801276315,9.108307646411031,1.3862943611198906
278470,01190568,에이피알,2020,KOSPI,기타 화학제품 제조업,1,5,0,0,현대회계법인,0.0,1.0,,0.0,,7.0,2.0,0.2857142857142857,56.6,99.6,3078.0,91828661321.0,40128746173.0,51699915148.0,219939337665.0,14469696877.0,,25.243190300669657,0.4369958746618806,,0.0,2024-02-27,20200814,20200924,0,적정,,6.0,3.0,,,25.243190300669657,,1.791759469228055
278470,01190568,에이피알,2021,KOSPI,기타 화학제품 제조업,0,0,0,0,현대회계법인,0.0,1.0,,0.0,,6.0,3.0,0.5,55.4,99.5,3074.0,126428830150.0,60427749526.0,66001080624.0,259146144182.0,14273152154.0,,25.562945379281114,0.47795862268365696,,0.0,2024-02-27,,,0,적정,,6.0,1.0,,,25.562945379281114,,0.0
278470,01190568,에이피알,2022,KOSPI,기타 화학제품 제조업,0,0,0,0,현대회계법인,0.0,1.0,,0.0,,6.0,3.0,0.5,38.1,99.34,3163.0,184122622814.0,83864628098.0,100257994716.0,397698119336.0,39228479397.0,,25.9388678009276,0.45548247584285034,,0.0,2024-02-27,,,0,적정,,6.0,,,,25.9388678009276,,0.0
278470,01190568,에이피알,2023,KOSPI,기타 화학제품 제조업,0,0,0,0,안진회계법인,1.0,1.0,,0.0,,5.0,3.0,0.6,36.6,99.49,3601.0,287309488243.0,90360619465.0,196948868778.0,523809364559.0,104193724865.0,,26.38382582794497,0.3145062142485701,,0.0,2024-02-27,,,0,적정,,6.0,2.0,,2.0,26.38382582794497,,0.0
278470,01190568,에이피알,2024,KOSPI,기타 화학제품 제조업,0,0,0,0,현대회계법인,0.0,1.0,,0.0,,5.0,3.0,0.6,32.62,99.98,54425.0,565143563187.0,241619489197.0,323524073990.0,722753862301.0,122705544449.0,,27.06034562995269,0.4275364791106197,,0.0,2024-02-27,,,0,적정의견,,6.0,1.0,,,27.06034562995269,,0.0
066970,00398701,엘앤에프,2018,KOSPI,일차전지 및 이차전지 제조업,0,0,0,0,경신회계법인,0.0,1.0,204.0,0.0,0.0,,,,29.39,99.9,21023.0,330981611163.0,187992116545.0,142989494618.0,505664305453.0,27020669071.0,,26.525328655381426,0.5679835682847609,,0.0,2024-01-29,,,0,적정,1700.0,3.0,,,,26.525328655381426,5.318119993844216,0.0
066970,00398701,엘앤에프,2019,KOSPI,일차전지 및 이차전지 제조업,0,0,0,0,선일회계법인,0.0,1.0,204.0,0.0,0.0,,,,28.42,99.93,25446.0,416201278724.0,284380746162.0,131820532562.0,313264234672.0,-7662576802.0,,26.75443482327989,0.6832769640541745,,0.0,2024-01-29,,,0,적정,1700.0,3.0,,,,26.75443482327989,5.318119993844216,0.0
066970,00398701,엘앤에프,2020,KOSPI,일차전지 및 이차전지 제조업,0,0,0,0,선일회계법인,0.0,1.0,,0.0,,2.0,3.0,1.5,28.29,99.97,79103.0,466217399194.0,268611553374.0,197605845820.0,356105956054.0,1470005055.0,,26.867917884160097,0.5761508554557973,,0.0,2024-01-29,,,0,적정,,3.0,,,,26.867917884160097,,0.0
066970,00398701,엘앤에프,2021,KOSPI,일차전지 및 이차전지 제조업,0,0,0,0,선일회계법인,0.0,1.0,,0.0,,3.0,3.0,1.0,24.71,99.99,148544.0,1532199428137.0,897009072581.0,635190355556.0,970760874482.0,44252213145.0,,28.057725353799064,0.5854388509149051,,0.0,2024-01-29,,,0,적정,,6.0,1.0,,,28.057725353799064,,0.0
066970,00398701,엘앤에프,2022,KOSPI,일차전지 및 이차전지 제조업,0,0,0,0,선일회계법인,0.0,1.0,,0.0,,3.0,3.0,1.0,23.87,99.99,173902.0,3023932974764.0,1738602594287.0,1285330380477.0,3887293713353.0,266321029961.0,,28.737579409570305,0.574947463715755,,0.0,2024-01-29,,,0,적정,,6.0,2.0,,,28.737579409570305,,0.0
066970,00398701,엘앤에프,2023,KOSPI,일차전지 및 이차전지 제조업,1,1,1,1,선일회계법인,0.0,1.0,,0.0,,8.0,5.0,0.625,23.74,99.99,248871.0,3351444610588.0,2241456006787.0,1109988603801.0,4644090367589.0,-222296651919.0,,28.840412595855057,0.6688029393968543,,0.0,2024-01-29,20230828,20230828,24,적정,,3.0,2.0,,,28.840412595855057,,0.6931471805599453
066970,00398701,엘앤에프,2024,KOSPI,일차전지 및 이차전지 제조업,1,1,1,1,선일회계법인,0.0,1.0,,0.0,,8.0,5.0,0.625,23.72,99.99,222775.0,2799831517733.0,2076483586372.0,723347931361.0,1907478512809.0,-558685355192.0,,28.660580359061072,0.74164590734135,,0.0,2024-01-29,20240328,20240328,24,적정의견,,3.0,1.0,,,28.660580359061072,,0.6931471805599453
022100,00155212,포스코DX,2018,KOSPI,"건축기술, 엔지니어링 및 관련 기술 서비스업",1,1,0,0,한영회계법인,1.0,1.0,425.0,0.0,0.0,,,,66.28,99.99,35639.0,610232471497.0,271039578383.0,339192893114.0,927076974004.0,42133726169.0,,27.137105822328053,0.44415790873615035,,0.0,2024-01-02,20180622,20180622,0,적정,4389.0,3.0,,,,27.137105822328053,6.052089168924417,0.6931471805599453
022100,00155212,포스코DX,2019,KOSPI,"건축기술, 엔지니어링 및 관련 기술 서비스업",0,0,0,0,한영회계법인,1.0,1.0,405.0,0.0,0.0,,,,66.25,99.97,32628.0,675419399549.0,309150208218.0,366269191331.0,969787009533.0,48101224987.0,,27.238599667536903,0.45771591462198136,,0.0,2024-01-02,,,0,적정,4431.0,3.0,,,,27.238599667536903,6.003887067106539,0.0
022100,00155212,포스코DX,2020,KOSPI,"건축기술, 엔지니어링 및 관련 기술 서비스업",0,0,0,0,삼정회계법인,1.0,1.0,,0.0,,4.0,1.0,0.25,66.17,99.99,72640.0,684444510737.0,314481678466.0,369962832271.0,964202340142.0,26087467478.0,,27.25187341299376,0.45946994026932975,,0.0,2024-01-02,,,0,적정,,3.0,1.0,,,27.25187341299376,,0.0
022100,00155212,포스코DX,2021,KOSPI,"건축기술, 엔지니어링 및 관련 기술 서비스업",0,0,0,0,삼정회계법인,1.0,0.0,,0.0,,4.0,1.0,0.25,66.17,99.999,170632.0,646969959736.0,287766033952.0,359203925784.0,869274143659.0,-19477262841.0,,27.19556570028594,0.44479041046886425,,0.0,2024-01-02,,,0,적정,,3.0,,,,27.19556570028594,,0.0
022100,00155212,포스코DX,2022,KOSPI,"건축기술, 엔지니어링 및 관련 기술 서비스업",1,1,0,0,삼정회계법인,1.0,0.0,,0.0,,4.0,1.0,0.25,66.16,99.99,154795.0,851593785984.0,437601276125.0,413992509859.0,1152680199426.0,64668494002.0,,27.470375473067342,0.5138615186339814,,0.0,2024-01-02,20220504,20220504,0,적정,,6.0,1.0,1.0,,27.470375473067342,,0.6931471805599453
022100,00155212,포스코DX,2023,KOSPI,"건축기술, 엔지니어링 및 관련 기술 서비스업",0,0,0,0,삼정회계법인,1.0,1.0,,0.0,,4.0,1.0,0.25,66.17,99.99,235155.0,889807220460.0,428357838257.0,461449382203.0,1485875620930.0,110563784581.0,,27.51427066998536,0.4814052172284617,,0.0,2024-01-02,,,0,적정,,6.0,,,,27.51427066998536,,0.0
022100,00155212,포스코DX,2024,KOSPI,"건축기술, 엔지니어링 및 관련 기술 서비스업",1,2,1,2,한영회계법인,1.0,1.0,,0.0,,5.0,2.0,0.4,65.83,99.997,228149.0,892453016139.0,366555515263.0,525897500876.0,1473290670631.0,108991969223.0,,27.517239706233003,0.4107280816292393,,0.0,2024-01-02,20240313,20240618,48,적정의견,,6.0,2.0,,,27.517239706233003,,1.0986122886681098
017860,00108612,DS단석,2018,KOSPI,기타 화학제품 제조업,0,0,0,0,,,,,,,,,,,,,,,,,,,,,,,2023-12-22,,,0,,,,,,,,,0.0
017860,00108612,DS단석,2019,KOSPI,기타 화학제품 제조업,0,0,0,0,,,,,,,,,,,,,,,,,,,,,,,2023-12-22,,,0,,,,,,,,,0.0
017860,00108612,DS단석,2020,KOSPI,기타 화학제품 제조업,0,0,0,0,,,,,,,,,,,,,,,,,,,,,,,2023-12-22,,,0,,,,,,,,,0.0
017860,00108612,DS단석,2021,KOSPI,기타 화학제품 제조업,0,0,0,0,,,,,,,,,,,,,,,,,,,,,,,2023-12-22,,,0,,,,,,,,,0.0
017860,00108612,DS단석,2022,KOSPI,기타 화학제품 제조업,0,0,0,0,,,,,,,,,,,,,,,,,,,,,,,2023-12-22,,,0,,,,,,,,,0.0
017860,00108612,DS단석,2023,KOSPI,기타 화학제품 제조업,0,0,0,0,회계법인리안,0.0,1.0,,0.0,,8.0,3.0,0.375,40.64,99.98,68372.0,718904136635.0,437728925747.0,281175210888.0,1070440042557.0,76240446307.0,,27.300993857037085,0.6088835818860262,,0.0,2023-12-22,,,0,적정,,3.0,3.0,,,27.300993857037085,,0.0
017860,00108612,DS단석,2024,KOSPI,기타 화학제품 제조업,0,0,0,0,회계법인리안,0.0,1.0,,0.0,,7.0,3.0,0.42857142857142855,39.96,99.99,65355.0,735819053361.0,452780585481.0,283038467880.0,961722369625.0,12187575770.0,,27.32425007403719,0.6153422956538493,,0.0,2023-12-22,,,0,적정의견,,3.0,1.0,,1.0,27.32425007403719,,0.0
111380,00367710,동인기연,2018,KOSPI,"가죽, 가방 및 유사제품 제조업",0,0,0,0,,,,,,,,,,,,,,,,,,,,,,,2023-11-21,,,0,,,,,,,,,0.0
111380,00367710,동인기연,2019,KOSPI,"가죽, 가방 및 유사제품 제조업",0,0,0,0,,,,,,,,,,,,,,,,,,,,,,,2023-11-21,,,0,,,,,,,,,0.0
111380,00367710,동인기연,2020,KOSPI,"가죽, 가방 및 유사제품 제조업",0,0,0,0,,,,,,,,,,,,,,,,,,,,,,,2023-11-21,,,0,,,,,,,,,0.0
111380,00367710,동인기연,2021,KOSPI,"가죽, 가방 및 유사제품 제조업",0,0,0,0,,,,,,,,,,,,,,,,,,,,,,,2023-11-21,,,0,,,,,,,,,0.0
111380,00367710,동인기연,2022,KOSPI,"가죽, 가방 및 유사제품 제조업",0,0,0,0,,,,,,,,,,,,,,,,,,,,,,,2023-11-21,,,0,,,,,,,,,0.0
111380,00367710,동인기연,2023,KOSPI,"가죽, 가방 및 유사제품 제조업",0,0,0,0,안진회계법인,1.0,1.0,,0.0,,4.0,1.0,0.25,68.33,99.99,12032.0,217309008513.0,84551635875.0,132757372638.0,216057247215.0,28253714819.0,,26.104586179921057,0.3890848173003463,,0.0,2023-11-21,,,0,적정,,6.0,,,,26.104586179921057,,0.0
111380,00367710,동인기연,2024,KOSPI,"가죽, 가방 및 유사제품 제조업",0,0,0,0,안진회계법인,1.0,1.0,,0.0,,4.0,2.0,0.5,68.37,99.99,4613.0,292407975377.0,143110185044.0,149297790333.0,226691392865.0,21119302102.0,,26.401415840021198,0.4894195681888937,,0.0,2023-11-21,,,0,적정의견,,6.0,2.0,,1.0,26.401415840021198,,0.0
450080,01311408,에코프로머티,2018,KOSPI,일차전지 및 이차전지 제조업,0,0,0,0,,,,,,,,,,,,,,,,,,,,,,,2023-11-17,,,0,,,,,,,,,0.0
450080,01311408,에코프로머티,2019,KOSPI,일차전지 및 이차전지 제조업,0,0,0,0,,,,,,,,,,,,,,,,,,,,,,,2023-11-17,,,0,,,,,,,,,0.0
450080,01311408,에코프로머티,2020,KOSPI,일차전지 및 이차전지 제조업,0,0,0,0,,,,,,,,,,,,,,,,,,,,,,,2023-11-17,,,0,,,,,,,,,0.0
450080,01311408,에코프로머티,2021,KOSPI,일차전지 및 이차전지 제조업,0,0,0,0,,,,,,,,,,,,,,,,,,,,,,,2023-11-17,,,0,,,,,,,,,0.0
450080,01311408,에코프로머티,2022,KOSPI,일차전지 및 이차전지 제조업,0,0,0,0,대주회계법인,0.0,1.0,,0.0,,5.0,,,56.59,94.2,131.0,634913145189.0,320612563898.0,314300581291.0,665248278975.0,38988203638.0,,27.17675404725405,0.5049707449395469,,0.0,2023-11-17,,,0,적정,,6.0,4.0,,,27.17675404725405,,0.0
450080,01311408,에코프로머티,2023,KOSPI,일차전지 및 이차전지 제조업,0,0,0,0,대주회계법인,0.0,1.0,,0.0,,7.0,4.0,0.5714285714285714,45.99,99.99,138512.0,1104235205797.0,305137809602.0,799097396195.0,952523315840.0,8772772409.0,,27.73017408982096,0.2763340708574508,,0.0,2023-11-17,,,0,적정,,6.0,1.0,,1.0,27.73017408982096,,0.0
450080,01311408,에코프로머티,2024,KOSPI,일차전지 및 이차전지 제조업,1,1,1,1,대주회계법인,0.0,1.0,,0.0,,7.0,4.0,0.5714285714285714,45.45,99.9,132734.0,1290236698738.0,552631250526.0,737605448212.0,299846484651.0,-64719926202.0,,27.885846804864176,0.42831772733370316,,0.0,2023-11-17,20240417,20240417,24,적정의견,,6.0,,,,27.885846804864176,,0.6931471805599453
454910,01105153,두산로보틱스,2018,KOSPI,특수 목적용 기계 제조업,0,0,0,0,,,,,,,,,,,,,,,,,,,,,,,2023-10-05,,,0,,,,,,,,,0.0
454910,01105153,두산로보틱스,2019,KOSPI,특수 목적용 기계 제조업,0,0,0,0,,,,,,,,,,,,,,,,,,,,,,,2023-10-05,,,0,,,,,,,,,0.0
454910,01105153,두산로보틱스,2020,KOSPI,특수 목적용 기계 제조업,0,0,0,0,,,,,,,,,,,,,,,,,,,,,,,2023-10-05,,,0,,,,,,,,,0.0
454910,01105153,두산로보틱스,2021,KOSPI,특수 목적용 기계 제조업,0,0,0,0,,,,,,,,,,,,,,,,,,,,,,,2023-10-05,,,0,,,,,,,,,0.0
454910,01105153,두산로보틱스,2022,KOSPI,특수 목적용 기계 제조업,0,0,0,0,,,,,,,,,,,,,,,,,,,,,,,2023-10-05,,,0,,,,,,,,,0.0
454910,01105153,두산로보틱스,2023,KOSPI,특수 목적용 기계 제조업,0,0,0,0,-,0.0,0.0,,0.0,,7.0,4.0,0.5714285714285714,68.2,99.99,286126.0,456422079722.0,17613986323.0,438808093399.0,53038372299.0,-19167549522.0,,26.84668383177029,0.03859144223199811,,0.0,2023-10-05,,,0,,,3.0,4.0,,,26.84668383177029,,0.0
454910,01105153,두산로보틱스,2024,KOSPI,특수 목적용 기계 제조업,0,0,0,0,-,0.0,0.0,,0.0,,7.0,3.0,0.42857142857142855,68.2,99.99,257174.0,421690971946.0,19189791718.0,402501180228.0,46829943837.0,-41202116246.0,,26.7675385887574,0.0455067644190812,,0.0,2023-10-05,,,0,,,3.0,,,1.0,26.7675385887574,,0.0
465770,01784394,STX그린로지스,2018,KOSPI,해상 운송업,0,0,0,0,,,,,,,,,,,,,,,,,,,,,,,2023-09-15,,,0,,,,,,,,,0.0
465770,01784394,STX그린로지스,2019,KOSPI,해상 운송업,0,0,0,0,,,,,,,,,,,,,,,,,,,,,,,2023-09-15,,,0,,,,,,,,,0.0
465770,01784394,STX그린로지스,2020,KOSPI,해상 운송업,0,0,0,0,,,,,,,,,,,,,,,,,,,,,,,2023-09-15,,,0,,,,,,,,,0.0
465770,01784394,STX그린로지스,2021,KOSPI,해상 운송업,0,0,0,0,,,,,,,,,,,,,,,,,,,,,,,2023-09-15,,,0,,,,,,,,,0.0
465770,01784394,STX그린로지스,2022,KOSPI,해상 운송업,0,0,0,0,,,,,,,,,,,,,,,,,,,,,,,2023-09-15,,,0,,,,,,,,,0.0
465770,01784394,STX그린로지스,2023,KOSPI,해상 운송업,0,0,0,0,삼정KPMG,1.0,1.0,,0.0,,3.0,1.0,0.3333333333333333,46.05,99.99,28113.0,73934283329.0,43494937062.0,30439346267.0,28310433178.0,1847006212.0,,25.02644247246729,0.5882918600624284,,0.0,2023-09-15,,,0,적정,,6.0,,,,25.02644247246729,,0.0
465770,01784394,STX그린로지스,2024,KOSPI,해상 운송업,0,0,0,0,삼정KPMG,1.0,1.0,,0.0,,5.0,2.0,0.4,46.05,99.98,20662.0,239026712635.0,163553214247.0,75473498388.0,70543551647.0,7157565667.0,,26.199841150979587,0.6842465950521187,,0.0,2023-09-15,,,0,적정의견,,5.0,1.0,,,26.199841150979587,,0.0
092790,00220613,넥스틸,2018,KOSPI,1차 철강 제조업,0,0,0,0,,,,,,,,,,,,,,,,,,,,,,,2023-08-21,,,0,,,,,,,,,0.0
092790,00220613,넥스틸,2019,KOSPI,1차 철강 제조업,0,0,0,0,,,,,,,,,,,,,,,,,,,,,,,2023-08-21,,,0,,,,,,,,,0.0
092790,00220613,넥스틸,2020,KOSPI,1차 철강 제조업,0,0,0,0,,,,,,,,,,,,,,,,,,,,,,,2023-08-21,,,0,,,,,,,,,0.0
092790,00220613,넥스틸,2021,KOSPI,1차 철강 제조업,0,0,0,0,,,,,,,,,,,,,,,,,,,,,,,2023-08-21,,,0,,,,,,,,,0.0
092790,00220613,넥스틸,2022,KOSPI,1차 철강 제조업,0,0,0,0,,,,,,,,,,,,,,,,,,,,,,,2023-08-21,,,0,,,,,,,,,0.0
092790,00220613,넥스틸,2023,KOSPI,1차 철강 제조업,0,0,0,0,동현회계법인,0.0,1.0,,0.0,,6.0,3.0,0.5,61.73,99.95,12804.0,642480608085.0,197535613796.0,444944994289.0,619052056916.0,157337247358.0,,27.18860247129143,0.30745770582054066,,0.0,2023-08-21,,,0,적정,,3.0,3.0,,,27.18860247129143,,0.0
092790,00220613,넥스틸,2024,KOSPI,1차 철강 제조업,0,0,0,0,성현회계법인,0.0,1.0,,0.0,,6.0,3.0,0.5,61.69,99.98,15765.0,691783323885.0,226851563384.0,464931760501.0,552365337649.0,63204878400.0,,27.26253862775998,0.32792285611919597,,0.0,2023-08-21,,,0,적정의견,,6.0,,,,27.26253862775998,,0.0
030190,00158325,NICE평가정보,2018,KOSPI,기타 정보 서비스업,0,0,0,0,삼정회계법인,1.0,1.0,87000.0,0.0,0.0,,,,42.99,99.75,4974.0,268056186123.0,69699613989.0,198356572134.0,383774178387.0,48605375969.0,,26.314462445196526,0.260018673685888,,0.0,2023-08-08,,,0,적정,1843.0,22.0,,,,26.314462445196526,11.37366339763672,0.0
030190,00158325,NICE평가정보,2019,KOSPI,기타 정보 서비스업,0,0,0,0,삼정회계법인,1.0,1.0,145000.0,0.0,0.0,,,,42.99,99.85,6713.0,319082830527.0,94901758099.0,224181072428.0,410914933674.0,51340882668.0,,26.48871656285071,0.29742044704273,,0.0,2023-08-08,,,0,적정,2418.0,21.0,,,,26.48871656285071,11.884489021402711,0.0
030190,00158325,NICE평가정보,2020,KOSPI,기타 정보 서비스업,0,0,0,0,삼정회계법인,1.0,1.0,,0.0,,5.0,3.0,0.6,42.99,99.92,11305.0,368803630914.0,110002235169.0,258801395745.0,446005796022.0,62718416760.0,,26.633530173791883,0.29826776622665907,,0.0,2023-08-08,,,0,적정,,22.0,3.0,,,26.633530173791883,,0.0
030190,00158325,NICE평가정보,2021,KOSPI,기타 정보 서비스업,0,0,0,0,삼정회계법인,1.0,1.0,,0.0,,8.0,3.0,0.375,42.99,99.94,23654.0,434270029814.0,132725163672.0,301544866142.0,484797305616.0,72604608652.0,,26.796932366079314,0.30562819112533934,,0.0,2023-08-08,,,0,적정,,17.0,3.0,,,26.796932366079314,,0.0
030190,00158325,NICE평가정보,2022,KOSPI,기타 정보 서비스업,0,0,0,0,한영회계법인,1.0,1.0,,0.0,,8.0,3.0,0.375,42.99,99.95,22313.0,481091462120.0,139446697557.0,341644764563.0,479868591387.0,71616495095.0,,26.899323238913595,0.2898548582477596,,0.0,2023-08-08,,,0,적정,,18.0,3.0,,,26.899323238913595,,0.0
030190,00158325,NICE평가정보,2023,KOSPI,기타 정보 서비스업,0,0,0,0,한영회계법인,1.0,1.0,,0.0,,6.0,3.0,0.5,43.43,99.95,22144.0,493709695212.0,124109919550.0,369599775662.0,485713636119.0,65329237352.0,,26.925213519879456,0.2513823827111739,,0.0,2023-08-08,,,0,적정,,11.0,3.0,,,26.925213519879456,,0.0
030190,00158325,NICE평가정보,2024,KOSPI,기타 정보 서비스업,0,0,0,0,한영회계법인,1.0,1.0,,0.0,,8.0,3.0,0.375,43.87,99.92,17898.0,585667200738.0,168928869777.0,416738330961.0,535031889316.0,86788428829.0,,27.096017548368227,0.2884383307860377,,0.0,2023-08-08,,,0,적정의견,,5.0,3.0,,,27.096017548368227,,0.0
462520,01770203,조선내화,2018,KOSPI,"내화, 비내화 요업제품 제조업",0,0,0,0,,,,,,,,,,,,,,,,,,,,,,,2023-07-28,,,0,,,,,,,,,0.0
462520,01770203,조선내화,2019,KOSPI,"내화, 비내화 요업제품 제조업",0,0,0,0,,,,,,,,,,,,,,,,,,,,,,,2023-07-28,,,0,,,,,,,,,0.0
462520,01770203,조선내화,2020,KOSPI,"내화, 비내화 요업제품 제조업",0,0,0,0,,,,,,,,,,,,,,,,,,,,,,,2023-07-28,,,0,,,,,,,,,0.0
462520,01770203,조선내화,2021,KOSPI,"내화, 비내화 요업제품 제조업",0,0,0,0,,,,,,,,,,,,,,,,,,,,,,,2023-07-28,,,0,,,,,,,,,0.0
462520,01770203,조선내화,2022,KOSPI,"내화, 비내화 요업제품 제조업",0,0,0,0,,,,,,,,,,,,,,,,,,,,,,,2023-07-28,,,0,,,,,,,,,0.0
462520,01770203,조선내화,2023,KOSPI,"내화, 비내화 요업제품 제조업",0,0,0,0,삼일회계법인,1.0,1.0,,0.0,,7.0,3.0,0.42857142857142855,80.78,99.95,9886.0,438033782893.0,217208545827.0,220825237066.0,279366908292.0,31851793726.0,,26.805561874241196,0.49587167545033456,,0.0,2023-07-28,,,0,적정,,3.0,3.0,,1.0,26.805561874241196,,0.0
462520,01770203,조선내화,2024,KOSPI,"내화, 비내화 요업제품 제조업",1,1,1,1,삼일회계법인,1.0,1.0,,0.0,,7.0,3.0,0.42857142857142855,80.18,99.94,8295.0,575538213000.0,334112538000.0,241425675000.0,500640282000.0,20019112000.0,,27.078571462556464,0.5805219018532832,,0.0,2023-07-28,20240315,20240315,24,적정의견,,4.0,3.0,,,27.078571462556464,,0.6931471805599453
090460,00447609,비에이치,2018,KOSPI,전자부품 제조업,1,2,0,0,안진회계법인,1.0,1.0,130000.0,0.0,0.0,,,,23.34,99.95,18139.0,469756137718.0,281845618183.0,187910519535.0,767882469568.0,91029824734.0,,26.875479541079056,0.5999828326930667,,0.0,2023-06-20,20180511,20180511,0,적정,2621.0,3.0,,,,26.875479541079056,11.77528972943772,1.0986122886681098
090460,00447609,비에이치,2019,KOSPI,전자부품 제조업,1,1,0,0,안진회계법인,1.0,1.0,158000.0,0.0,0.0,,,,22.41,99.97,18373.0,477943795573.0,198485725797.0,279458069776.0,654853721434.0,62568027030.0,,26.89275898004124,0.41529093511725224,,0.0,2023-06-20,20190620,20190620,0,적정,2621.0,3.0,,,,26.89275898004124,11.970350312009105,0.6931471805599453
090460,00447609,비에이치,2020,KOSPI,전자부품 제조업,0,0,0,0,안진회계법인,1.0,1.0,,0.0,,3.0,1.0,0.3333333333333333,21.88,99.99,42198.0,561120408493.0,244143135882.0,316977272611.0,721358197178.0,34045702993.0,,27.053201351333808,0.43509936938079785,,0.0,2023-06-20,,,0,적정,,6.0,,,,27.053201351333808,,0.0
090460,00447609,비에이치,2021,KOSPI,전자부품 제조업,1,2,0,0,안진회계법인,1.0,1.0,,0.0,,3.0,1.0,0.3333333333333333,21.66,99.99,45883.0,793400422424.0,385423568360.0,407976854064.0,1036962656916.0,71085420062.0,,27.399593877448986,0.485786946246452,,0.0,2023-06-20,20210322,20210331,0,적정,,6.0,,,,27.399593877448986,,1.0986122886681098
090460,00447609,비에이치,2022,KOSPI,전자부품 제조업,0,0,0,0,안진회계법인,1.0,1.0,,0.0,,3.0,1.0,0.3333333333333333,20.99,99.95,26395.0,1007315366070.0,429340136571.0,577975229499.0,1681053919767.0,131267542314.0,,27.638309854489307,0.4262221654039222,,0.0,2023-06-20,,,0,적정,,3.0,,,,27.638309854489307,,0.0
090460,00447609,비에이치,2023,KOSPI,전자부품 제조업,0,0,0,0,안진회계법인,1.0,1.0,,0.0,,5.0,3.0,0.6,20.99,99.98,37155.0,1089361044645.0,438800022718.0,650561021927.0,1591992250709.0,84792055684.0,,27.716612442715235,0.4028049514667525,,0.0,2023-06-20,,,0,적정,,3.0,2.0,,,27.716612442715235,,0.0
090460,00447609,비에이치,2024,KOSPI,전자부품 제조업,0,0,0,0,안진회계법인,1.0,1.0,,0.0,,5.0,3.0,0.6,21.28,99.98,32057.0,1319868751137.0,578970235782.0,740898515355.0,1754441744291.0,87053422982.0,,27.908553416626425,0.43865743111445477,,0.0,2023-06-20,,,0,적정의견,,3.0,1.0,,,27.908553416626425,,0.0
460850,01765256,동국씨엠,2018,KOSPI,1차 철강 제조업,0,0,0,0,,,,,,,,,,,,,,,,,,,,,,,2023-06-16,,,0,,,,,,,,,0.0
460850,01765256,동국씨엠,2019,KOSPI,1차 철강 제조업,0,0,0,0,,,,,,,,,,,,,,,,,,,,,,,2023-06-16,,,0,,,,,,,,,0.0
460850,01765256,동국씨엠,2020,KOSPI,1차 철강 제조업,0,0,0,0,,,,,,,,,,,,,,,,,,,,,,,2023-06-16,,,0,,,,,,,,,0.0
460850,01765256,동국씨엠,2021,KOSPI,1차 철강 제조업,0,0,0,0,,,,,,,,,,,,,,,,,,,,,,,2023-06-16,,,0,,,,,,,,,0.0
460850,01765256,동국씨엠,2022,KOSPI,1차 철강 제조업,0,0,0,0,,,,,,,,,,,,,,,,,,,,,,,2023-06-16,,,0,,,,,,,,,0.0
460850,01765256,동국씨엠,2023,KOSPI,1차 철강 제조업,0,0,0,0,안진회계법인,1.0,1.0,,0.0,,5.0,3.0,0.6,30.39,99.99,65777.0,1710734507031.0,749101897755.0,961632609276.0,1266149070283.0,26689442862.0,,28.167943930494257,0.43788319851867324,,0.0,2023-06-16,,,0,적정,,3.0,3.0,,,28.167943930494257,,0.0
460850,01765256,동국씨엠,2024,KOSPI,1차 철강 제조업,0,0,0,0,안진회계법인,1.0,1.0,,0.0,,5.0,3.0,0.6,30.39,99.99,54632.0,1835139730494.0,819840114726.0,1015299615768.0,2163761368649.0,77329845672.0,,28.23814174194419,0.4467453355746964,,0.0,2023-06-16,,,0,적정의견,,6.0,,,,28.23814174194419,,0.0
460860,01765265,동국제강,2018,KOSPI,1차 철강 제조업,0,0,0,0,,,,,,,,,,,,,,,,,,,,,,,2023-06-16,,,0,,,,,,,,,0.0
460860,01765265,동국제강,2019,KOSPI,1차 철강 제조업,0,0,0,0,,,,,,,,,,,,,,,,,,,,,,,2023-06-16,,,0,,,,,,,,,0.0
460860,01765265,동국제강,2020,KOSPI,1차 철강 제조업,0,0,0,0,,,,,,,,,,,,,,,,,,,,,,,2023-06-16,,,0,,,,,,,,,0.0
460860,01765265,동국제강,2021,KOSPI,1차 철강 제조업,0,0,0,0,,,,,,,,,,,,,,,,,,,,,,,2023-06-16,,,0,,,,,,,,,0.0
460860,01765265,동국제강,2022,KOSPI,1차 철강 제조업,0,0,0,0,,,,,,,,,,,,,,,,,,,,,,,2023-06-16,,,0,,,,,,,,,0.0
460860,01765265,동국제강,2023,KOSPI,1차 철강 제조업,0,0,0,0,안진회계법인,1.0,0.0,,0.0,,5.0,3.0,0.6,30.39,99.99,70652.0,3531787086236.0,1810426229169.0,1721360857067.0,2632104129307.0,235489924847.0,,28.89282511549313,0.5126091083532617,,0.0,2023-06-16,,,0,적정,,6.0,3.0,,,28.89282511549313,,0.0
460860,01765265,동국제강,2024,KOSPI,1차 철강 제조업,0,0,0,0,안진회계법인,1.0,1.0,,0.0,,5.0,3.0,0.6,30.39,99.94,63528.0,3194015021446.0,1492183763192.0,1701831258254.0,3527525783006.0,102474077764.0,,28.792299868730346,0.4671811977003339,,0.0,2023-06-16,,,0,적정의견,,3.0,,,,28.792299868730346,,0.0
457190,01762569,이수스페셜티케미컬,2018,KOSPI,기초 화학물질 제조업,0,0,0,0,,,,,,,,,,,,,,,,,,,,,,,2023-05-31,,,0,,,,,,,,,0.0
457190,01762569,이수스페셜티케미컬,2019,KOSPI,기초 화학물질 제조업,0,0,0,0,,,,,,,,,,,,,,,,,,,,,,,2023-05-31,,,0,,,,,,,,,0.0
457190,01762569,이수스페셜티케미컬,2020,KOSPI,기초 화학물질 제조업,0,0,0,0,,,,,,,,,,,,,,,,,,,,,,,2023-05-31,,,0,,,,,,,,,0.0
457190,01762569,이수스페셜티케미컬,2021,KOSPI,기초 화학물질 제조업,0,0,0,0,,,,,,,,,,,,,,,,,,,,,,,2023-05-31,,,0,,,,,,,,,0.0
457190,01762569,이수스페셜티케미컬,2022,KOSPI,기초 화학물질 제조업,0,0,0,0,,,,,,,,,,,,,,,,,,,,,,,2023-05-31,,,0,,,,,,,,,0.0
457190,01762569,이수스페셜티케미컬,2023,KOSPI,기초 화학물질 제조업,0,0,0,0,삼정회계법인,1.0,1.0,,0.0,,4.0,1.0,0.25,30.36,99.98,53811.0,217960142410.0,122971603274.0,94988539136.0,117528614931.0,-6119544615.0,,26.107578050037862,0.5641930763776105,,0.0,2023-05-31,,,0,적정,,6.0,1.0,,,26.107578050037862,,0.0
457190,01762569,이수스페셜티케미컬,2024,KOSPI,기초 화학물질 제조업,1,1,1,1,삼정회계법인,1.0,1.0,,0.0,,4.0,1.0,0.25,35.45,99.98,52509.0,299546745134.0,177892196843.0,121654548291.0,332069862904.0,14206083843.0,,26.4255363195652,0.5938712395737141,,0.0,2023-05-31,20240411,20240411,24,적정의견,,3.0,,,,26.4255363195652,,0.6931471805599453
456040,01760738,OCI,2018,KOSPI,기초 화학물질 제조업,0,0,0,0,,,,,,,,,,,,,,,,,,,,,,,2023-05-30,,,0,,,,,,,,,0.0
456040,01760738,OCI,2019,KOSPI,기초 화학물질 제조업,0,0,0,0,,,,,,,,,,,,,,,,,,,,,,,2023-05-30,,,0,,,,,,,,,0.0
456040,01760738,OCI,2020,KOSPI,기초 화학물질 제조업,0,0,0,0,,,,,,,,,,,,,,,,,,,,,,,2023-05-30,,,0,,,,,,,,,0.0
456040,01760738,OCI,2021,KOSPI,기초 화학물질 제조업,0,0,0,0,,,,,,,,,,,,,,,,,,,,,,,2023-05-30,,,0,,,,,,,,,0.0
456040,01760738,OCI,2022,KOSPI,기초 화학물질 제조업,0,0,0,0,,,,,,,,,,,,,,,,,,,,,,,2023-05-30,,,0,,,,,,,,,0.0
456040,01760738,OCI,2023,KOSPI,기초 화학물질 제조업,0,0,0,0,삼정회계법인,1.0,1.0,,0.0,,5.0,3.0,0.6,36.37,99.95,49513.0,1990471193000.0,1006942846000.0,983528347000.0,1288825675000.0,57451316000.0,,28.319392507038906,0.5058816472909388,,0.0,2023-05-30,,,0,적정,,6.0,3.0,,,28.319392507038906,,0.0
456040,01760738,OCI,2024,KOSPI,기초 화학물질 제조업,0,0,0,0,삼정회계법인,1.0,1.0,,0.0,,5.0,3.0,0.6,47.03,99.95,44035.0,2283045417000.0,1041423355000.0,1241622062000.0,2215285616000.0,110492797000.0,,28.456531376839436,0.45615533849890116,,0.0,2023-05-30,,,0,적정의견,,3.0,,,,28.456531376839436,,0.0
100090,00480367,SK오션플랜트,2018,KOSPI,1차 철강 제조업,1,1,0,0,선일회계법인,0.0,1.0,60.0,0.0,0.0,,,,42.86,99.8,5109.0,538058343411.0,312366745951.0,225691597460.0,143966170303.0,-35331634148.0,,27.01123283623032,0.5805443773453324,,0.0,2023-04-19,20180330,20180330,0,적정의견,1019.0,3.0,,,,27.01123283623032,4.0943445622221,0.6931471805599453
100090,00480367,SK오션플랜트,2019,KOSPI,1차 철강 제조업,0,0,0,0,선일회계법인,0.0,1.0,60.0,0.0,0.0,,,,43.44,99.89,4931.0,627931343574.0,432152490876.0,195778852698.0,384531743425.0,-20595049708.0,,27.165696671919033,0.6882161486259238,,0.0,2023-04-19,,,0,적정,1060.0,3.0,,,,27.165696671919033,4.0943445622221,0.0
100090,00480367,SK오션플랜트,2020,KOSPI,1차 철강 제조업,0,0,0,0,선일회계법인,0.0,1.0,,0.0,,4.0,1.0,0.25,36.86,99.98,39348.0,660044446686.0,426340119488.0,233704327198.0,427239225830.0,29049486060.0,,27.21557301316305,0.6459263790924991,,0.0,2023-04-19,,,0,적정,,3.0,1.0,,1.0,27.21557301316305,,0.0
100090,00480367,SK오션플랜트,2021,KOSPI,1차 철강 제조업,0,0,0,0,안진회계법인,1.0,1.0,,0.0,,4.0,1.0,0.25,39.2,99.97,24509.0,739392190185.0,559312172336.0,180080017849.0,503060400073.0,26431994695.0,,27.329094321025025,0.7564485800100986,,0.0,2023-04-19,,,0,적정,,6.0,,,,27.329094321025025,,0.0
100090,00480367,SK오션플랜트,2022,KOSPI,1차 철강 제조업,0,0,0,0,안진회계법인,1.0,1.0,,0.0,,5.0,2.0,0.4,30.61,99.97,42465.0,1220003934152.0,694046434953.0,525957499199.0,691830139228.0,71940779701.0,,27.829875199383267,0.5688886859495397,,0.0,2023-04-19,,,0,적정,,6.0,1.0,,,27.829875199383267,,0.0
100090,00480367,SK오션플랜트,2023,KOSPI,1차 철강 제조업,1,1,1,1,안진회계법인,1.0,1.0,,0.0,,6.0,2.0,0.3333333333333333,37.6,99.92,38631.0,1431906666880.0,733064705288.0,698841961592.0,925835675846.0,75604296314.0,,27.990028005583127,0.5119500608830073,,0.0,2023-04-19,20230831,20230831,24,적정,,6.0,,,,27.990028005583127,,0.6931471805599453
100090,00480367,SK오션플랜트,2024,KOSPI,1차 철강 제조업,0,0,0,0,-,0.0,0.0,,0.0,,4.0,1.0,0.25,37.6,99.99,36415.0,1421941567198.0,708435867254.0,713505699944.0,662615726791.0,41797283162.0,,27.98304435448077,0.498217285151882,,0.0,2023-04-19,,,0,,,3.0,,,,27.98304435448077,,0.0
453340,01721809,현대그린푸드,2018,KOSPI,종합 소매업,0,0,0,0,,,,,,,,,,,,,,,,,,,,,,,2023-04-10,,,0,,,,,,,,,0.0
453340,01721809,현대그린푸드,2019,KOSPI,종합 소매업,0,0,0,0,,,,,,,,,,,,,,,,,,,,,,,2023-04-10,,,0,,,,,,,,,0.0
453340,01721809,현대그린푸드,2020,KOSPI,종합 소매업,0,0,0,0,,,,,,,,,,,,,,,,,,,,,,,2023-04-10,,,0,,,,,,,,,0.0
453340,01721809,현대그린푸드,2021,KOSPI,종합 소매업,0,0,0,0,,,,,,,,,,,,,,,,,,,,,,,2023-04-10,,,0,,,,,,,,,0.0
453340,01721809,현대그린푸드,2022,KOSPI,종합 소매업,0,0,0,0,,,,,,,,,,,,,,,,,,,,,,,2023-04-10,,,0,,,,,,,,,0.0
453340,01721809,현대그린푸드,2023,KOSPI,종합 소매업,0,0,0,0,삼일회계법인,1.0,1.0,,0.0,,7.0,3.0,0.42857142857142855,50.8,,,880317203000.0,251806216000.0,628510987000.0,1826998311000.0,64841641000.0,,27.50354813742385,0.2860403217634269,,0.0,2023-04-10,,,0,적정,,3.0,3.0,,,27.50354813742385,,0.0
453340,01721809,현대그린푸드,2024,KOSPI,종합 소매업,0,0,0,0,삼일회계법인,1.0,1.0,,0.0,,7.0,3.0,0.42857142857142855,50.8,,,955626273000.0,285404788000.0,670221485000.0,2270420052000.0,96676372000.0,,27.585632745741343,0.29865732668067824,,0.0,2023-04-10,,,0,적정의견,,6.0,,,,27.585632745741343,,0.0
452260,01722437,한화갤러리아,2018,KOSPI,종합 소매업,0,0,0,0,,,,,,,,,,,,,,,,,,,,,,,2023-03-31,,,0,,,,,,,,,0.0
452260,01722437,한화갤러리아,2019,KOSPI,종합 소매업,0,0,0,0,,,,,,,,,,,,,,,,,,,,,,,2023-03-31,,,0,,,,,,,,,0.0
452260,01722437,한화갤러리아,2020,KOSPI,종합 소매업,0,0,0,0,,,,,,,,,,,,,,,,,,,,,,,2023-03-31,,,0,,,,,,,,,0.0
452260,01722437,한화갤러리아,2021,KOSPI,종합 소매업,0,0,0,0,,,,,,,,,,,,,,,,,,,,,,,2023-03-31,,,0,,,,,,,,,0.0
452260,01722437,한화갤러리아,2022,KOSPI,종합 소매업,0,0,0,0,,,,,,,,,,,,,,,,,,,,,,,2023-03-31,,,0,,,,,,,,,0.0
452260,01722437,한화갤러리아,2023,KOSPI,종합 소매업,0,0,0,0,삼정회계법인,1.0,1.0,,0.0,,5.0,3.0,0.6,39.42,99.99,179233.0,1855072139756.0,1026407580504.0,828664559252.0,434495384619.0,9820592817.0,,28.24894470058811,0.5532979330059934,,0.0,2023-03-31,,,0,적정의견,,3.0,3.0,,,28.24894470058811,,0.0
452260,01722437,한화갤러리아,2024,KOSPI,종합 소매업,0,0,0,0,삼정회계법인,1.0,1.0,,0.0,,5.0,3.0,0.6,54.7,99.99,148892.0,1887829805034.0,1085300116867.0,802529688167.0,538313690512.0,3129155480.0,,28.266449033949723,0.5748929876904098,,0.0,2023-03-31,,,0,적정의견,,4.0,,,,28.266449033949723,,0.0
377740,00622787,바이오노트,2018,KOSPI,의료용품 및 기타 의약 관련제품 제조업,0,0,0,0,,,,,,,,,,,,,,,,,,,,,,,2022-12-22,,,0,,,,,,,,,0.0
377740,00622787,바이오노트,2019,KOSPI,의료용품 및 기타 의약 관련제품 제조업,0,0,0,0,,,,,,,,,,,,,,,,,,,,,,,2022-12-22,,,0,,,,,,,,,0.0
377740,00622787,바이오노트,2020,KOSPI,의료용품 및 기타 의약 관련제품 제조업,0,0,0,0,삼정회계법인,1.0,1.0,,0.0,,6.0,3.0,0.5,73.48,80.52,62.0,,,,,,,,,,,2022-12-22,,,0,적정,,3.0,7.0,,5.0,,,0.0
377740,00622787,바이오노트,2021,KOSPI,의료용품 및 기타 의약 관련제품 제조업,0,0,0,0,삼정회계법인,1.0,1.0,,0.0,,7.0,3.0,0.42857142857142855,73.48,95.12,156.0,,,,,,,,,,,2022-12-22,,,0,적정,,3.0,,,,,,0.0
377740,00622787,바이오노트,2022,KOSPI,의료용품 및 기타 의약 관련제품 제조업,0,0,0,0,삼정회계법인,1.0,1.0,,0.0,,6.0,3.0,0.5,67.32,99.96,21976.0,1757001765786.0,156849683848.0,1600152081938.0,479657089813.0,295409547762.0,,28.194629930133573,0.08927121583047062,,0.0,2022-12-22,,,0,적정,,3.0,,,,28.194629930133573,,0.0
377740,00622787,바이오노트,2023,KOSPI,의료용품 및 기타 의약 관련제품 제조업,0,0,0,0,한영회계법인,1.0,1.0,,0.0,,7.0,3.0,0.42857142857142855,69.72,99.95,14002.0,1592842324191.0,36266411140.0,1556575913051.0,90080965589.0,-47041101526.0,,28.096541161537612,0.02276836231007335,,0.0,2022-12-22,,,0,적정,,3.0,,,,28.096541161537612,,0.0
377740,00622787,바이오노트,2024,KOSPI,의료용품 및 기타 의약 관련제품 제조업,1,2,1,2,한영회계법인,1.0,1.0,,0.0,,7.0,3.0,0.42857142857142855,69.78,99.94,12152.0,1697157256602.0,61384157458.0,1635773099144.0,102780333919.0,12215167998.0,,28.15997576530154,0.03616880947196467,,0.0,2022-12-22,20240320,20240322,48,적정의견,,3.0,,,,28.15997576530154,,1.0986122886681098
446070,01702017,유니드비티플러스,2018,KOSPI,제재 및 목재 가공업,0,0,0,0,,,,,,,,,,,,,,,,,,,,,,,2022-11-28,,,0,,,,,,,,,0.0
446070,01702017,유니드비티플러스,2019,KOSPI,제재 및 목재 가공업,0,0,0,0,,,,,,,,,,,,,,,,,,,,,,,2022-11-28,,,0,,,,,,,,,0.0
446070,01702017,유니드비티플러스,2020,KOSPI,제재 및 목재 가공업,0,0,0,0,,,,,,,,,,,,,,,,,,,,,,,2022-11-28,,,0,,,,,,,,,0.0
446070,01702017,유니드비티플러스,2021,KOSPI,제재 및 목재 가공업,0,0,0,0,,,,,,,,,,,,,,,,,,,,,,,2022-11-28,,,0,,,,,,,,,0.0
446070,01702017,유니드비티플러스,2022,KOSPI,제재 및 목재 가공업,0,0,0,0,한울회계법인,0.0,1.0,,0.0,,4.0,1.0,0.25,47.21,99.91,15479.0,213631274794.0,21499363558.0,192131911236.0,29221282156.0,1427051307.0,,26.08751735088935,0.10063771598391373,,0.0,2022-11-28,,,0,적정,,6.0,1.0,,,26.08751735088935,,0.0
446070,01702017,유니드비티플러스,2023,KOSPI,제재 및 목재 가공업,0,0,0,0,"한울
회계법인",0.0,1.0,,0.0,,3.0,1.0,0.3333333333333333,46.88,99.83,9859.0,219885414270.0,27993834428.0,191891579842.0,168785613274.0,-4071770040.0,,26.11637240338503,0.12731101115068064,,0.0,2022-11-28,,,0,적정,,6.0,,,,26.11637240338503,,0.0
446070,01702017,유니드비티플러스,2024,KOSPI,제재 및 목재 가공업,0,0,0,0,한울회계법인,0.0,1.0,,0.0,,3.0,1.0,0.3333333333333333,47.08,99.79,8739.0,235451613708.0,40657498508.0,194794115200.0,194894088152.0,3054336971.0,,26.1847712673309,0.1726787846883148,,0.0,2022-11-28,,,0,적정의견,,6.0,,,,26.1847712673309,,0.0
108320,00525934,LX세미콘,2018,KOSPI,반도체 제조업,0,0,0,0,삼정회계법인,1.0,1.0,165000.0,0.0,0.0,,,,33.09,99.82,8919.0,607558305864.0,160944737525.0,446613568339.0,791818131828.0,55797058547.0,,27.132713984286507,0.2649041844570338,,0.0,2022-11-03,,,0,적정의견,1783.0,3.0,,,,27.132713984286507,12.013700752882718,0.0
108320,00525934,LX세미콘,2019,KOSPI,반도체 제조업,0,0,0,0,삼정회계법인,1.0,1.0,200.0,0.0,0.0,,,,33.09,99.9,10994.0,629733290317.0,157526494823.0,472206795494.0,867122049614.0,47254627681.0,,27.168562217991454,0.25014795508699106,,0.0,2022-11-03,,,0,적정의견,2587.0,3.0,,,,27.168562217991454,5.298317366548036,0.0
108320,00525934,LX세미콘,2020,KOSPI,반도체 제조업,0,0,0,0,안진회계법인,1.0,1.0,,0.0,,6.0,3.0,0.5,33.09,99.95,19276.0,750602338873.0,218317834580.0,532284504293.0,1161896286020.0,94226639156.0,,27.344141839647005,0.2908568535874744,,0.0,2022-11-03,,,0,적정의견,,3.0,,,,27.344141839647005,,0.0
108320,00525934,LX세미콘,2021,KOSPI,반도체 제조업,0,0,0,0,안진회계법인,1.0,1.0,,0.0,,6.0,3.0,0.5,33.11,,,1172530981920.0,372198273673.0,800332708247.0,1898845716028.0,369621952134.0,,27.79018576073011,0.31743150450790775,,0.0,2022-11-03,,,0,적정의견,,3.0,,,,27.79018576073011,,0.0
108320,00525934,LX세미콘,2022,KOSPI,반도체 제조업,0,0,0,0,안진회계법인,1.0,1.0,,-20192020.0,,6.0,3.0,0.5,33.11,99.99,59928.0,1289618542133.0,339257893379.0,950360648754.0,2119345363613.0,310623962750.0,,27.885367586800278,0.2630684053424628,,0.0,2022-11-03,,,0,적정의견,,3.0,,,,27.885367586800278,,0.0
108320,00525934,LX세미콘,2023,KOSPI,반도체 제조업,0,0,0,0,삼일회계법인,1.0,1.0,,-20192020.0,,6.0,3.0,0.5,33.11,99.99,50760.0,1205064944737.0,228301207505.0,976763737232.0,1901444975029.0,129035656339.0,,27.81755457746613,0.18945137231157755,,0.0,2022-11-03,,,0,적정의견,,7.0,1.0,,,27.81755457746613,,0.0
108320,00525934,LX세미콘,2024,KOSPI,반도체 제조업,0,0,0,0,삼일회계법인,1.0,1.0,,0.0,,7.0,4.0,0.5714285714285714,33.11,99.98,46638.0,1499801948860.0,420215422354.0,1079586526506.0,1865621538499.0,167076803816.0,,28.036354181226113,0.2801806082952525,,0.0,2022-11-03,,,0,적정의견,,11.0,2.0,,,28.036354181226113,,0.0
403550,01026157,쏘카,2018,KOSPI,운송장비 임대업,0,0,0,0,,,,,,,,,,,,,,,,,,,,,,,2022-08-22,,,0,,,,,,,,,0.0
403550,01026157,쏘카,2019,KOSPI,운송장비 임대업,0,0,0,0,,,,,,,,,,,,,,,,,,,,,,,2022-08-22,,,0,,,,,,,,,0.0
403550,01026157,쏘카,2020,KOSPI,운송장비 임대업,0,0,0,0,,,,,,,,,,,,,,,,,,,,,,,2022-08-22,,,0,,,,,,,,,0.0
403550,01026157,쏘카,2021,KOSPI,운송장비 임대업,0,0,0,0,,,,,,,,,,,,,,,,,,,,,,,2022-08-22,,,0,,,,,,,,,0.0
403550,01026157,쏘카,2022,KOSPI,운송장비 임대업,0,0,0,0,삼일회계법인,1.0,1.0,,0.0,,10.0,3.0,0.3,35.7,99.96,28893.0,585713154632.0,338134836141.0,247578318491.0,397560235879.0,9523634592.0,,27.096096009465533,0.5773044936193179,,0.0,2022-08-22,,,0,적정,,3.0,1.0,,1.0,27.096096009465533,,0.0
403550,01026157,쏘카,2023,KOSPI,운송장비 임대업,0,0,0,0,대주회계법인,0.0,1.0,,0.0,,9.0,3.0,0.3333333333333333,39.33,99.94,22816.0,679023237717.0,467284133227.0,211739104490.0,398471745542.0,-9690085854.0,,27.243921187361323,0.6881710481633803,,0.0,2022-08-22,,,0,적정,,5.0,,,,27.243921187361323,,0.0
403550,01026157,쏘카,2024,KOSPI,운송장비 임대업,0,0,0,0,대주회계법인,0.0,1.0,,0.0,,8.0,3.0,0.375,44.99,99.75,15490.0,631516754233.0,448049075006.0,183467679227.0,431763084374.0,-9800724573.0,,27.17139030923696,0.7094808997588224,,0.0,2022-08-22,,,0,적정의견,,5.0,2.0,,1.0,27.17139030923696,,0.0
126720,00193328,수산인더스트리,2018,KOSPI,전기 및 통신 공사업,0,0,0,0,,,,,,,,,,,,,,,,,,,,,,,2022-08-01,,,0,,,,,,,,,0.0
126720,00193328,수산인더스트리,2019,KOSPI,전기 및 통신 공사업,0,0,0,0,,,,,,,,,,,,,,,,,,,,,,,2022-08-01,,,0,,,,,,,,,0.0
126720,00193328,수산인더스트리,2020,KOSPI,전기 및 통신 공사업,0,0,0,0,,,,,,,,,,,,,,,,,,,,,,,2022-08-01,,,0,,,,,,,,,0.0
126720,00193328,수산인더스트리,2021,KOSPI,전기 및 통신 공사업,0,0,0,0,,,,,,,,,,,,,,,,,,,,,,,2022-08-01,,,0,,,,,,,,,0.0
126720,00193328,수산인더스트리,2022,KOSPI,전기 및 통신 공사업,0,0,0,0,삼일회계법인,1.0,0.0,,0.0,,5.0,3.0,0.6,67.94,99.95,16587.0,577155431240.0,114148849591.0,463006581649.0,303539437938.0,50593944044.0,,27.081377445410943,0.19777835122465165,,0.0,2022-08-01,,,0,적정,,3.0,1.0,,1.0,27.081377445410943,,0.0
126720,00193328,수산인더스트리,2023,KOSPI,전기 및 통신 공사업,0,0,0,0,삼일회계법인,1.0,1.0,,0.0,,6.0,3.0,0.5,69.67,99.94,14354.0,603244086410.0,104296849542.0,498947236868.0,324740172778.0,50231142470.0,,27.125587738519126,0.17289328132943146,,0.0,2022-08-01,,,0,적정,,3.0,,,,27.125587738519126,,0.0
126720,00193328,수산인더스트리,2024,KOSPI,전기 및 통신 공사업,0,0,0,0,삼일회계법인,1.0,1.0,,0.0,,5.0,2.0,0.4,69.68,99.93,12541.0,623807791230.0,105412955331.0,518394835899.0,316791494897.0,43499599612.0,,27.159108130990816,0.16898306948547537,,0.0,2022-08-01,,,0,적정의견,,3.0,2.0,,,27.159108130990816,,0.0
373220,01515323,LG에너지솔루션,2018,KOSPI,일차전지 및 이차전지 제조업,0,0,0,0,,,,,,,,,,,,,,,,,,,,,,,2022-01-27,,,0,,,,,,,,,0.0
373220,01515323,LG에너지솔루션,2019,KOSPI,일차전지 및 이차전지 제조업,0,0,0,0,,,,,,,,,,,,,,,,,,,,,,,2022-01-27,,,0,,,,,,,,,0.0
373220,01515323,LG에너지솔루션,2020,KOSPI,일차전지 및 이차전지 제조업,0,0,0,0,삼일회계법인,1.0,1.0,,0.0,,4.0,,,100.0,,,19941795000000.0,12376390000000.0,7565405000000.0,1461068000000.0,-475206000000.0,,30.623838896470858,0.62062567587321,,0.0,2022-01-27,,,0,적정,,3.0,,,,30.623838896470858,,0.0
373220,01515323,LG에너지솔루션,2021,KOSPI,일차전지 및 이차전지 제조업,0,0,0,0,한영회계법인,1.0,1.0,,0.0,,7.0,4.0,0.5714285714285714,100.0,,,23764137000000.0,15021764000000.0,8742373000000.0,17851906000000.0,768470000000.0,,30.79919871142815,0.6321190624342891,,0.0,2022-01-27,,,0,적정,,3.0,4.0,,,30.79919871142815,,0.0
373220,01515323,LG에너지솔루션,2022,KOSPI,일차전지 및 이차전지 제조업,0,0,0,0,안진회계법인,1.0,1.0,,0.0,,6.0,3.0,0.5,81.84,100.0,792636.0,38299445000000.0,17705683000000.0,20593762000000.0,25598609000000.0,1213719000000.0,,31.276456521148535,0.4622960724365588,,0.0,2022-01-27,,,0,적정,,3.0,,,1.0,31.276456521148535,,0.0
373220,01515323,LG에너지솔루션,2023,KOSPI,일차전지 및 이차전지 제조업,0,0,0,0,안진회계법인,1.0,1.0,,0.0,,7.0,4.0,0.5714285714285714,81.84,99.99,868305.0,45437144000000.0,21063635000000.0,24373509000000.0,33745470000000.0,2163234000000.0,,31.44735103625349,0.4635774422793827,,0.0,2022-01-27,,,0,적정,,3.0,1.0,,,31.44735103625349,,0.0
373220,01515323,LG에너지솔루션,2024,KOSPI,일차전지 및 이차전지 제조업,0,0,0,0,안진회계법인,1.0,1.0,,0.0,,7.0,4.0,0.5714285714285714,81.84,99.99,796013.0,60306791000000.0,29340248000000.0,30966543000000.0,25619585000000.0,575387000000.0,,31.730465833552678,0.4865164853490546,,0.0,2022-01-27,,,0,적정의견,,9.0,3.0,,,31.730465833552678,,0.0
381970,01323032,케이카,2018,KOSPI,자동차 판매업,0,0,0,0,,,,,,,,,,,,,,,,,,,,,,,2021-10-13,,,0,,,,,,,,,0.0
381970,01323032,케이카,2019,KOSPI,자동차 판매업,0,0,0,0,,,,,,,,,,,,,,,,,,,,,,,2021-10-13,,,0,,,,,,,,,0.0
381970,01323032,케이카,2020,KOSPI,자동차 판매업,0,0,0,0,,,,,,,,,,,,,,,,,,,,,,,2021-10-13,,,0,,,,,,,,,0.0
381970,01323032,케이카,2021,KOSPI,자동차 판매업,0,0,0,0,안진회계법인,1.0,1.0,,0.0,,6.0,3.0,0.5,72.0,99.9,26952.0,550023979312.0,274551592028.0,275472387284.0,1902394224458.0,71108716318.0,,27.03322771297162,0.4991629498979737,,0.0,2021-10-13,,,0,적정,,3.0,8.0,,5.0,27.03322771297162,,0.0
381970,01323032,케이카,2022,KOSPI,자동차 판매업,0,0,0,0,삼일회계법인,1.0,1.0,,0.0,,6.0,3.0,0.5,72.02,99.99,33303.0,534356690809.0,288535623931.0,245821066878.0,2177261973592.0,50047663225.0,,27.004329413236885,0.5399682064318606,,0.0,2021-10-13,,,0,적정,,3.0,3.0,,1.0,27.004329413236885,,0.0
381970,01323032,케이카,2023,KOSPI,자동차 판매업,1,1,1,1,삼일회계법인,1.0,1.0,,0.0,,6.0,3.0,0.5,72.07,99.99,28118.0,554118292957.0,319202420548.0,234915872409.0,2047566232203.0,59013290449.0,,27.040644026093577,0.5760546522378938,,0.0,2021-10-13,20230407,20230407,24,적정,,3.0,3.0,,,27.040644026093577,,0.6931471805599453
381970,01323032,케이카,2024,KOSPI,자동차 판매업,1,1,1,1,삼일회계법인,1.0,0.0,,0.0,,6.0,3.0,0.5,72.07,99.97,22504.0,524847598138.0,299060059596.0,225787538542.0,2301530094719.0,68109299938.0,,26.986373768135,0.5698036166250438,,0.0,2021-10-13,20240424,20240424,24,적정의견,,5.0,3.0,,1.0,26.986373768135,,0.6931471805599453
329180,01390344,HD현대중공업,2018,KOSPI,선박 및 보트 건조업,0,0,0,0,,,,,,,,,,,,,,,,,,,,,,,2021-09-17,,,0,,,,,,,,,0.0
329180,01390344,HD현대중공업,2019,KOSPI,선박 및 보트 건조업,0,0,0,0,,,,,,,,,,,,,,,,,,,,,,,2021-09-17,,,0,,,,,,,,,0.0
329180,01390344,HD현대중공업,2020,KOSPI,선박 및 보트 건조업,0,0,0,0,-,0.0,0.0,,0.0,,7.0,4.0,0.5714285714285714,100.0,,,13799657849000.0,8438873228000.0,5360784621000.0,8312009823000.0,32509061000.0,,30.255664914233616,0.611527714697037,,0.0,2021-09-17,,,0,,,3.0,1.0,,,30.255664914233616,,0.0
329180,01390344,HD현대중공업,2021,KOSPI,선박 및 보트 건조업,0,0,0,0,한영회계법인,1.0,1.0,,0.0,,7.0,4.0,0.5714285714285714,79.72,99.99,375546.0,15078671491000.0,9484646542000.0,5594024949000.0,8311275924000.0,-800262777000.0,,30.34430237721376,0.6290107552022137,,0.0,2021-09-17,,,0,적정,,3.0,,,,30.34430237721376,,0.0
329180,01390344,HD현대중공업,2022,KOSPI,선박 및 보트 건조업,0,0,0,0,삼정회계법인,1.0,1.0,,0.0,,5.0,3.0,0.6,78.03,99.99,230317.0,16289398053000.0,11001578566000.0,5287819487000.0,9045480488000.0,-289151153000.0,,30.421535585926062,0.6753827569444073,,0.0,2021-09-17,,,0,적정,,7.0,2.0,,3.0,30.421535585926062,,0.0
329180,01390344,HD현대중공업,2023,KOSPI,선박 및 보트 건조업,0,0,0,0,삼정회계법인,1.0,1.0,,0.0,,5.0,3.0,0.6,78.03,99.99,193806.0,17133618109000.0,11926177799000.0,5207440310000.0,11963925991000.0,178639965000.0,,30.472063620731287,0.696068846820823,,0.0,2021-09-17,,,0,적정,,8.0,1.0,,,30.472063620731287,,0.0
329180,01390344,HD현대중공업,2024,KOSPI,선박 및 보트 건조업,0,0,0,0,삼정회계법인,1.0,1.0,,0.0,,5.0,3.0,0.6,75.02,99.99,171800.0,19390946750000.0,13686498249000.0,5704448501000.0,14486453544000.0,705223483000.0,,30.595827410705926,0.7058189796225396,,0.0,2021-09-17,,,0,적정의견,,11.0,1.0,,,30.595827410705926,,0.0
271940,00972503,일진하이솔루스,2018,KOSPI,그외 기타 운송장비 제조업,0,0,0,0,,,,,,,,,,,,,,,,,,,,,,,2021-09-01,,,0,,,,,,,,,0.0
271940,00972503,일진하이솔루스,2019,KOSPI,그외 기타 운송장비 제조업,0,0,0,0,,,,,,,,,,,,,,,,,,,,,,,2021-09-01,,,0,,,,,,,,,0.0
271940,00972503,일진하이솔루스,2020,KOSPI,그외 기타 운송장비 제조업,0,0,0,0,,,,,,,,,,,,,,,,,,,,,,,2021-09-01,,,0,,,,,,,,,0.0
271940,00972503,일진하이솔루스,2021,KOSPI,그외 기타 운송장비 제조업,0,0,0,0,삼일회계법인,1.0,1.0,,1.0,,2.0,1.0,0.5,70.0,100.0,218906.0,343543079609.0,36385115045.0,307157964564.0,117690718877.0,9802681380.0,,26.562578354454054,0.10591136077143903,,0.0,2021-09-01,,,0,적정,,6.0,1.0,,,26.562578354454054,,0.0
271940,00972503,일진하이솔루스,2022,KOSPI,그외 기타 운송장비 제조업,0,0,0,0,대주회계법인,0.0,1.0,,1.0,,3.0,1.0,0.3333333333333333,70.0,26.36,188776.0,342505450921.0,27786557872.0,314718893049.0,109080826437.0,2772987763.0,,26.55955340961986,0.08112734497299741,,0.0,2021-09-01,,,0,적정,,6.0,1.0,,,26.55955340961986,,0.0
271940,00972503,일진하이솔루스,2023,KOSPI,그외 기타 운송장비 제조업,1,1,1,1,대주회계법인,0.0,1.0,,1.0,,4.0,1.0,0.25,70.0,99.99,170927.0,338352795709.0,22448808838.0,315903986871.0,78740158706.0,-9799275704.0,,26.547354962362785,0.06634734254510809,,0.0,2021-09-01,20230315,20230315,24,적정,,6.0,1.0,,,26.547354962362785,,0.6931471805599453
271940,00972503,일진하이솔루스,2024,KOSPI,그외 기타 운송장비 제조업,0,0,0,0,대주회계법인,0.0,1.0,,0.0,,4.0,1.0,0.25,70.0,99.99,152836.0,344277767089.0,26806085878.0,317471681211.0,79297672959.0,-9515638086.0,,26.564714630965394,0.07786179777060742,,0.0,2021-09-01,,,0,적정의견,,6.0,1.0,,,26.564714630965394,,0.0
139990,00486705,아주스틸,2018,KOSPI,1차 철강 제조업,0,0,0,0,,,,,,,,,,,,,,,,,,,,,,,2021-08-20,,,0,,,,,,,,,0.0
139990,00486705,아주스틸,2019,KOSPI,1차 철강 제조업,0,0,0,0,,,,,,,,,,,,,,,,,,,,,,,2021-08-20,,,0,,,,,,,,,0.0
139990,00486705,아주스틸,2020,KOSPI,1차 철강 제조업,0,0,0,0,,,,,,,,,,,,,,,,,,,,,,,2021-08-20,,,0,,,,,,,,,0.0
139990,00486705,아주스틸,2021,KOSPI,1차 철강 제조업,0,0,0,0,정인회계법인,0.0,1.0,,0.0,,5.0,2.0,0.4,45.12,99.99,138156.0,627226321205.0,390590139210.0,236636181995.0,933409934057.0,55310968330.0,,27.164573271309003,0.6227260017717611,,0.0,2021-08-20,,,0,적정,,6.0,1.0,,1.0,27.164573271309003,,0.0
139990,00486705,아주스틸,2022,KOSPI,1차 철강 제조업,0,0,0,0,정인회계법인,0.0,0.0,,0.0,,5.0,2.0,0.4,44.5,99.99,118982.0,760228485888.0,522749227264.0,237479258624.0,1056170390159.0,4599028519.0,,27.35688486437016,0.6876212046348045,,0.0,2021-08-20,,,0,적정,,6.0,,,,27.35688486437016,,0.0
139990,00486705,아주스틸,2023,KOSPI,1차 철강 제조업,0,0,0,0,-,0.0,0.0,,0.0,,5.0,2.0,0.4,42.69,99.99,106862.0,995406431200.0,819583798706.0,175822632494.0,956457905420.0,-19057421396.0,,27.626416964270227,0.823365987014933,,0.0,2021-08-20,,,0,,,3.0,1.0,,1.0,27.626416964270227,,0.0
139990,00486705,아주스틸,2024,KOSPI,1차 철강 제조업,0,0,0,0,대주회계법인,0.0,1.0,,0.0,,5.0,2.0,0.4,42.69,99.99,96596.0,961386247104.0,842867833691.0,118518413413.0,999671752739.0,-42399405216.0,,27.591642087232184,0.8767213346664621,,0.0,2021-08-20,,,0,적정의견,,6.0,1.0,,1.0,27.591642087232184,,0.0
089860,00545716,롯데렌탈,2018,KOSPI,운송장비 임대업,1,1,0,0,삼정회계법인,1.0,1.0,265.0,0.0,0.0,,,,50.0,,,,,,,,,,,,,2021-08-19,20180404,20180404,0,적정,2950.0,3.0,,,,,5.579729825986222,0.6931471805599453
089860,00545716,롯데렌탈,2019,KOSPI,운송장비 임대업,1,1,0,0,삼정회계법인,1.0,1.0,317.0,0.0,0.0,,,,45.1,,,,,,,,,,,,,2021-08-19,20190401,20190401,0,적정,4282.0,3.0,,,,,5.75890177387728,0.6931471805599453
089860,00545716,롯데렌탈,2020,KOSPI,운송장비 임대업,0,0,0,0,삼정회계법인,1.0,1.0,,0.0,,7.0,2.0,0.2857142857142857,70.47,,,,,,,,,,,,,2021-08-19,,,0,적정,,3.0,1.0,,,,,0.0
089860,00545716,롯데렌탈,2021,KOSPI,운송장비 임대업,1,3,0,0,삼일회계법인,1.0,1.0,,0.0,,6.0,4.0,0.6666666666666666,60.64,99.99,442308.0,6125007656105.0,4307888147930.0,1054743947272.0,,2422658838497.0,,29.443401122334883,0.7033277980699638,,0.0,2021-08-19,20210707,20210707,0,적정,,3.0,3.0,,,29.443401122334883,,1.3862943611198906
089860,00545716,롯데렌탈,2022,KOSPI,운송장비 임대업,1,1,1,1,삼정회계법인,1.0,1.0,,0.0,,6.0,4.0,0.6666666666666666,60.64,99.99,353742.0,6927204106064.0,4946497235880.0,1100852103756.0,,2738939589270.0,,29.566477399824947,0.7140683542946121,,0.0,2021-08-19,20220812,20220812,24,적정,,10.0,1.0,,,29.566477399824947,,0.6931471805599453
089860,00545716,롯데렌탈,2023,KOSPI,운송장비 임대업,1,1,1,1,삼정회계법인,1.0,1.0,,0.0,,7.0,4.0,0.5714285714285714,60.67,99.99,308689.0,6718109060318.0,5352827789031.0,1365281271287.0,2752292105099.0,305192202982.0,,29.53582784103243,0.7967759589746263,,0.0,2021-08-19,20230424,20230424,24,적정,,13.0,3.0,,,29.53582784103243,,0.6931471805599453
089860,00545716,롯데렌탈,2024,KOSPI,운송장비 임대업,0,0,0,0,삼정회계법인,1.0,1.0,,0.0,,6.0,3.0,0.5,61.21,99.99,261907.0,7006616781040.0,5538031329236.0,1468585451804.0,2792395464171.0,284811996731.0,,29.577876072946506,0.7904002034508277,,0.0,2021-08-19,,,0,적정의견,,14.0,1.0,,1.0,29.577876072946506,,0.0
372910,00534598,한컴라이프케어,2018,KOSPI,의료용 기기 제조업,0,0,0,0,,,,,,,,,,,,,,,,,,,,,,,2021-08-17,,,0,,,,,,,,,0.0
372910,00534598,한컴라이프케어,2019,KOSPI,의료용 기기 제조업,0,0,0,0,,,,,,,,,,,,,,,,,,,,,,,2021-08-17,,,0,,,,,,,,,0.0
372910,00534598,한컴라이프케어,2020,KOSPI,의료용 기기 제조업,0,0,0,0,,,,,,,,,,,,,,,,,,,,,,,2021-08-17,,,0,,,,,,,,,0.0
372910,00534598,한컴라이프케어,2021,KOSPI,의료용 기기 제조업,0,0,0,0,선진회계법인,0.0,0.0,,0.0,,7.0,2.0,0.2857142857142857,36.27,99.99,60363.0,214127311865.0,97308908576.0,116818403289.0,121140356659.0,4787002473.0,,26.089836590333345,0.4544441702857128,,0.0,2021-08-17,,,0,적정,,6.0,,,,26.089836590333345,,0.0
372910,00534598,한컴라이프케어,2022,KOSPI,의료용 기기 제조업,0,0,0,0,선진회계법인,0.0,1.0,,0.0,,7.0,2.0,0.2857142857142857,36.27,99.99,49530.0,208029841056.0,80099500535.0,127930340521.0,100120112846.0,-1332071025.0,,26.060947372972763,0.38503851239994863,,0.0,2021-08-17,,,0,적정,,6.0,1.0,,1.0,26.060947372972763,,0.0
372910,00534598,한컴라이프케어,2023,KOSPI,의료용 기기 제조업,0,0,0,0,선진회계법인,0.0,0.0,,0.0,,9.0,3.0,0.3333333333333333,36.27,99.99,43118.0,182210002869.0,53883062751.0,128326940118.0,112779715327.0,1832106411.0,,25.928425720753765,0.2957195648020447,,0.0,2021-08-17,,,0,,,6.0,1.0,,,25.928425720753765,,0.0
372910,00534598,한컴라이프케어,2024,KOSPI,의료용 기기 제조업,0,0,0,0,한영회계법인,1.0,1.0,,0.0,,9.0,3.0,0.3333333333333333,36.13,99.99,42898.0,198508016060.0,63131348085.0,135376667975.0,104776425927.0,7488962506.0,,26.01409531943208,0.318029212814853,,0.0,2021-08-17,,,0,적정의견,,6.0,,,,26.01409531943208,,0.0
259960,00760971,크래프톤,2018,KOSPI,소프트웨어 개발 및 공급업,1,2,0,0,삼일회계법인,1.0,1.0,170000.0,-6.0,-3.529411764705882e-05,,,,41.1,98.1,1114.0,,,,,,,,,,,2021-08-10,20180622,20180816,0,적정,1739.0,6.0,,,,,12.043553716032399,1.0986122886681098
259960,00760971,크래프톤,2019,KOSPI,소프트웨어 개발 및 공급업,1,7,0,0,삼일회계법인,1.0,1.0,170000.0,0.0,0.0,,,,43.1,98.33,1178.0,,,,,,,,,,,2021-08-10,20190125,20191107,0,적정,1739.0,6.0,,,,,12.043553716032399,2.0794415416798357
259960,00760971,크래프톤,2020,KOSPI,소프트웨어 개발 및 공급업,1,3,0,0,한영회계법인,1.0,1.0,,2.0,,5.0,,,36.39,99.31,2883.0,,,,,,,,,,,2021-08-10,20200330,20200330,0,적정,,6.0,4.0,,,,,1.3862943611198906
259960,00760971,크래프톤,2021,KOSPI,소프트웨어 개발 및 공급업,0,0,0,0,한영회계법인,1.0,1.0,,0.0,,6.0,4.0,0.6666666666666666,21.8,99.98,125177.0,5635100724323.0,1026856415552.0,4608244308771.0,,639639249890.0,,29.36003613802948,0.1822250330184411,,0.0,2021-08-10,,,0,적정,,6.0,4.0,,1.0,29.36003613802948,,0.0
259960,00760971,크래프톤,2022,KOSPI,소프트웨어 개발 및 공급업,0,0,0,0,삼정회계법인,1.0,1.0,,0.0,,5.0,3.0,0.6,22.18,99.97,163239.0,6030311640765.0,917461503208.0,5112850137557.0,,751606569542.0,,29.427819807051094,0.1521416400780925,,0.0,2021-08-10,,,0,적정,,7.0,,,1.0,29.427819807051094,,0.0
259960,00760971,크래프톤,2023,KOSPI,소프트웨어 개발 및 공급업,0,0,0,0,삼정회계법인,1.0,1.0,,-3.0,,7.0,5.0,0.7142857142857143,21.05,99.97,131722.0,6440456619598.0,881636358567.0,5558820261031.0,1910576180288.0,768045608970.0,,29.493620557195552,0.13689034965071,,0.0,2021-08-10,,,0,적정,,6.0,,,,29.493620557195552,,0.0
259960,00760971,크래프톤,2024,KOSPI,소프트웨어 개발 및 공급업,0,0,0,0,삼정회계법인,1.0,1.0,,-4.0,,7.0,5.0,0.7142857142857143,22.77,99.96,95738.0,7919463568015.0,1090331965788.0,6829131602227.0,2709774106588.0,1182487684188.0,,29.700344588149775,0.1376775025762622,,0.0,2021-08-10,,,0,적정의견,,7.0,3.0,,,29.700344588149775,,0.0
178920,00767460,PI첨단소재,2018,KOSPI,플라스틱제품 제조업,0,0,0,0,삼정회계법인,1.0,1.0,75000.0,0.0,0.0,,,,54.15,,,372365385062.0,113651066761.0,258714318301.0,245472562183.0,60533437916.0,,26.643141427067782,0.3052138338317262,,0.0,2021-08-09,,,0,적정,1370.0,3.0,,,,26.643141427067782,11.225243392518447,0.0
178920,00767460,PI첨단소재,2019,KOSPI,플라스틱제품 제조업,0,0,0,0,-,0.0,0.0,,0.0,,,,,54.07,,,392965082107.0,141679218782.0,251285863325.0,223682314032.0,33602431093.0,,26.696986595267806,0.3605389517621882,,0.0,2021-08-09,,,0,,,3.0,,,,26.696986595267806,,0.0
178920,00767460,PI첨단소재,2020,KOSPI,플라스틱제품 제조업,0,0,0,0,삼정회계법인,1.0,1.0,,0.0,,7.0,3.0,0.42857142857142855,54.07,99.91,27702.0,404031458892.0,121144769535.0,282886689357.0,261788779258.0,60009434293.0,,26.724758580420517,0.2998399428282705,,0.0,2021-08-09,,,0,적정,,3.0,3.0,,3.0,26.724758580420517,,0.0
178920,00767460,PI첨단소재,2021,KOSPI,플라스틱제품 제조업,0,0,0,0,삼정회계법인,1.0,1.0,,0.0,,7.0,3.0,0.42857142857142855,54.15,99.92,44494.0,472959621758.0,147070685808.0,325888935950.0,301868719484.0,75857968702.0,,26.88227585553228,0.3109582278109396,,0.0,2021-08-09,,,0,적정,,3.0,,,,26.88227585553228,,0.0
178920,00767460,PI첨단소재,2022,KOSPI,플라스틱제품 제조업,0,0,0,0,삼정회계법인,1.0,1.0,,0.0,,7.0,3.0,0.42857142857142855,54.15,99.03,39082.0,498996615717.0,157543399198.0,341453216519.0,276440430491.0,52135089760.0,,26.93586515054467,0.31572037612244824,,0.0,2021-08-09,,,0,적정,,3.0,,,,26.93586515054467,,0.0
178920,00767460,PI첨단소재,2023,KOSPI,플라스틱제품 제조업,0,0,0,0,삼일회계법인,1.0,1.0,,0.0,,7.0,3.0,0.42857142857142855,54.07,99.98,37426.0,517945909903.0,203026975016.0,314918934887.0,217639383722.0,-3937893712.0,,26.97313665271696,0.3919848986818383,,0.0,2021-08-09,,,0,적정,,3.0,3.0,,,26.97313665271696,,0.0
178920,00767460,PI첨단소재,2024,KOSPI,플라스틱제품 제조업,0,0,0,0,삼일회계법인,1.0,1.0,,0.0,,7.0,3.0,0.42857142857142855,54.18,99.98,34184.0,527526386235.0,189616842315.0,337909543920.0,251295439548.0,34931839001.0,,26.991464722344187,0.35944522826300934,,0.0,2021-08-09,,,0,적정의견,,3.0,,,,26.991464722344187,,0.0
137310,00854997,에스디바이오센서,2018,KOSPI,의료용 기기 제조업,0,0,0,0,,,,,,,,,,,,,,,,,,,,,,,2021-07-16,,,0,,,,,,,,,0.0
137310,00854997,에스디바이오센서,2019,KOSPI,의료용 기기 제조업,0,0,0,0,,,,,,,,,,,,,,,,,,,,,,,2021-07-16,,,0,,,,,,,,,0.0
137310,00854997,에스디바이오센서,2020,KOSPI,의료용 기기 제조업,0,0,0,0,안진회계법인,1.0,1.0,,0.0,,7.0,3.0,0.42857142857142855,76.36,91.48,246.0,,,,,,,,,,,2021-07-16,,,0,적정,,3.0,3.0,,,,,0.0
137310,00854997,에스디바이오센서,2021,KOSPI,의료용 기기 제조업,1,1,0,0,안진회계법인,1.0,1.0,,0.0,,7.0,3.0,0.42857142857142855,64.54,99.99,186455.0,3005125392466.0,801724155092.0,2203401237374.0,2929960839878.0,1364040578912.0,,28.73134041098723,0.2667855914105823,,0.0,2021-07-16,20210514,20210514,0,적정,,3.0,,,,28.73134041098723,,0.6931471805599453
137310,00854997,에스디바이오센서,2022,KOSPI,의료용 기기 제조업,0,0,0,0,삼정회계법인,1.0,1.0,,0.0,,7.0,4.0,0.5714285714285714,63.4,99.9,133565.0,3261922382065.0,315141082903.0,2946781299162.0,2932001440304.0,1146624395447.0,,28.813337825259666,0.09661207287939698,,0.0,2021-07-16,,,0,적정,,7.0,1.0,,,28.813337825259666,,0.0
137310,00854997,에스디바이오센서,2023,KOSPI,의료용 기기 제조업,1,1,1,1,삼정회계법인,1.0,1.0,,0.0,,7.0,4.0,0.5714285714285714,70.0,99.9,127533.0,3788831050300.0,957284648030.0,2831546402270.0,655676513230.0,-248084569658.0,,28.96307865744857,0.2526596291365914,,0.0,2021-07-16,20230515,20230515,24,적정,,11.0,3.0,,,28.96307865744857,,0.6931471805599453
137310,00854997,에스디바이오센서,2024,KOSPI,의료용 기기 제조업,0,0,0,0,삼정회계법인,1.0,1.0,,0.0,,7.0,4.0,0.5714285714285714,70.02,99.9,114025.0,3888464488208.0,956183635797.0,2932280852411.0,694573795269.0,-54057345753.0,,28.9890354625228,0.24590262781020214,,0.0,2021-07-16,,,0,적정의견,,10.0,,,,28.9890354625228,,0.0
097520,00564562,엠씨넥스,2018,KOSPI,영상 및 음향기기 제조업,0,0,0,0,삼정회계법인,1.0,1.0,140000.0,0.0,0.0,,,,27.57,99.88,7978.0,391053609043.0,261344619517.0,129708989526.0,696954048288.0,41111698751.0,,26.692110495060252,0.6683089312398156,,0.0,2021-07-06,,,0,적정,1608.0,6.0,,,,26.692110495060252,11.84939770159144,0.0
097520,00564562,엠씨넥스,2019,KOSPI,영상 및 음향기기 제조업,0,0,0,0,삼정회계법인,1.0,1.0,180000.0,0.0,0.0,,,,27.55,99.92,12771.0,476580873535.0,252013791555.0,224567081980.0,1267712135419.0,113067104268.0,,26.889903269741996,0.5287954375627962,,0.0,2021-07-06,,,0,적정,2009.0,3.0,,,,26.889903269741996,12.100712129872347,0.0
097520,00564562,엠씨넥스,2020,KOSPI,영상 및 음향기기 제조업,0,0,0,0,삼정회계법인,1.0,1.0,,0.0,,3.0,1.0,0.3333333333333333,27.99,99.99,52564.0,453396247933.0,200461504514.0,252934743419.0,1311342738149.0,59167161589.0,,26.840032299584188,0.44213313504002116,,0.0,2021-07-06,,,0,적정,,3.0,,,,26.840032299584188,,0.0
097520,00564562,엠씨넥스,2021,KOSPI,영상 및 음향기기 제조업,0,0,0,0,삼정회계법인,1.0,1.0,,0.0,,6.0,3.0,0.5,28.0,99.99,74123.0,525527588292.0,226561392084.0,298966196208.0,1009273639991.0,23878951946.0,,26.987668525013834,0.43111227104240096,,0.0,2021-07-06,,,0,적정,,3.0,2.0,,,26.987668525013834,,0.0
097520,00564562,엠씨넥스,2022,KOSPI,영상 및 음향기기 제조업,0,0,0,0,삼정회계법인,1.0,1.0,,0.0,,5.0,3.0,0.6,28.16,99.99,74248.0,538890010550.0,229823432579.0,309066577971.0,1108637950325.0,10702196295.0,,27.012777324972543,0.42647558514665806,,0.0,2021-07-06,,,0,적정,,3.0,1.0,,,27.012777324972543,,0.0
097520,00564562,엠씨넥스,2023,KOSPI,영상 및 음향기기 제조업,0,0,0,0,삼정회계법인,1.0,1.0,,0.0,,5.0,3.0,0.6,28.27,99.99,66777.0,535697470080.0,212084767581.0,323612702499.0,932490110758.0,18224255538.0,,27.006835417178905,0.3959039932544906,,0.0,2021-07-06,,,0,적정,,3.0,,,,27.006835417178905,,0.0
097520,00564562,엠씨넥스,2024,KOSPI,영상 및 음향기기 제조업,0,0,0,0,삼정회계법인,1.0,1.0,,0.0,,5.0,3.0,0.6,28.91,99.99,58267.0,574103551032.0,201879404879.0,372224146153.0,1057058423929.0,44384671816.0,,27.07607561949018,0.35164284303085147,,0.0,2021-07-06,,,0,적정의견,,3.0,,,,27.07607561949018,,0.0
