rcept_no,corp_cls,corp_code,corp_name,bsns_year,adtor,adt_opinion,adt_reprt_spcmnt_matter,stlm_dt,query_year,endpoint_label,emphs_matter,core_adt_matter
20250318000466,Y,01649204,달바글로벌,"제9기
(당기)",삼일회계법인,적정의견,-,2024-12-31,2024,auditor_opinion,,
20250318000466,Y,01649204,달바글로벌,"제9기
(당기)",삼일회계법인,적정의견,-,2024-12-31,2024,auditor_opinion,,
20250318000466,Y,01649204,달바글로벌,"제8기
(전기)",태성회계법인,적정의견,-,2024-12-31,2024,auditor_opinion,(주1),
20250318000466,Y,01649204,달바글로벌,"제8기
(전기)",태성회계법인,적정의견,-,2024-12-31,2024,auditor_opinion,(주2),
20250318000466,Y,01649204,달바글로벌,"제7기
(전전기)",태성회계법인,적정의견,-,2024-12-31,2024,auditor_opinion,,
20250318000466,Y,01649204,달바글로벌,"제7기
(전전기)",태성회계법인,적정의견,-,2024-12-31,2024,auditor_opinion,,
20250320001576,Y,01210677,씨케이솔루션,"제21기
(당기)",인덕회계법인,적정의견,-,2024-12-31,2024,auditor_opinion,,
20250320001576,Y,01210677,씨케이솔루션,"제21기
(당기)",인덕회계법인,적정의견,-,2024-12-31,2024,auditor_opinion,,
20250320001576,Y,01210677,씨케이솔루션,"제20기
(전기)",우리회계법인,적정의견,-,2024-12-31,2024,auditor_opinion,,
20250320001576,Y,01210677,씨케이솔루션,"제20기
(전기)",우리회계법인,적정의견,-,2024-12-31,2024,auditor_opinion,,
20250320001576,Y,01210677,씨케이솔루션,"제19기
(전전기)",인덕회계법인,적정의견,-,2024-12-31,2024,auditor_opinion,,
20250320001576,Y,01210677,씨케이솔루션,"제19기
(전전기)",인덕회계법인,적정의견,-,2024-12-31,2024,auditor_opinion,,
20190401004162,Y,00139834,LG씨엔에스,제32기(당기),안진 회계법인,적정,-,2018-12-31,2018,auditor_opinion,,
20190401004162,Y,00139834,LG씨엔에스,제31기(전기),안진 회계법인,적정,-,2018-12-31,2018,auditor_opinion,,
20190401004162,Y,00139834,LG씨엔에스,제30기(전전기),안진 회계법인,적정,-,2018-12-31,2018,auditor_opinion,,
20200330003747,Y,00139834,LG씨엔에스,제33기(당기),안진회계법인,적정,-,2019-12-31,2019,auditor_opinion,,"총계약원가
추정의 변경"
20200330003747,Y,00139834,LG씨엔에스,제32기(전기),안진회계법인,적정,-,2019-12-31,2019,auditor_opinion,,"총계약원가
추정의 변경"
20200330003747,Y,00139834,LG씨엔에스,제31기(전전기),안진회계법인,적정,-,2019-12-31,2019,auditor_opinion,"1. 투입법에 따른 수익인식 및 공사진행율의 적절성
2. 총계약원가에 대한 추정의 불확실성 및 공사변경에
따른 회계처리의 적절성
3. 미청구공사금액 회수가능성 및 계약손실충당부채 
설정의 적절성","총계약원가
추정의 변경"
20210331001781,Y,00139834,LG씨엔에스,제34기,안진 회계법인,적정,-,2020-12-31,2020,auditor_opinion,,"총계약원가
추정의 변경"
20210331001781,Y,00139834,LG씨엔에스,제33기,안진 회계법인,적정,-,2020-12-31,2020,auditor_opinion,,"총계약원가
추정의 변경"
20210331001781,Y,00139834,LG씨엔에스,제32기,안진 회계법인,적정,-,2020-12-31,2020,auditor_opinion,,"총계약원가
추정의 변경"
20220405002309,Y,00139834,LG씨엔에스,제35기,안진 회계법인,적정,-,2021-12-31,2021,auditor_opinion,,"총계약원가
추정의 변경"
20220405002309,Y,00139834,LG씨엔에스,제34기,안진 회계법인,적정,-,2021-12-31,2021,auditor_opinion,,"총계약원가
추정의 변경"
20220405002309,Y,00139834,LG씨엔에스,제33기,안진 회계법인,적정,-,2021-12-31,2021,auditor_opinion,,"총계약원가
추정의 변경"
20230331004072,Y,00139834,LG씨엔에스,제36기(당기),삼일 회계법인,적정,-,2022-12-31,2022,auditor_opinion,,(별도/연결) 건설형계약 총계약원가의 추정
20230331004072,Y,00139834,LG씨엔에스,제35기(전기),안진 회계법인,적정,-,2022-12-31,2022,auditor_opinion,,(별도/연결) 총계약원가 추정의 변경
20230331004072,Y,00139834,LG씨엔에스,제34기(전전기),안진 회계법인,적정,-,2022-12-31,2022,auditor_opinion,,(별도/연결) 총계약원가 추정의 변경
20240401003467,Y,00139834,LG씨엔에스,제37기(당기),삼일 회계법인,적정,-,2023-12-31,2023,auditor_opinion,,(별도/연결) 건설형계약 총계약원가의 추정
20240401003467,Y,00139834,LG씨엔에스,제36기(전기),삼일 회계법인,적정,-,2023-12-31,2023,auditor_opinion,,(별도/연결) 건설형계약 총계약원가의 추정
20240401003467,Y,00139834,LG씨엔에스,제35기(전전기),안진 회계법인,적정,-,2023-12-31,2023,auditor_opinion,,(별도/연결) 총계약원가 추정의 변경
20250311001270,Y,00139834,LG씨엔에스,"제38기
(당기)",삼일 회계법인,적정의견,-,2024-12-31,2024,auditor_opinion,,건설형계약 총계약원가의 추정
20250311001270,Y,00139834,LG씨엔에스,"제38기
(당기)",삼일 회계법인,적정의견,-,2024-12-31,2024,auditor_opinion,,건설형계약 총계약원가의 추정
20250311001270,Y,00139834,LG씨엔에스,"제37기
(전기)",삼일 회계법인,적정의견,-,2024-12-31,2024,auditor_opinion,,건설형계약 총계약원가의 추정
20250311001270,Y,00139834,LG씨엔에스,"제37기
(전기)",삼일 회계법인,적정의견,-,2024-12-31,2024,auditor_opinion,,건설형계약 총계약원가의 추정
20250311001270,Y,00139834,LG씨엔에스,"제36기
(전전기)",삼일 회계법인,적정의견,-,2024-12-31,2024,auditor_opinion,,건설형계약 총계약원가의 추정
20250311001270,Y,00139834,LG씨엔에스,"제36기
(전전기)",삼일 회계법인,적정의견,-,2024-12-31,2024,auditor_opinion,,건설형계약 총계약원가의 추정
20250319000653,Y,01519790,엠앤씨솔루션,"제5기
(당기)",이촌회계법인,적정의견,-,2024-12-31,2024,auditor_opinion,해당사항 없음,영업권 손상평가
20250319000653,Y,01519790,엠앤씨솔루션,"제5기
(당기)",-,,-,2024-12-31,2024,auditor_opinion,,
20250319000653,Y,01519790,엠앤씨솔루션,"제4기
(전기)",한영회계법인,적정의견,-,2024-12-31,2024,auditor_opinion,부품정비 및 개발용역 수익인식,해당사항 없음
20250319000653,Y,01519790,엠앤씨솔루션,"제4기
(전기)",한영회계법인,적정의견,-,2024-12-31,2024,auditor_opinion,부품정비 및 개발용역 수익인식,해당사항 없음
20250319000653,Y,01519790,엠앤씨솔루션,"제3기
(전전기)",한영회계법인,적정의견,-,2024-12-31,2024,auditor_opinion,부품정비 및 개발용역 수익인식,해당사항 없음
20250319000653,Y,01519790,엠앤씨솔루션,"제3기
(전전기)",한영회계법인,적정의견,-,2024-12-31,2024,auditor_opinion,부품정비 및 개발용역 수익인식,해당사항 없음
20250320000574,Y,00968607,더본코리아,"제31기
(당기)",삼일회계법인,적정의견,-,2024-12-31,2024,auditor_opinion,해당사항 없음,가맹점 재화공급 매출의 발생사실
20250320000574,Y,00968607,더본코리아,"제31기
(당기)",삼일회계법인,적정의견,-,2024-12-31,2024,auditor_opinion,해당사항 없음,가맹점 재화공급 매출의 발생사실
20250320000574,Y,00968607,더본코리아,"제30기
(전기)",삼정회계법인,적정의견,-,2024-12-31,2024,auditor_opinion,해당사항 없음,
20250320000574,Y,00968607,더본코리아,"제30기
(전기)",삼정회계법인,적정의견,-,2024-12-31,2024,auditor_opinion,해당사항 없음,
20250320000574,Y,00968607,더본코리아,"제29기
(전전기)",참회계법인,적정의견,-,2024-12-31,2024,auditor_opinion,해당사항 없음,
20250320000574,Y,00968607,더본코리아,"제29기
(전전기)",참회계법인,적정의견,-,2024-12-31,2024,auditor_opinion,해당사항 없음,
20250317000812,Y,01867758,한화비전,제1기(당기),삼일회계법인,적정의견,-,2024-12-31,2024,auditor_opinion,감사의견에 영향을 미치지 않는 사항으로서 이용자는 주석 20에 주의를 기울여야 할 필요가 있습니다. 주석20에 기술하고 있는 바와 같이 회사는 한화에어로스페이스 주식회사로 부터 2024년 9월 1일자로 인적분할되어 설립되었습니다. 분할기일인 2024년 9월 1일 이후 거래는 분할된 회사의 재무제표에 반영되었습니다.,종속기업투자 손상 평가
20250317000812,Y,01867758,한화비전,제1기(당기),삼일회계법인,적정의견,-,2024-12-31,2024,auditor_opinion,감사의견에 영향을 미치지 않는 사항으로서 이용자는 주석 37에 주의를 기울여야 할필요가 있습니다. 주석37에 기술하고 있는 바와 같이 연결회사는 한화에어로스페이스 주식회사로 부터 2024년 9월 1일자로 인적분할되어 설립되었습니다. 분할기일인 2024년 9월 1일 이후 거래는 분할된 연결회사의 연결재무제표에 반영되었습니다.,산업용장비부문 현금창출단위 손상 평가
20250317000812,Y,01867758,한화비전,-,-,,-,2024-12-31,2024,auditor_opinion,,
20250317000812,Y,01867758,한화비전,-,-,,-,2024-12-31,2024,auditor_opinion,,
20250317000812,Y,01867758,한화비전,-,-,,-,2024-12-31,2024,auditor_opinion,,
20250317000812,Y,01867758,한화비전,-,-,,-,2024-12-31,2024,auditor_opinion,,
20250317000567,Y,00372129,전진건설로봇,"제26기
(당기)",삼일회계법인,적정의견,-,2024-12-31,2024,auditor_opinion,해당사항 없음,- 재화매출의 발생사실
20250317000567,Y,00372129,전진건설로봇,"제26기
(당기)",삼일회계법인,적정의견,-,2024-12-31,2024,auditor_opinion,해당사항 없음,- 재화매출의 발생사실
20250317000567,Y,00372129,전진건설로봇,"제25기
(전기)",삼일회계법인,적정의견,-,2024-12-31,2024,auditor_opinion,해당사항 없음,"- 현금흐름표 표시
-해외매출 수익인식
-이연법인세"
20250317000567,Y,00372129,전진건설로봇,"제25기
(전기)",삼일회계법인,적정의견,-,2024-12-31,2024,auditor_opinion,해당사항 없음,"- 현금흐름표 표시
- 해외매출 수익인식
-이연법인세"
20250317000567,Y,00372129,전진건설로봇,"제24기
(전전기)",삼정회계법인,적정의견,-,2024-12-31,2024,auditor_opinion,해당사항 없음,"- 해외매출 수익인식
- 대손충당금의 인식"
20250317000567,Y,00372129,전진건설로봇,"제24기
(전전기)",삼정회계법인,적정의견,-,2024-12-31,2024,auditor_opinion,해당사항 없음,"- 해외매출 수익인식
- 대손충당금의 인식"
20250328001583,Y,00366438,산일전기,-,-,,-,2024-12-31,2024,auditor_opinion,,
20250328001583,Y,00366438,산일전기,-,-,,-,2024-12-31,2024,auditor_opinion,,
20250328001583,Y,00366438,산일전기,-,-,,-,2024-12-31,2024,auditor_opinion,,
20250328001583,Y,00366438,산일전기,-,-,,-,2024-12-31,2024,auditor_opinion,,
20250328001583,Y,00366438,산일전기,-,-,,-,2024-12-31,2024,auditor_opinion,,
20250328001583,Y,00366438,산일전기,-,-,,-,2024-12-31,2024,auditor_opinion,,
20250319000952,Y,01384787,시프트업,"제12기
(당기)",한영회계법인,적정의견,-,2024-12-31,2024,auditor_opinion,,"라이선스 매출의 
기간귀속에 대한 적정성"
20250319000952,Y,01384787,시프트업,"제12기
(당기)",-,,-,2024-12-31,2024,auditor_opinion,,
20250319000952,Y,01384787,시프트업,"제11기
(전기)",삼정회계법인,적정의견,-,2024-12-31,2024,auditor_opinion,,
20250319000952,Y,01384787,시프트업,"제11기
(전기)",-,,-,2024-12-31,2024,auditor_opinion,,
20250319000952,Y,01384787,시프트업,"제10기
(전전기)",한성회계법인,적정의견,-,2024-12-31,2024,auditor_opinion,,
20250319000952,Y,01384787,시프트업,"제10기
(전전기)",-,,-,2024-12-31,2024,auditor_opinion,,
20190329004010,Y,00171265,파라다이스,제48기 (당기),삼일회계법인,적정,해당사항 없음,2018-12-31,2018,auditor_opinion,,
20190329004010,Y,00171265,파라다이스,제47기 (전기),삼일회계법인,적정,해당사항 없음,2018-12-31,2018,auditor_opinion,,
20190329004010,Y,00171265,파라다이스,제46기 (전전기),삼일회계법인,적정,해당사항 없음,2018-12-31,2018,auditor_opinion,,
20200330001372,Y,00171265,파라다이스,제49기(당기),삼일회계법인,적정,-,2019-12-31,2019,auditor_opinion,"보고기간 말 이후
 ""코로나바이러스감염증-19""의 확산에 
따른 경영실적의 불확실성 증대(주1)",영업권의 손상평가(주1)
20200330001372,Y,00171265,파라다이스,제48기(전기),삼일회계법인,적정,-,2019-12-31,2019,auditor_opinion,,
20200330001372,Y,00171265,파라다이스,제47기(전전기),삼일회계법인,적정,-,2019-12-31,2019,auditor_opinion,,
20210419000082,Y,00171265,파라다이스,제50기(당기),삼일회계법인,적정,-,2020-12-31,2020,auditor_opinion,"""코로나바이러스 감염증-19로 인한 경영성과의 불확실성이 일반기업보다 클 수 있음",영업권의 손상검사
20210419000082,Y,00171265,파라다이스,제49기(전기),삼일회계법인,적정,-,2020-12-31,2020,auditor_opinion,"보고기간 말 이후
""코로나바이러스감염증-19""의 확산에 
따른 경영실적의 불확실성 증대",영업권의 손상평가
20210419000082,Y,00171265,파라다이스,제48기(전전기),삼일회계법인,적정,-,2020-12-31,2020,auditor_opinion,,
20220317001345,Y,00171265,파라다이스,제51기(당기),삼일회계법인,적정,-,2021-12-31,2021,auditor_opinion,"""코로나바이러스감염증-19""로 인한 재무상태 및 경영성과에 불확실성이 일반기업보다 클 수 있음","영업권의 
손상 검사"
20220317001345,Y,00171265,파라다이스,제50기(전기),삼일회계법인,적정,-,2021-12-31,2021,auditor_opinion,"""코로나바이러스 감염증-19로 인한 경영성과의 불확실성이 일반기업보다 클 수 있음","영업권의
손상검사"
20220317001345,Y,00171265,파라다이스,제49기(전전기),삼일회계법인,적정,-,2021-12-31,2021,auditor_opinion,"보고기간 말 이후
""코로나바이러스감염증-19""의 확산에 
따른 경영실적의 불확실성 증대","영업권의
 손상평가"
20230316001131,Y,00171265,파라다이스,제52기(당기),삼덕회계법인,적정,-,2022-12-31,2022,auditor_opinion,"""코로나바이러스감염증-19""로 인한 재무상태 및 경영성과의 불확실성이 일반기업보다 클 수 있음",영업권의 손상검사
20230316001131,Y,00171265,파라다이스,제51기(전기),삼일회계법인,적정,-,2022-12-31,2022,auditor_opinion,"""코로나바이러스감염증-19""로 인한 재무상태 및 경영성과의 불확실성이 일반기업보다 클 수 있음",영업권의 손상검사
20230316001131,Y,00171265,파라다이스,제50기(전전기),삼일회계법인,적정,-,2022-12-31,2022,auditor_opinion,"""코로나바이러스 감염증-19로 인한 경영성과의 불확실성이 일반기업보다 클 수 있음",영업권의 손상검사
20240314000746,Y,00171265,파라다이스,제53기(당기),삼덕회계법인,적정,-,2023-12-31,2023,auditor_opinion,해당사항 없음,영업권의 손상검사
20240314000746,Y,00171265,파라다이스,제52기(전기),삼덕회계법인,적정,-,2023-12-31,2023,auditor_opinion,"""코로나바이러스감염증-19""로 인한 재무상태 및 경영성과의 불확실성이 일반기업보다 클 수 있음",영업권의 손상검사
20240314000746,Y,00171265,파라다이스,제51기(전전기),삼일회계법인,적정,-,2023-12-31,2023,auditor_opinion,"""코로나바이러스감염증-19""로 인한 재무상태 및 경영성과의 불확실성이 일반기업보다 클 수 있음",영업권의 손상검사
20250415000021,Y,00171265,파라다이스,"제54기
(당기)",삼덕회계법인,적정의견,-,2024-12-31,2024,auditor_opinion,해당사항 없음,영업권의 손상검사
20250415000021,Y,00171265,파라다이스,"제54기
(당기)",삼덕회계법인,적정의견,-,2024-12-31,2024,auditor_opinion,해당사항 없음,영업권의 손상검사
20250415000021,Y,00171265,파라다이스,"제53기
(전기)",삼덕회계법인,적정의견,-,2024-12-31,2024,auditor_opinion,해당사항 없음,영업권의 손상검사
20250415000021,Y,00171265,파라다이스,"제53기
(전기)",삼덕회계법인,적정의견,-,2024-12-31,2024,auditor_opinion,해당사항 없음,영업권의 손상검사
20250415000021,Y,00171265,파라다이스,"제52기
(전전기)",삼덕회계법인,적정의견,-,2024-12-31,2024,auditor_opinion,"""코로나바이러스감염증-19""로 인한 재무상태 및 경영성과의 불확실성이 일반기업보다 클 수 있음",영업권의 손상검사
20250415000021,Y,00171265,파라다이스,"제52기
(전전기)",삼덕회계법인,적정의견,-,2024-12-31,2024,auditor_opinion,"""코로나바이러스감염증-19""로 인한 재무상태 및 경영성과의 불확실성이 일반기업보다 클 수 있음","-
영업권의 손상검사"
20250509000499,Y,01194689,HD현대마린솔루션,"제9기
(당기)",삼일회계법인,적정의견,-,2024-12-31,2024,auditor_opinion,해당사항 없음,재고자산의 평가
20250509000499,Y,01194689,HD현대마린솔루션,"제9기
(당기)",삼일회계법인,적정의견,-,2024-12-31,2024,auditor_opinion,해당사항 없음,재고자산의 평가
20250509000499,Y,01194689,HD현대마린솔루션,"제8기
(전기)",삼일회계법인,적정의견,-,2024-12-31,2024,auditor_opinion,해당사항 없음,해당사항 없음
20250509000499,Y,01194689,HD현대마린솔루션,"제8기
(전기)",삼일회계법인,적정의견,-,2024-12-31,2024,auditor_opinion,해당사항 없음,해당사항 없음
20250509000499,Y,01194689,HD현대마린솔루션,"제7기
(전전기)",삼정회계법인,적정의견,-,2024-12-31,2024,auditor_opinion,해당사항 없음,해당사항 없음
20250509000499,Y,01194689,HD현대마린솔루션,"제7기
(전전기)",삼정회계법인,적정의견,-,2024-12-31,2024,auditor_opinion,해당사항 없음,해당사항 없음
20250317000875,Y,01817081,SK이터닉스,"제1기
(당기)",삼정회계법인,적정의견,-,2024-12-31,2024,auditor_opinion,인적분할,상품매출의 발생 사실에 대한 검토
20250317000875,Y,01817081,SK이터닉스,"제1기
(당기)",삼정회계법인,적정의견,-,2024-12-31,2024,auditor_opinion,인적분할,상품매출의 발생 사실에 대한 검토
20250317000875,Y,01817081,SK이터닉스,-,-,,-,2024-12-31,2024,auditor_opinion,,
20250317000875,Y,01817081,SK이터닉스,-,-,,-,2024-12-31,2024,auditor_opinion,,
20250317000875,Y,01817081,SK이터닉스,-,-,,-,2024-12-31,2024,auditor_opinion,,
20250317000875,Y,01817081,SK이터닉스,-,-,,-,2024-12-31,2024,auditor_opinion,,
20200924000286,Y,01190568,에이피알,"제 5 기(당기)
제 5 기(당반기)","삼일회계법인
한영회계법인","적정
검토","해당사항 없음(주1)
해당사항 없음",2018-12-31,2018,auditor_opinion,,
20200924000286,Y,01190568,에이피알,제 4 기(전기),한영회계법인,적정,해당사항 없음,2018-12-31,2018,auditor_opinion,,
20200924000286,Y,01190568,에이피알,제 3 기(전전기),한영회계법인,한정,(주2),2018-12-31,2018,auditor_opinion,,
20200924000296,Y,01190568,에이피알,제6기(당기),삼일회계법인,적정,-,2019-12-31,2019,auditor_opinion,해당사항 없음,해당사항 없음
20200924000296,Y,01190568,에이피알,제5기(전기),"삼일회계법인
한영회계법인","적정
검토",-,2019-12-31,2019,auditor_opinion,해당사항 없음,해당사항 없음
20200924000296,Y,01190568,에이피알,제4기(전전기),한영회계법인,적정,-,2019-12-31,2019,auditor_opinion,해당사항 없음,해당사항 없음
20210331000895,Y,01190568,에이피알,제7기(당기),현대회계법인,적정,-,2020-12-31,2020,auditor_opinion,해당사항 없음,해당사항 없음
20210331000895,Y,01190568,에이피알,제6기(전기),삼일회계법인,적정,-,2020-12-31,2020,auditor_opinion,해당사항 없음,해당사항 없음
20210331000895,Y,01190568,에이피알,제5기(전전기),"삼일회계법인
한영회계법인","적정
검토",-,2020-12-31,2020,auditor_opinion,해당사항 없음,해당사항 없음
20220331002148,Y,01190568,에이피알,제8기(당기),현대회계법인,적정,-,2021-12-31,2021,auditor_opinion,해당사항 없음,해당사항 없음
20220331002148,Y,01190568,에이피알,제7기(전기),현대회계법인,적정,-,2021-12-31,2021,auditor_opinion,해당사항 없음,해당사항 없음
20220331002148,Y,01190568,에이피알,제6기(전전기),삼일회계법인,적정,-,2021-12-31,2021,auditor_opinion,해당사항 없음,해당사항 없음
20230329001036,Y,01190568,에이피알,제9기(당기),현대회계법인,적정,-,2022-12-31,2022,auditor_opinion,해당사항 없음,해당사항 없음
20230329001036,Y,01190568,에이피알,제8기(전기),현대회계법인,적정,-,2022-12-31,2022,auditor_opinion,해당사항 없음,해당사항 없음
20230329001036,Y,01190568,에이피알,제7기(전전기),현대회계법인,적정,-,2022-12-31,2022,auditor_opinion,해당사항 없음,해당사항 없음
20240321000964,Y,01190568,에이피알,제10기(당기),안진회계법인,적정,-,2023-12-31,2023,auditor_opinion,"(주)
전기 오류수정사항",해당사항 없음
20240321000964,Y,01190568,에이피알,제9기(전기),현대회계법인,적정,-,2023-12-31,2023,auditor_opinion,해당사항 없음,해당사항 없음
20240321000964,Y,01190568,에이피알,제8기(전전기),현대회계법인,적정,-,2023-12-31,2023,auditor_opinion,해당사항 없음,해당사항 없음
20250321001576,Y,01190568,에이피알,"제11기
(당기)",현대회계법인,적정의견,-,2024-12-31,2024,auditor_opinion,해당사항 없음,해당사항 없음
20250321001576,Y,01190568,에이피알,"제11기
(당기)",현대회계법인,적정의견,-,2024-12-31,2024,auditor_opinion,해당사항 없음,해당사항 없음
20250321001576,Y,01190568,에이피알,"제10기
(전기)",안진회계법인,적정의견,-,2024-12-31,2024,auditor_opinion,(주1),해당사항 없음
20250321001576,Y,01190568,에이피알,"제10기
(전기)",안진회계법인,적정의견,-,2024-12-31,2024,auditor_opinion,해당사항 없음,해당사항 없음
20250321001576,Y,01190568,에이피알,"제9기
(전전기)",현대회계법인,적정의견,-,2024-12-31,2024,auditor_opinion,해당사항 없음,해당사항 없음
20250321001576,Y,01190568,에이피알,"제9기
(전전기)",현대회계법인,적정의견,-,2024-12-31,2024,auditor_opinion,해당사항 없음,해당사항 없음
20190329003209,Y,00398701,엘앤에프,제19기(당기),경신회계법인,적정,주1),2018-12-31,2018,auditor_opinion,,
20190329003209,Y,00398701,엘앤에프,제18기(전기),삼일회계법인,적정,주2),2018-12-31,2018,auditor_opinion,,
20190329003209,Y,00398701,엘앤에프,제17기(전전기),안경회계법인,적정,주3),2018-12-31,2018,auditor_opinion,,
20200326000817,Y,00398701,엘앤에프,제20기(당기),선일회계법인,적정,-,2019-12-31,2019,auditor_opinion,,주1)
20200326000817,Y,00398701,엘앤에프,제19기(전기),경신회계법인,적정,-,2019-12-31,2019,auditor_opinion,,주2)
20200326000817,Y,00398701,엘앤에프,제18기(전전기),삼일회계법인,적정,-,2019-12-31,2019,auditor_opinion,,주3)
20210309000400,Y,00398701,엘앤에프,제21기(당기),선일회계법인,적정,-,2020-12-31,2020,auditor_opinion,,주1)
20210309000400,Y,00398701,엘앤에프,제20기(전기),선일회계법인,적정,-,2020-12-31,2020,auditor_opinion,,주2)
20210309000400,Y,00398701,엘앤에프,제19기(전전기),경신회계법인,적정,-,2020-12-31,2020,auditor_opinion,,주3)
20220315000434,Y,00398701,엘앤에프,제22기(당기),선일회계법인,적정,-,2021-12-31,2021,auditor_opinion,,주1)
20220315000434,Y,00398701,엘앤에프,제21기(전기),선일회계법인,적정,-,2021-12-31,2021,auditor_opinion,,주2)
20220315000434,Y,00398701,엘앤에프,제20기(전전기),선일회계법인,적정,-,2021-12-31,2021,auditor_opinion,,주3)
20230828000596,Y,00398701,엘앤에프,제23기(당기),선일회계법인,적정,-,2022-12-31,2022,auditor_opinion,,주1)
20230828000596,Y,00398701,엘앤에프,제22기(전기),선일회계법인,적정,-,2022-12-31,2022,auditor_opinion,,주2)
20230828000596,Y,00398701,엘앤에프,제21기(전전기),선일회계법인,적정,-,2022-12-31,2022,auditor_opinion,,주3)
20240328001260,Y,00398701,엘앤에프,제24기(당기),선일회계법인,적정,-,2023-12-31,2023,auditor_opinion,,주1)
20240328001260,Y,00398701,엘앤에프,제23기(전기),선일회계법인,적정,-,2023-12-31,2023,auditor_opinion,,주2)
20240328001260,Y,00398701,엘앤에프,제22기(전전기),선일회계법인,적정,-,2023-12-31,2023,auditor_opinion,,주3)
20250311001260,Y,00398701,엘앤에프,"제25기
(당기)",선일회계법인,적정의견,-,2024-12-31,2024,auditor_opinion,,주1)
20250311001260,Y,00398701,엘앤에프,"제25기
(당기)",선일회계법인,적정의견,-,2024-12-31,2024,auditor_opinion,,주2)
20250311001260,Y,00398701,엘앤에프,"제24기
(전기)",선일회계법인,적정의견,-,2024-12-31,2024,auditor_opinion,,주3)
20250311001260,Y,00398701,엘앤에프,"제24기
(전기)",선일회계법인,적정의견,-,2024-12-31,2024,auditor_opinion,,주4)
20250311001260,Y,00398701,엘앤에프,"제23기
(전전기)",선일회계법인,적정의견,-,2024-12-31,2024,auditor_opinion,,주5)
20250311001260,Y,00398701,엘앤에프,"제23기
(전전기)",선일회계법인,적정의견,-,2024-12-31,2024,auditor_opinion,,주6)
20190329003165,Y,00155212,포스코DX,제30기(당기),한영회계법인,적정,해당사항 없음,2018-12-31,2018,auditor_opinion,,
20190329003165,Y,00155212,포스코DX,제29기(전기),한영회계법인,적정,해당사항 없음,2018-12-31,2018,auditor_opinion,,
20190329003165,Y,00155212,포스코DX,제28기(전전기),삼일회계법인,적정,해당사항 없음,2018-12-31,2018,auditor_opinion,,
20200325000784,Y,00155212,포스코DX,제31기(당기),한영회계법인,적정,-,2019-12-31,2019,auditor_opinion,해당사항 없음,- 총계약원가 추정의 불확실성- 계약변경에 대한 회계처리 
20200325000784,Y,00155212,포스코DX,제30기(전기),한영회계법인,적정,-,2019-12-31,2019,auditor_opinion,해당사항 없음,- 미청구공사금액 회수가능성- 공사변경에 따른 회계처리의 적절성 관련- 총계약원가 추정의 불확실성
20200325000784,Y,00155212,포스코DX,제29기(전전기),한영회계법인,적정,-,2019-12-31,2019,auditor_opinion,해당사항 없음,- 미청구공사금액 회수가능성- 공사변경에 따른 회계처리의 적절성 관련- 총계약원가 추정의 불확실성
20210305000693,Y,00155212,포스코DX,제32기(당기),삼정회계법인,적정,-,2020-12-31,2020,auditor_opinion,해당사항 없음,"- 총계약원가 추정의 불확실성
- 공사변경에 따른 회계처리의 적절성 관련"
20210305000693,Y,00155212,포스코DX,제31기(전기),한영회계법인,적정,-,2020-12-31,2020,auditor_opinion,해당사항 없음,- 총계약원가 추정의 불확실성- 계약변경에 대한 회계처리 
20210305000693,Y,00155212,포스코DX,제30기(전전기),한영회계법인,적정,-,2020-12-31,2020,auditor_opinion,해당사항 없음,- 미청구공사금액 회수가능성- 공사변경에 따른 회계처리의 적절성 관련- 총계약원가 추정의 불확실성
20220504000292,Y,00155212,포스코DX,제33기(당기),삼정회계법인,적정,-,2021-12-31,2021,auditor_opinion,해당사항 없음,"- 미청구공사금액 회수가능성
- 공사손실충당금 설정 검토
- 법인세 및 이연법인세 적정성 검토"
20220504000292,Y,00155212,포스코DX,제32기(전기),삼정회계법인,적정,-,2021-12-31,2021,auditor_opinion,해당사항 없음,- 총계약원가 추정의 불확실성- 공사변경에 따른 회계처리의 적절성 관련
20220504000292,Y,00155212,포스코DX,제31기(전전기),한영회계법인,적정,-,2021-12-31,2021,auditor_opinion,해당사항 없음,- 총계약원가 추정의 불확실성- 계약변경에 대한 회계처리 
20230310000806,Y,00155212,포스코DX,제34기(당기),삼정회계법인,적정,-,2022-12-31,2022,auditor_opinion,해당사항 없음,"- 총계약원가 추정의 불확실성
- 공사변경으로 인한 회계처리의 적정성"
20230310000806,Y,00155212,포스코DX,제33기(전기),삼정회계법인,적정,-,2022-12-31,2022,auditor_opinion,해당사항 없음,"- 미청구공사금액 회수가능성
- 공사손실충당금 설정 검토
- 법인세 및 이연법인세 적정성 검토"
20230310000806,Y,00155212,포스코DX,제32기(전전기),삼정회계법인,적정,-,2022-12-31,2022,auditor_opinion,해당사항 없음,- 총계약원가 추정의 불확실성- 공사변경에 따른 회계처리의 적절성 관련
20240618000197,Y,00155212,포스코DX,제35기(당기),삼정회계법인,적정,-,2023-12-31,2023,auditor_opinion,해당사항 없음,"- 프로젝트 자료 및 데이터 간 정합성 검토
- 매출채권 회수가능성 검토"
20240618000197,Y,00155212,포스코DX,제34기(전기),삼정회계법인,적정,-,2023-12-31,2023,auditor_opinion,해당사항 없음,"- 총계약원가 추정의 불확실성
- 공사변경으로 인한 회계처리의 적정성"
20240618000197,Y,00155212,포스코DX,제33기(전전기),삼정회계법인,적정,-,2023-12-31,2023,auditor_opinion,해당사항 없음,"- 미청구공사금액 회수가능성
- 공사손실충당금 설정 검토
- 법인세 및 이연법인세 적정성 검토"
20250314001261,Y,00155212,포스코DX,"제36기
(2024년)",한영회계법인,적정의견,-,2024-12-31,2024,auditor_opinion,해당사항 없음,"- 총계약원가 추정의 불확실성
- 자산 손상 인식 검토"
20250314001261,Y,00155212,포스코DX,"제36기
(2024년)",한영회계법인,적정의견,-,2024-12-31,2024,auditor_opinion,해당사항 없음,"- 총계약원가 추정의 불확실성
- 자산 손상 인식 검토"
20250314001261,Y,00155212,포스코DX,"제35기
(2023년)",삼정회계법인,적정의견,-,2024-12-31,2024,auditor_opinion,해당사항 없음,"- 매출채권 회수가능성 검토
- 프로젝트 자료 및 데이터 간 정합성 검토"
20250314001261,Y,00155212,포스코DX,"제35기
(2023년)",삼정회계법인,적정의견,-,2024-12-31,2024,auditor_opinion,해당사항 없음,"- 매출채권 회수가능성 검토
- 프로젝트 자료 및 데이터 간 정합성 검토"
20250314001261,Y,00155212,포스코DX,"제34기
(2022년)",삼정회계법인,적정의견,-,2024-12-31,2024,auditor_opinion,해당사항 없음,"- 총계약원가 추정의 불확실성
- 공사변경으로 인한 회계처리의 적정성"
20250314001261,Y,00155212,포스코DX,"제34기
(2022년)",삼정회계법인,적정의견,-,2024-12-31,2024,auditor_opinion,해당사항 없음,"- 총계약원가 추정의 불확실성
- 공사변경으로 인한 회계처리의 적정성"
20240320000618,Y,00108612,DS단석,제40기(당기),회계법인리안,적정,-,2023-12-31,2023,auditor_opinion,해당사항 없음,수익인식에 대한 적정성
20240320000618,Y,00108612,DS단석,제39기(전기),회계법인리안,적정,-,2023-12-31,2023,auditor_opinion,해당사항 없음,해당사항 없음
20240320000618,Y,00108612,DS단석,제38기(전전기),대현회계법인,적정,-,2023-12-31,2023,auditor_opinion,해당사항 없음,해당사항 없음
20250321001800,Y,00108612,DS단석,"제41기
(당기)",회계법인리안,적정의견,-,2024-12-31,2024,auditor_opinion,해당사항 없음,수익인식에 대한 적정성
20250321001800,Y,00108612,DS단석,"제41기
(당기)",회계법인리안,적정의견,-,2024-12-31,2024,auditor_opinion,해당사항 없음,수익인식에 대한 적정성
20250321001800,Y,00108612,DS단석,"제40기
(전기)",회계법인리안,적정의견,-,2024-12-31,2024,auditor_opinion,해당사항 없음,수익인식에 대한 적정성
20250321001800,Y,00108612,DS단석,"제40기
(전기)",회계법인리안,적정의견,-,2024-12-31,2024,auditor_opinion,해당사항 없음,수익인식에 대한 적정성
20250321001800,Y,00108612,DS단석,"제39기
(전전기)",회계법인리안,적정의견,-,2024-12-31,2024,auditor_opinion,해당사항 없음,해당사항 없음
20250321001800,Y,00108612,DS단석,"제39기
(전전기)",회계법인리안,적정의견,-,2024-12-31,2024,auditor_opinion,해당사항 없음,해당사항 없음
20240321000011,Y,00367710,동인기연,제32기(당기),안진회계법인,적정,-,2023-12-31,2023,auditor_opinion,해당사항 없음,
20240321000011,Y,00367710,동인기연,제31기(전기),안진회계법인,적정,-,2023-12-31,2023,auditor_opinion,해당사항 없음,
20240321000011,Y,00367710,동인기연,제30기(전전기),이정회계법인,적정,-,2023-12-31,2023,auditor_opinion,해당사항 없음,
20250320001366,Y,00367710,동인기연,"제 33기
(당기)",안진회계법인,적정의견,-,2024-12-31,2024,auditor_opinion,해당사항 없음,"제품매출의
발생사실"
20250320001366,Y,00367710,동인기연,"제 33기
(당기)",안진회계법인,적정의견,-,2024-12-31,2024,auditor_opinion,해당사항 없음,"제품매출의
발생사실"
20250320001366,Y,00367710,동인기연,"제 32기
(전기)",안진회계법인,적정의견,-,2024-12-31,2024,auditor_opinion,해당사항 없음,"제품매출의

발생사실"
20250320001366,Y,00367710,동인기연,"제 32기
(전기)",안진회계법인,적정의견,-,2024-12-31,2024,auditor_opinion,해당사항 없음,"제품매출의

발생사실"
20250320001366,Y,00367710,동인기연,"제 31기
(전전기)",안진회계법인,적정의견,-,2024-12-31,2024,auditor_opinion,해당사항 없음,해당사항 없음
20250320001366,Y,00367710,동인기연,"제 31기
(전전기)",안진회계법인,적정의견,-,2024-12-31,2024,auditor_opinion,해당사항 없음,해당사항 없음
20230321001386,Y,01311408,에코프로머티,제6기(당기),대주회계법인,적정,-,2022-12-31,2022,auditor_opinion,우리의 의견으로는 별첨된 회사의 재무제표는 회사의 2022년 12월 31일 현재의 재무상태와 동일로 종료되는 보고기간의 재무성과 및 현금흐름을 한국채택국제회계기준에 따라 중요성의 관점에서 공정하게 표시하고 있습니다.,해당사항 없음
20230321001386,Y,01311408,에코프로머티,제5기(전기),삼일회계법인,적정,-,2022-12-31,2022,auditor_opinion,"경영진이 코로나바이러스감염증-19의 확산이 기업의 생산 능력과 
고객에 대한 주문 이행능력에 미칠 수 있는 영향과 관련한 불확실성",해당사항 없음
20230321001386,Y,01311408,에코프로머티,제4기(전전기),삼일회계법인,적정,-,2022-12-31,2022,auditor_opinion,"경영진이 코로나바이러스감염증-19의 확산이 기업의 생산 능력과 
고객에 대한 주문 이행능력에 미칠 수 있는 영향과 관련한 불확실성",해당사항 없음
20240417000528,Y,01311408,에코프로머티,제7기(당기),대주회계법인,적정,-,2023-12-31,2023,auditor_opinion,,"당기말 현재 회사의 유형자산은
 430,746백만원으로 재무제표에 유의적인 금액입니다. 회사는 기업회계기준서 제1016호 '유형자산'에 따라 경영진이 의도하는 방식으로 자산을 가동하는 데 필요한 장소와 상태에 이른 때부터 감가상각을 시작합니다. 우리는 유형자산 감가상각 개시시점에 대한 회계처리에는 경영진의 사용가능시점에 대한 판단이 포함되며, 재무제표에 미치는 영향이 유의적이므로, 우리는 유형자산 감가상각 개시시점의 적절성을 핵심감사사항으로 선정하였습니다."
20240417000528,Y,01311408,에코프로머티,제6기(전기),대주회계법인,적정,-,2023-12-31,2023,auditor_opinion,,해당사항 없음
20240417000528,Y,01311408,에코프로머티,제5기(전전기),삼일회계법인,적정,-,2023-12-31,2023,auditor_opinion,경영진이 코로나바이러스감염증-19의 확산이 기업의 생산 능력과 고객에 대한 주문 이행능력에 미칠 수 있는 영향과 관련한 불확실성,해당사항 없음
20250402002504,Y,01311408,에코프로머티,"제8기
(당기)",대주회계법인,적정의견,-,2024-12-31,2024,auditor_opinion,,"당기말 현재 회사의 유형자산은 767,921백만원으로 재무제표에 유의적인 금액입니다. 회사는 기업회계기준서 제1016호 '유형자산'에 따라 경영진이 의도하는 방식으로 자산을 가동하는 데 필요한 장소와 상태에 이른 때부터 감가상각을 시작합니다. 우리는 유형자산 감가상각 개시시점에 대한 회계처리에는 경영진의 사용가능시점에 대한 판단이 포함되며, 재무제표에 미치는 영향이 유의적이므로, 우리는 유형자산 감가상각 개시시점의 적절성을 핵심감사사항으로 선정하였습니다"
20250402002504,Y,01311408,에코프로머티,"제8기
(당기)",-,,-,2024-12-31,2024,auditor_opinion,,
20250402002504,Y,01311408,에코프로머티,"제7기
(전기)",대주회계법인,적정의견,-,2024-12-31,2024,auditor_opinion,,"당기말 현재 회사의 유형자산은 430,746백만원으로 재무제표에 유의적인 금액입니다. 회사는 기업회계기준서 제1016호 '유형자산'에 따라 경영진이 의도하는 방식으로 자산을 가동하는 데 필요한 장소와 상태에 이른 때부터 감가상각을 시작합니다. 우리는 유형자산 감가상각 개시시점에 대한 회계처리에는 경영진의 사용가능시점에 대한 판단이 포함되며, 재무제표에 미치는 영향이 유의적이므로, 우리는 유형자산 감가상각 개시시점의 적절성을 핵심감사사항으로 선정하였습니다."
20250402002504,Y,01311408,에코프로머티,"제7기
(전기)",-,,-,2024-12-31,2024,auditor_opinion,,
20250402002504,Y,01311408,에코프로머티,"제6기
(전전기)",대주회계법인,적정의견,-,2024-12-31,2024,auditor_opinion,,해당사항 없음
20250402002504,Y,01311408,에코프로머티,"제6기
(전전기)",-,,-,2024-12-31,2024,auditor_opinion,,
20240320001860,Y,01105153,두산로보틱스,-,-,,-,2023-12-31,2023,auditor_opinion,,
20240320001860,Y,01105153,두산로보틱스,-,-,,-,2023-12-31,2023,auditor_opinion,,
20240320001860,Y,01105153,두산로보틱스,-,-,,-,2023-12-31,2023,auditor_opinion,,
20250321001817,Y,01105153,두산로보틱스,-,-,,-,2024-12-31,2024,auditor_opinion,,
20250321001817,Y,01105153,두산로보틱스,-,-,,-,2024-12-31,2024,auditor_opinion,,
20250321001817,Y,01105153,두산로보틱스,-,-,,-,2024-12-31,2024,auditor_opinion,,
20250321001817,Y,01105153,두산로보틱스,-,-,,-,2024-12-31,2024,auditor_opinion,,
20250321001817,Y,01105153,두산로보틱스,-,-,,-,2024-12-31,2024,auditor_opinion,,
20250321001817,Y,01105153,두산로보틱스,-,-,,-,2024-12-31,2024,auditor_opinion,,
20240321001878,Y,01784394,STX그린로지스,제1기(당기),삼정KPMG,적정,-,2023-12-31,2023,auditor_opinion,인적분할,리스자산/부채 회계처리의 정확성
20240321001878,Y,01784394,STX그린로지스,제0기(전기),-,,-,2023-12-31,2023,auditor_opinion,,
20240321001878,Y,01784394,STX그린로지스,제0기(전전기),-,,-,2023-12-31,2023,auditor_opinion,,
20250320001570,Y,01784394,STX그린로지스,"제2기
(당기)",삼정KPMG,적정의견,-,2024-12-31,2024,auditor_opinion,,- 매출의 발생사실
20250320001570,Y,01784394,STX그린로지스,"제2기
(당기)",삼정KPMG,적정의견,-,2024-12-31,2024,auditor_opinion,,"- STX썬에이스해운 지분 취득거래 인수가격배분의 적정성
- 매출의 발생사실"
20250320001570,Y,01784394,STX그린로지스,"제1기
(전기)",삼정KPMG,적정의견,-,2024-12-31,2024,auditor_opinion,인적분할,- 리스자산/부채 회계처리의 정확성
20250320001570,Y,01784394,STX그린로지스,"제1기
(전기)",삼정KPMG,적정의견,-,2024-12-31,2024,auditor_opinion,인적분할,- 리스자산/부채 회계처리의 정확성
20250320001570,Y,01784394,STX그린로지스,-,-,,-,2024-12-31,2024,auditor_opinion,,
20250320001570,Y,01784394,STX그린로지스,-,-,,-,2024-12-31,2024,auditor_opinion,,
20240321001898,Y,00220613,넥스틸,제34기(당기),동현회계법인,적정,-,2023-12-31,2023,auditor_opinion,해당사항 없음,해당사항 없음
20240321001898,Y,00220613,넥스틸,제33기(전기),삼일회계법인,적정,-,2023-12-31,2023,auditor_opinion,해당사항 없음,해당사항 없음
20240321001898,Y,00220613,넥스틸,제32기(전전기),회계법인 세진,적정,-,2023-12-31,2023,auditor_opinion,해당사항 없음,해당사항 없음
20250331002907,Y,00220613,넥스틸,"제35기
(당기)",성현회계법인,적정의견,-,2024-12-31,2024,auditor_opinion,해당사항 없음,매출액의 기간귀속
20250331002907,Y,00220613,넥스틸,"제35기
(당기)",성현회계법인,적정의견,-,2024-12-31,2024,auditor_opinion,해당사항 없음,매출액의 기간귀속
20250331002907,Y,00220613,넥스틸,"제34기
(전기)",동현회계법인,적정의견,-,2024-12-31,2024,auditor_opinion,해당사항 없음,국외매출과 관련된 수익인식
20250331002907,Y,00220613,넥스틸,"제34기
(전기)",동현회계법인,적정의견,-,2024-12-31,2024,auditor_opinion,해당사항 없음,국외매출과 관련된 수익인식
20250331002907,Y,00220613,넥스틸,"제33기
(전전기)",삼일회계법인,적정의견,-,2024-12-31,2024,auditor_opinion,해당사항 없음,해당사항 없음
20250331002907,Y,00220613,넥스틸,"제33기
(전전기)",삼일회계법인,적정의견,-,2024-12-31,2024,auditor_opinion,해당사항 없음,해당사항 없음
20190329002018,Y,00158325,NICE평가정보,제35기(당기),삼정회계법인,적정,-,2018-12-31,2018,auditor_opinion,,
20190329002018,Y,00158325,NICE평가정보,제34기(전기),삼정회계법인,적정,-,2018-12-31,2018,auditor_opinion,,
20190329002018,Y,00158325,NICE평가정보,제33기(전전기),안진회계법인,적정,-,2018-12-31,2018,auditor_opinion,,
20200330001709,Y,00158325,NICE평가정보,제36기(당기),삼정회계법인,적정,-,2019-12-31,2019,auditor_opinion,,"- 솔루션 구축 및 개발 용역에 대한 수익 인식
- 종속기업, 관계기업및공동기업투자주식 손상평가"
20200330001709,Y,00158325,NICE평가정보,제35기(전기),삼정회계법인,적정,-,2019-12-31,2019,auditor_opinion,,
20200330001709,Y,00158325,NICE평가정보,제34기(전전기),삼정회계법인,적정,-,2019-12-31,2019,auditor_opinion,,
20210317000949,Y,00158325,NICE평가정보,제37기(당기),삼정회계법인,적정,-,2020-12-31,2020,auditor_opinion,,- 솔루션 구축 및 개발 용역에 대한 수익 인식
20210317000949,Y,00158325,NICE평가정보,제36기(전기),삼정회계법인,적정,-,2020-12-31,2020,auditor_opinion,,"- 솔루션 구축 및 개발 용역에 대한 수익 인식
- 종속기업, 관계기업및공동기업투자주식 손상평가"
20210317000949,Y,00158325,NICE평가정보,제35기(전전기),삼정회계법인,적정,-,2020-12-31,2020,auditor_opinion,,
20220318000520,Y,00158325,NICE평가정보,제38기(당기),삼정회계법인,적정,-,2021-12-31,2021,auditor_opinion,,- 종속기업 현금흐름창출단위 손상평가
20220318000520,Y,00158325,NICE평가정보,제37기(전기),삼정회계법인,적정,-,2021-12-31,2021,auditor_opinion,,- 솔루션 구축 및 개발 용역에 대한 수익 인식
20220318000520,Y,00158325,NICE평가정보,제36기(전전기),삼정회계법인,적정,-,2021-12-31,2021,auditor_opinion,,"- 솔루션 구축 및 개발 용역에 대한 수익 인식
- 종속기업, 관계기업및공동기업투자주식 손상평가"
20230317000824,Y,00158325,NICE평가정보,제39기(당기),한영회계법인,적정,-,2022-12-31,2022,auditor_opinion,,- 유의적인 종속기업투자주식 손상평가
20230317000824,Y,00158325,NICE평가정보,제38기(전기),삼정회계법인,적정,-,2022-12-31,2022,auditor_opinion,,- 종속기업 현금흐름창출단위 손상평가
20230317000824,Y,00158325,NICE평가정보,제37기(전전기),삼정회계법인,적정,-,2022-12-31,2022,auditor_opinion,,- 솔루션 구축 및 개발 용역에 대한 수익 인식
20240319000797,Y,00158325,NICE평가정보,제40기(당기),한영회계법인,적정,-,2023-12-31,2023,auditor_opinion,,솔루션 구축 및 개발 용역에 대한 수익 인식
20240319000797,Y,00158325,NICE평가정보,제39기(전기),한영회계법인,적정,-,2023-12-31,2023,auditor_opinion,,유의적인 종속기업투자주식 손상평가
20240319000797,Y,00158325,NICE평가정보,제38기(전전기),삼정회계법인,적정,-,2023-12-31,2023,auditor_opinion,,종속기업 현금흐름창출단위 손상평가
20250314001653,Y,00158325,NICE평가정보,"제41기
(당기)",한영회계법인,적정의견,-,2024-12-31,2024,auditor_opinion,해당사항 없음,솔루션 구축 및 개발 용역에 대한 수익 인식
20250314001653,Y,00158325,NICE평가정보,"제41기
(당기)",한영회계법인,적정의견,-,2024-12-31,2024,auditor_opinion,해당사항 없음,솔루션 구축 및 개발 용역에 대한 수익 인식
20250314001653,Y,00158325,NICE평가정보,"제40기
(전기)",한영회계법인,적정의견,-,2024-12-31,2024,auditor_opinion,해당사항 없음,솔루션 구축 및 개발 용역에 대한 수익 인식
20250314001653,Y,00158325,NICE평가정보,"제40기
(전기)",한영회계법인,적정의견,-,2024-12-31,2024,auditor_opinion,해당사항 없음,솔루션 구축 및 개발 용역에 대한 수익 인식
20250314001653,Y,00158325,NICE평가정보,"제39기
(전전기)",한영회계법인,적정의견,-,2024-12-31,2024,auditor_opinion,해당사항 없음,유의적인 종속기업투자주식 손상평가
20250314001653,Y,00158325,NICE평가정보,"제39기
(전전기)",한영회계법인,적정의견,-,2024-12-31,2024,auditor_opinion,해당사항 없음,유의적인 종속기업투자주식 손상평가
20240315000658,Y,01770203,조선내화,제 1기(당기),삼일회계법인,적정,-,2023-12-31,2023,auditor_opinion,(*1),"- 
인적분할로 이전된 자산과 부채의 적정성"
20240315000658,Y,01770203,조선내화,-,-,,-,2023-12-31,2023,auditor_opinion,,
20240315000658,Y,01770203,조선내화,-,-,,-,2023-12-31,2023,auditor_opinion,,
20250311000815,Y,01770203,조선내화,"제2기
(당기)",삼일회계법인,적정의견,-,2024-12-31,2024,auditor_opinion,(*1),- 인적분할로 이전된 자산과 부채의 적정성
20250311000815,Y,01770203,조선내화,"제2기
(당기)",삼일회계법인,적정의견,-,2024-12-31,2024,auditor_opinion,(*1),- 인적분할로 이전된 자산과 부채의 적정성
20250311000815,Y,01770203,조선내화,"제1기
(전기)",삼일회계법인,적정의견,-,2024-12-31,2024,auditor_opinion,(*2),- 인적분할로 이전된 자산과 부채의 적정성
20250311000815,Y,01770203,조선내화,"제1기
(전기)",삼일회계법인,적정의견,-,2024-12-31,2024,auditor_opinion,(*2),- 인적분할로 이전된 자산과 부채의 적정성
20250311000815,Y,01770203,조선내화,-,-,,-,2024-12-31,2024,auditor_opinion,,
20250311000815,Y,01770203,조선내화,-,-,,-,2024-12-31,2024,auditor_opinion,,
20190620000077,Y,00447609,비에이치,제20기(당기),안진회계법인,적정,해당사항 없음,2018-12-31,2018,auditor_opinion,,
20190620000077,Y,00447609,비에이치,제19기(전기),안진회계법인,적정,해당사항 없음,2018-12-31,2018,auditor_opinion,,
20190620000077,Y,00447609,비에이치,제18기(전전기),안진회계법인,적정,해당사항 없음,2018-12-31,2018,auditor_opinion,,
20200330000561,Y,00447609,비에이치,제21기(당기),안진회계법인,적정,-,2019-12-31,2019,auditor_opinion,해당사항 없음,
20200330000561,Y,00447609,비에이치,제20기(전기),안진회계법인,적정,-,2019-12-31,2019,auditor_opinion,해당사항 없음,
20200330000561,Y,00447609,비에이치,제19기(전전기),안진회계법인,적정,-,2019-12-31,2019,auditor_opinion,해당사항 없음,
20210331002350,Y,00447609,비에이치,제22기(당기),안진회계법인,적정,-,2020-12-31,2020,auditor_opinion,해당사항 없음,해당사항 없음
20210331002350,Y,00447609,비에이치,제21기(전기),안진회계법인,적정,-,2020-12-31,2020,auditor_opinion,해당사항 없음,해당사항 없음
20210331002350,Y,00447609,비에이치,제20기(전전기),안진회계법인,적정,-,2020-12-31,2020,auditor_opinion,해당사항 없음,해당사항 없음
20220317000686,Y,00447609,비에이치,제23기(당기),안진회계법인,적정,-,2021-12-31,2021,auditor_opinion,해당사항 없음,주1)
20220317000686,Y,00447609,비에이치,제22기(전기),안진회계법인,적정,-,2021-12-31,2021,auditor_opinion,해당사항 없음,주2)
20220317000686,Y,00447609,비에이치,제21기(전전기),안진회계법인,적정,-,2021-12-31,2021,auditor_opinion,해당사항 없음,주3)
20230323000767,Y,00447609,비에이치,제24기(당기),안진회계법인,적정,-,2022-12-31,2022,auditor_opinion,해당사항 없음,매출채권의 평가
20230323000767,Y,00447609,비에이치,제23기(전기),안진회계법인,적정,-,2022-12-31,2022,auditor_opinion,해당사항 없음,매출채권의 평가
20230323000767,Y,00447609,비에이치,제22기(전전기),안진회계법인,적정,-,2022-12-31,2022,auditor_opinion,해당사항 없음,매출채권의 평가
20240321001824,Y,00447609,비에이치,제25기(당기),안진회계법인,적정,-,2023-12-31,2023,auditor_opinion,"사업결합에 의한 영업권의 
확정 소급조정","영업권을 포함한 현금창출단위 손상평가
종속기업투자주식에 대한 손상 평가"
20240321001824,Y,00447609,비에이치,제24기(전기),안진회계법인,적정,-,2023-12-31,2023,auditor_opinion,해당사항 없음,매출채권의 평가
20240321001824,Y,00447609,비에이치,제23기(전전기),안진회계법인,적정,-,2023-12-31,2023,auditor_opinion,해당사항 없음,매출채권의 평가
20250326000026,Y,00447609,비에이치,제26기(당기),안진회계법인,적정의견,-,2024-12-31,2024,auditor_opinion,해당사항 없음,"종속기업투자주식에 
대한 손상 평가"
20250326000026,Y,00447609,비에이치,제26기(당기),안진회계법인,적정의견,-,2024-12-31,2024,auditor_opinion,해당사항 없음,"영업권을 포함한 
현금창출단위 손상평가"
20250326000026,Y,00447609,비에이치,제25기(전기),안진회계법인,적정의견,-,2024-12-31,2024,auditor_opinion,해당사항 없음,"종속기업투자주식에 
대한 손상 평가"
20250326000026,Y,00447609,비에이치,제25기(전기),안진회계법인,적정의견,-,2024-12-31,2024,auditor_opinion,"사업결합에 의한 영업권의 
확정 소급조정","영업권을 포함한 
현금창출단위 손상평가"
20250326000026,Y,00447609,비에이치,제24기(전전기),안진회계법인,적정의견,-,2024-12-31,2024,auditor_opinion,해당사항 없음,매출채권의 평가
20250326000026,Y,00447609,비에이치,제24기(전전기),안진회계법인,적정의견,-,2024-12-31,2024,auditor_opinion,해당사항 없음,매출채권의 평가
20240313000637,Y,01765256,동국씨엠,"제1기
(당기)",안진회계법인,적정,-,2023-12-31,2023,auditor_opinion,인적분할을 통한 회사의 설립,현금창출단위 손상검사
20240313000637,Y,01765256,동국씨엠,-,-,,-,2023-12-31,2023,auditor_opinion,,
20240313000637,Y,01765256,동국씨엠,-,-,,-,2023-12-31,2023,auditor_opinion,,
20250317000943,Y,01765256,동국씨엠,"제2기
(당기)",안진회계법인,적정의견,-,2024-12-31,2024,auditor_opinion,해당사항 없음,수출 매출의 기간귀속
20250317000943,Y,01765256,동국씨엠,"제2기
(당기)",-,,-,2024-12-31,2024,auditor_opinion,,
20250317000943,Y,01765256,동국씨엠,"제1기
(전기)",안진회계법인,적정의견,-,2024-12-31,2024,auditor_opinion,인적분할을 통한 회사의 설립,현금창출단위 손상검사
20250317000943,Y,01765256,동국씨엠,"제1기
(전기)",-,,-,2024-12-31,2024,auditor_opinion,,
20250317000943,Y,01765256,동국씨엠,-,-,,-,2024-12-31,2024,auditor_opinion,,
20250317000943,Y,01765256,동국씨엠,-,-,,-,2024-12-31,2024,auditor_opinion,,
20240312000543,Y,01765265,동국제강,제1기(당기),안진회계법인,적정,-,2023-12-31,2023,auditor_opinion,인적분할을 통한 회사의 설립,현금창출단위 손상검사
20240312000543,Y,01765265,동국제강,-,-,,-,2023-12-31,2023,auditor_opinion,,
20240312000543,Y,01765265,동국제강,-,-,,-,2023-12-31,2023,auditor_opinion,,
20250317000722,Y,01765265,동국제강,제2기(당기),안진회계법인,적정의견,-,2024-12-31,2024,auditor_opinion,해당사항 없음,제품/상품 내수 매출 발생 사실의 적절성
20250317000722,Y,01765265,동국제강,제2기(당기),-,,-,2024-12-31,2024,auditor_opinion,,
20250317000722,Y,01765265,동국제강,제1기(전기),안진회계법인,적정의견,-,2024-12-31,2024,auditor_opinion,인적분할을 통한 회사의 설립,현금창출단위 손상검사
20250317000722,Y,01765265,동국제강,제1기(전기),-,,-,2024-12-31,2024,auditor_opinion,,
20250317000722,Y,01765265,동국제강,-,-,,-,2024-12-31,2024,auditor_opinion,,
20250317000722,Y,01765265,동국제강,-,-,,-,2024-12-31,2024,auditor_opinion,,
20240411004116,Y,01762569,이수스페셜티케미컬,제1기(당기),삼정회계법인,적정,-,2023-12-31,2023,auditor_opinion,인적분할을 통한 설립,매출의 수익인식 기간귀속
20240411004116,Y,01762569,이수스페셜티케미컬,-,-,,-,2023-12-31,2023,auditor_opinion,,
20240411004116,Y,01762569,이수스페셜티케미컬,-,-,,-,2023-12-31,2023,auditor_opinion,,
20250320001543,Y,01762569,이수스페셜티케미컬,"제2기
(당기)",삼정회계법인,적정의견,-,2024-12-31,2024,auditor_opinion,분할합병(주1),수출 매출의 수익인식 기간귀속
20250320001543,Y,01762569,이수스페셜티케미컬,"제2기
(당기)",-,,-,2024-12-31,2024,auditor_opinion,,
20250320001543,Y,01762569,이수스페셜티케미컬,"제1기
(전기)",삼정회계법인,적정의견,-,2024-12-31,2024,auditor_opinion,인적분할을 통한 설립(주2),매출의 수익인식 기간귀속
20250320001543,Y,01762569,이수스페셜티케미컬,"제1기
(전기)",-,,-,2024-12-31,2024,auditor_opinion,,
20250320001543,Y,01762569,이수스페셜티케미컬,-,-,,-,2024-12-31,2024,auditor_opinion,,
20250320001543,Y,01762569,이수스페셜티케미컬,-,-,,-,2024-12-31,2024,auditor_opinion,,
20240314000710,Y,01760738,OCI,"제1기 (당기) 
(주1)",삼정회계법인,적정,-,2023-12-31,2023,auditor_opinion,인적분할설립,해외매출 기간귀속의 적정성
20240314000710,Y,01760738,OCI,-,-,,-,2023-12-31,2023,auditor_opinion,,
20240314000710,Y,01760738,OCI,-,-,,-,2023-12-31,2023,auditor_opinion,,
20250314001304,Y,01760738,OCI,"제2기(당기)

(주2)",삼정회계법인,적정의견,-,2024-12-31,2024,auditor_opinion,"인적분할설립
별도재무제표 최초작성",해외매출 기간귀속의 적정성
20250314001304,Y,01760738,OCI,"제2기(당기)

(주2)",삼정회계법인,적정의견,-,2024-12-31,2024,auditor_opinion,인적분할설립,해외매출 기간귀속의 적정성
20250314001304,Y,01760738,OCI,제1기(전기)(주1),삼정회계법인,적정의견,-,2024-12-31,2024,auditor_opinion,인적분할설립,해외매출 기간귀속의 적정성
20250314001304,Y,01760738,OCI,제1기(전기)(주1),-,,-,2024-12-31,2024,auditor_opinion,,
20250314001304,Y,01760738,OCI,-,-,,-,2024-12-31,2024,auditor_opinion,,
20250314001304,Y,01760738,OCI,-,-,,-,2024-12-31,2024,auditor_opinion,,
20190329001733,Y,00480367,SK오션플랜트,제23기(당기),선일회계법인,적정의견,해당사항 없음,2018-12-31,2018,auditor_opinion,,
20190329001733,Y,00480367,SK오션플랜트,제22기(전기),이촌회계법인,적정의견,해당사항 없음,2018-12-31,2018,auditor_opinion,,
20190329001733,Y,00480367,SK오션플랜트,제21기(전전기),이촌회계법인,적정의견,해당사항 없음,2018-12-31,2018,auditor_opinion,,
20200330003171,Y,00480367,SK오션플랜트,제24기(당기),선일회계법인,적정,-,2019-12-31,2019,auditor_opinion,"- 유동부채가 유동자산보다 162,272백만원 많음",- 투입법에 따른 수익인식
20200330003171,Y,00480367,SK오션플랜트,제23기(전기),선일회계법인,적정,-,2019-12-31,2019,auditor_opinion,"- 유동부채가 유동자산보다 102,756백만원 많음","- 투입법에 따른 수익인식
- 예정원가에 대한 추정의 불확실성
- 산정된 진행률의 적정성
- 계약자산 회수가능성에 대한 평가
- 공사변경에 대한 회계처리의 적절성"
20200330003171,Y,00480367,SK오션플랜트,제22기(전전기),이촌회계법인,적정,-,2019-12-31,2019,auditor_opinion,"- 투입법에 따른 수익인식
- 추정총계약원가에 대한 추정의 불확실성
- 산정된 공사진행률의 적정성
- 미청구공사 회수가능성에 대한 평가
- 공사변경에 대한 회계처리
- 유동부채가 유동자산보다 97,556백만원 많음",- 해당사항없음
20210318000211,Y,00480367,SK오션플랜트,제25기(당기),선일회계법인,적정,-,2020-12-31,2020,auditor_opinion,,- 투입법에 따른 수익인식
20210318000211,Y,00480367,SK오션플랜트,제24기(전기),선일회계법인,적정,-,2020-12-31,2020,auditor_opinion,"- 유동부채가 유동자산보다 162,272백만원 많음",- 투입법에 따른 수익인식
20210318000211,Y,00480367,SK오션플랜트,제23기(전전기),선일회계법인,적정,-,2020-12-31,2020,auditor_opinion,"- 유동부채가 유동자산보다 102,756백만원 많음","- 투입법에 따른 수익인식
- 예정원가에 대한 추정의 불확실성
- 산정된 진행률의 적정성
- 계약자산 회수가능성에 대한 평가
- 공사변경에 대한 회계처리의 적절성"
20220323001382,Y,00480367,SK오션플랜트,제26기(당기),안진회계법인,적정,-,2021-12-31,2021,auditor_opinion,,- 총계약원가 추정의 불확실성에 따른 회계처리
20220323001382,Y,00480367,SK오션플랜트,제25기(전기),선일회계법인,적정,-,2021-12-31,2021,auditor_opinion,,- 투입법에 따른 수익인식
20220323001382,Y,00480367,SK오션플랜트,제24기(전전기),선일회계법인,적정,-,2021-12-31,2021,auditor_opinion,"- 유동부채가 유동자산보다 162,272백만원 많음",- 투입법에 따른 수익인식
20230831000707,Y,00480367,SK오션플랜트,제27기(당기),안진회계법인,적정,-,2022-12-31,2022,auditor_opinion,,- 총계약원가 추정의 불확실성에 따른 회계처리
20230831000707,Y,00480367,SK오션플랜트,제26기(전기),안진회계법인,적정,-,2022-12-31,2022,auditor_opinion,,- 총계약원가 추정의 불확실성에 따른 회계처리
20230831000707,Y,00480367,SK오션플랜트,제25기(전전기),선일회계법인,적정,-,2022-12-31,2022,auditor_opinion,,- 투입법에 따른 수익인식
20240320000346,Y,00480367,SK오션플랜트,제28기 (당기),안진회계법인,적정,-,2023-12-31,2023,auditor_opinion,,- 총계약원가 추정의 불확실성에 따른 회계처리
20240320000346,Y,00480367,SK오션플랜트,제27기(전기),안진회계법인,적정,-,2023-12-31,2023,auditor_opinion,,- 총계약원가 추정의 불확실성에 따른 회계처리
20240320000346,Y,00480367,SK오션플랜트,제26기(전전기),안진회계법인,적정,-,2023-12-31,2023,auditor_opinion,,- 총계약원가 추정의 불확실성에 따른 회계처리
20250814001175,Y,00480367,SK오션플랜트,-,-,,-,2024-12-31,2024,auditor_opinion,,
20250814001175,Y,00480367,SK오션플랜트,-,-,,-,2024-12-31,2024,auditor_opinion,,
20250814001175,Y,00480367,SK오션플랜트,-,-,,-,2024-12-31,2024,auditor_opinion,,
20250814001175,Y,00480367,SK오션플랜트,-,-,,-,2024-12-31,2024,auditor_opinion,,
20250814001175,Y,00480367,SK오션플랜트,-,-,,-,2024-12-31,2024,auditor_opinion,,
20250814001175,Y,00480367,SK오션플랜트,-,-,,-,2024-12-31,2024,auditor_opinion,,
20240318000716,Y,01721809,현대그린푸드,제1기(당기),삼일회계법인,적정,-,2023-12-31,2023,auditor_opinion,,"ㆍ별도: 푸드서비스부문 현금창출단위집단에 배부된 영업권 손상 회계처리

ㆍ연결: 
푸드서비스부문 현금창출단위집단에 배부된 영업권 손상 회계처리"
20240318000716,Y,01721809,현대그린푸드,전기,해당사항없음,해당사항없음,-,2023-12-31,2023,auditor_opinion,해당사항없음,해당사항없음
20240318000716,Y,01721809,현대그린푸드,전전기,해당사항없음,해당사항없음,-,2023-12-31,2023,auditor_opinion,해당사항없음,해당사항없음
20250314000805,Y,01721809,현대그린푸드,"제2기
(당기)",삼일회계법인,적정의견,-,2024-12-31,2024,auditor_opinion,,푸드서비스부문 현금창출단위집단에 배부된 영업권 손상 회계처리
20250314000805,Y,01721809,현대그린푸드,"제2기
(당기)",삼일회계법인,적정의견,-,2024-12-31,2024,auditor_opinion,,푸드서비스부문 현금창출단위집단에 배부된 영업권 손상 회계처리
20250314000805,Y,01721809,현대그린푸드,"제1기
(전기)",삼일회계법인,적정의견,-,2024-12-31,2024,auditor_opinion,인적분할을 통한 회사의 설립,푸드서비스부문 현금창출단위집단에 배부된 영업권 손상 회계처리
20250314000805,Y,01721809,현대그린푸드,"제1기
(전기)",삼일회계법인,적정의견,-,2024-12-31,2024,auditor_opinion,인적분할을 통한 회사의 설립,푸드서비스부문 현금창출단위집단에 배부된 영업권 손상 회계처리
20250314000805,Y,01721809,현대그린푸드,-,-,,-,2024-12-31,2024,auditor_opinion,,
20250314000805,Y,01721809,현대그린푸드,-,-,,-,2024-12-31,2024,auditor_opinion,,
20240318000820,Y,01722437,한화갤러리아,"제1기
(당기)",삼정회계법인,적정의견,-,2023-12-31,2023,auditor_opinion,"[연결]
감사의견에는 영향을 미치지 않는 사항으로서, 이용자는 다음 사항에 주의를 기울여야 할 
필요가 있습니다.

연결재무제표에 대한 
주석36에서 설명하고 있는 바와 같이, 한화갤러리아 주식회사는 2023년
3월 1일을 분할기일로 한화솔루션 주식회사에서 인적분할되어 백화점 사업 및 도ㆍ소매업 
사업 등을 주 사업목적으로 신규 설립되었으며, 2023년 3월 31일에 한국거래소 코스피시장에 주권을 재상장하였습니다.

[별도]
감사의견에는 영향을 미치지 않는 사항으로서, 이용자는 다음 사항에 주의를 기울여야 할 
필요가 있습니다.

재무제표에 대한 
주석36에서 설명하고 있는 바와 같이, 회사는 2023년 3월 1일을 분할기일로 한화솔루션 주식회사에서 인적분할되어 백화점 사업 및 도ㆍ소매업 사업 등을 주 사업목적
으로 신규 설립되었으며, 2023년 3월 31일에 한국거래소 코스피시장에 주권을 재상장하였
습니다.","현금창출단위별 
자산 손상 평가"
20240318000820,Y,01722437,한화갤러리아,-,-,,-,2023-12-31,2023,auditor_opinion,,
20240318000820,Y,01722437,한화갤러리아,-,-,,-,2023-12-31,2023,auditor_opinion,,
20250317000838,Y,01722437,한화갤러리아,"제 2 기
(당기)",삼정회계법인,적정의견,-,2024-12-31,2024,auditor_opinion,해당사항 없음,"현금창출단위별 
자산 손상 평가"
20250317000838,Y,01722437,한화갤러리아,"제 2 기
(당기)",삼정회계법인,적정의견,-,2024-12-31,2024,auditor_opinion,해당사항 없음,"현금창출단위별 
자산 손상 평가"
20250317000838,Y,01722437,한화갤러리아,"제 1 기
(전기)",삼정회계법인,적정의견,-,2024-12-31,2024,auditor_opinion,"감사의견에는 영향을 미치지 않는 사항으로서,
이용자는 다음 사항에 주의를 기울여야 할 
필요가 있습니다.

재무제표에 대한 주석36에서 설명하고 있는
바와 같이, 회사는 2023년 3월 1일을 분할기일로
한화솔루션 주식회사에서 인적분할되어
백화점 사업 및 도ㆍ소매업 사업 등을 주 사업목적으로
신규 설립되었으며, 2023년 3월 31일에 한국거래소 
코스피시장에 주권을 재상장하였습니다.","현금창출단위별 
자산 손상 평가"
20250317000838,Y,01722437,한화갤러리아,"제 1 기
(전기)",삼정회계법인,적정의견,-,2024-12-31,2024,auditor_opinion,"감사의견에는 영향을 미치지 않는 사항으로서, 
이용자는 다음 사항에 주의를 기울여야 할 
필요가 있습니다.

연결재무제표에 대한 주석36에서 설명하고 있는 
바와 같이, 한화갤러리아 주식회사는 2023년 3월 1일을
분할기일로 한화솔루션 주식회사에서 인적분할되어 
백화점 사업 및 도ㆍ소매업 사업 등을 주 사업목적으로
신규 설립되었으며, 2023년 3월 31일에 한국거래소
코스피시장에 주권을 재상장하였습니다.","현금창출단위별 
자산 손상 평가"
20250317000838,Y,01722437,한화갤러리아,-,-,,-,2024-12-31,2024,auditor_opinion,,
20250317000838,Y,01722437,한화갤러리아,-,-,,-,2024-12-31,2024,auditor_opinion,,
20210331003006,Y,00622787,바이오노트,제18기(당기),삼정회계법인,적정,-,2020-12-31,2020,auditor_opinion,해당사항 없음,
20210331003006,Y,00622787,바이오노트,제17기(전기),삼일회계법인,적정,-,2020-12-31,2020,auditor_opinion,해당사항 없음,
20210331003006,Y,00622787,바이오노트,제16기(전전기),삼일회계법인,적정,-,2020-12-31,2020,auditor_opinion,해당사항 없음,
20220331002923,Y,00622787,바이오노트,제19기(당기),삼정회계법인,적정,-,2021-12-31,2021,auditor_opinion,해당사항 없음,
20220331002923,Y,00622787,바이오노트,제18기(전기),삼정회계법인,적정,-,2021-12-31,2021,auditor_opinion,해당사항 없음,
20220331002923,Y,00622787,바이오노트,제17기(전전기),삼일회계법인,적정,-,2021-12-31,2021,auditor_opinion,해당사항 없음,
20230321001282,Y,00622787,바이오노트,제20기 (당기),삼정회계법인,적정,-,2022-12-31,2022,auditor_opinion,해당사항 없음,해당사항 없음
20230321001282,Y,00622787,바이오노트,제19기(전기),삼정회계법인,적정,-,2022-12-31,2022,auditor_opinion,해당사항 없음,해당사항 없음
20230321001282,Y,00622787,바이오노트,제18기(전전기),삼정회계법인,적정,-,2022-12-31,2022,auditor_opinion,해당사항 없음,해당사항 없음
20240322000144,Y,00622787,바이오노트,제21기(당기),한영회계법인,적정,-,2023-12-31,2023,auditor_opinion,해당사항 없음,"기타포괄손익-공정가치측정금융자산평가의 적정성 검토
관계기업투자주식 인수대가 배분의 적정성 검토"
20240322000144,Y,00622787,바이오노트,제20기(전기),삼정회계법인,적정,-,2023-12-31,2023,auditor_opinion,해당사항 없음,해당사항 없음
20240322000144,Y,00622787,바이오노트,제19기(전전기),삼정회계법인,적정,-,2023-12-31,2023,auditor_opinion,해당사항 없음,해당사항 없음
20250318001275,Y,00622787,바이오노트,"제22기
(당기)",한영회계법인,적정의견,-,2024-12-31,2024,auditor_opinion,해당사항 없음,해당사항 없음
20250318001275,Y,00622787,바이오노트,"제22기
(당기)",한영회계법인,적정의견,-,2024-12-31,2024,auditor_opinion,해당사항 없음,해당사항 없음
20250318001275,Y,00622787,바이오노트,"제21기
(전기)",한영회계법인,적정의견,-,2024-12-31,2024,auditor_opinion,해당사항 없음,해당사항 없음
20250318001275,Y,00622787,바이오노트,"제21기
(전기)",한영회계법인,적정의견,-,2024-12-31,2024,auditor_opinion,해당사항 없음,해당사항 없음
20250318001275,Y,00622787,바이오노트,"제20기
(전전기)",삼정회계법인,적정의견,-,2024-12-31,2024,auditor_opinion,해당사항 없음,해당사항 없음
20250318001275,Y,00622787,바이오노트,"제20기
(전전기)",삼정회계법인,적정의견,-,2024-12-31,2024,auditor_opinion,해당사항 없음,해당사항 없음
20230322000303,Y,01702017,유니드비티플러스,제1기(당기),한울회계법인,적정,-,2022-12-31,2022,auditor_opinion,인적분할 신설,수익인식의 적정성
20230322000303,Y,01702017,유니드비티플러스,-,-,,-,2022-12-31,2022,auditor_opinion,,
20230322000303,Y,01702017,유니드비티플러스,-,-,,-,2022-12-31,2022,auditor_opinion,,
20240320000313,Y,01702017,유니드비티플러스,"제2기
(당기)","한울
회계법인",적정,-,2023-12-31,2023,auditor_opinion,"(별도) 해당사항 없음




","(별도) 수익인식의 적정성회사의 수익 대부분은 MDF, 마루 등의 판매로부터 창출됩니다. 상품 및 제품의 판매에 대한 수익은 고객에게 재화가 인도된 시점에 통제가 이전되고 수익이 인식됩니다. 수익은 회사의 주요 성과 지표이고 수익인식조건이 충족되기 이전에 인식될 고유위험이 높으므로 우리는 상품 및 제품의 판매로 인한 수익인식을 핵심감사사항으로 선정하였습니다."
20240320000313,Y,01702017,유니드비티플러스,"제1기
(전기)","한울
회계법인",적정,-,2023-12-31,2023,auditor_opinion,"(별도) 재무제표에 대한 주석 40에 기술하고 있는 바와 같이 회사는 주식회사 유니드의 MDF, 마루 등을 생산 및 판매하는 목재사업부문이 2022년 11월 1일자로 인적분할설립된 신설회사로서 2022년 11월 2일자로 설립등기를 완료하였습니다. 
회사의 설립시 자본금은 10,611백만원입니다. 분할기일인 2022년 11월 1일 이후 거래는 분할된 회사의 재무제표에 반영되었습니다.","(별도) 수익인식의 적정성
회사의 수익 대부분은 MDF, 마루 등의 판매로부터 창출됩니다. 상품 및 제품의 판매에 대한 수익은 고객에게 재화가 인도된 시점에 통제가 이전되고 수익이 인식됩니다.수익은 회사의 주요 성과 지표이고 수익인식조건이 충족되기 이전에 인식될 고유위험이 높으므로 우리는 상품 및 제품의 판매로 인한 수익인식을 핵심감사사항으로 선정하였습니다."
20240320000313,Y,01702017,유니드비티플러스,-,-,,-,2023-12-31,2023,auditor_opinion,,
20250319000185,Y,01702017,유니드비티플러스,"제 3 기
(당기)",한울회계법인,적정의견,-,2024-12-31,2024,auditor_opinion,특이사항 없음,수익인식의 적정성
20250319000185,Y,01702017,유니드비티플러스,"제 3 기
(당기)",-,,-,2024-12-31,2024,auditor_opinion,,
20250319000185,Y,01702017,유니드비티플러스,"제 2 기
(전기)",한울회계법인,적정의견,-,2024-12-31,2024,auditor_opinion,특이사항 없음,수익인식의 적정성
20250319000185,Y,01702017,유니드비티플러스,"제 2 기
(전기)",-,,-,2024-12-31,2024,auditor_opinion,,
20250319000185,Y,01702017,유니드비티플러스,"제 1 기
(전전기)",한울회계법인,적정의견,-,2024-12-31,2024,auditor_opinion,인적분할 신설,수익인식의 적정성
20250319000185,Y,01702017,유니드비티플러스,"제 1 기
(전전기)",-,,-,2024-12-31,2024,auditor_opinion,,
20190401002209,Y,00525934,LX세미콘,제20기(당기),삼정회계법인,적정의견,-,2018-12-31,2018,auditor_opinion,,
20190401002209,Y,00525934,LX세미콘,제19기(전기),삼정회계법인,적정의견,-,2018-12-31,2018,auditor_opinion,,
20190401002209,Y,00525934,LX세미콘,제18기(전전기),삼정회계법인,적정의견,-,2018-12-31,2018,auditor_opinion,,
20200330002510,Y,00525934,LX세미콘,제21기(당기),삼정회계법인,적정의견,-,2019-12-31,2019,auditor_opinion,해당사항 없음,재고자산 평가
20200330002510,Y,00525934,LX세미콘,제20기(전기),삼정회계법인,적정의견,-,2019-12-31,2019,auditor_opinion,해당사항 없음,해당사항 없음
20200330002510,Y,00525934,LX세미콘,제19기(전전기),삼정회계법인,적정의견,-,2019-12-31,2019,auditor_opinion,해당사항 없음,해당사항 없음
20210310001052,Y,00525934,LX세미콘,제22기(당기),안진회계법인,적정의견,-,2020-12-31,2020,auditor_opinion,해당사항 없음,재고자산 평가
20210310001052,Y,00525934,LX세미콘,제21기(전기),삼정회계법인,적정의견,-,2020-12-31,2020,auditor_opinion,해당사항 없음,재고자산 평가
20210310001052,Y,00525934,LX세미콘,제20기(전전기),삼정회계법인,적정의견,-,2020-12-31,2020,auditor_opinion,해당사항 없음,해당사항 없음
20220314000950,Y,00525934,LX세미콘,제23기(당기),안진회계법인,적정의견,-,2021-12-31,2021,auditor_opinion,해당사항 없음,재고자산 평가
20220314000950,Y,00525934,LX세미콘,제22기(전기),안진회계법인,적정의견,-,2021-12-31,2021,auditor_opinion,해당사항 없음,재고자산 평가
20220314000950,Y,00525934,LX세미콘,제21기(전전기),삼정회계법인,적정의견,-,2021-12-31,2021,auditor_opinion,해당사항 없음,재고자산 평가
20230315001207,Y,00525934,LX세미콘,제24기(당기),안진회계법인,적정의견,-,2022-12-31,2022,auditor_opinion,해당사항 없음,재고자산 평가
20230315001207,Y,00525934,LX세미콘,제23기(전기),안진회계법인,적정의견,-,2022-12-31,2022,auditor_opinion,해당사항 없음,재고자산 평가
20230315001207,Y,00525934,LX세미콘,제22기(전전기),안진회계법인,적정의견,-,2022-12-31,2022,auditor_opinion,해당사항 없음,재고자산 평가
20240313001269,Y,00525934,LX세미콘,제25기(당기),삼일회계법인,적정의견,-,2023-12-31,2023,auditor_opinion,해당사항 없음,재고자산 평가
20240313001269,Y,00525934,LX세미콘,제24기(전기),안진회계법인,적정의견,-,2023-12-31,2023,auditor_opinion,해당사항 없음,재고자산 평가
20240313001269,Y,00525934,LX세미콘,제23기(전전기),안진회계법인,적정의견,-,2023-12-31,2023,auditor_opinion,해당사항 없음,재고자산 평가
20250312001059,Y,00525934,LX세미콘,"제26기
(당기)",삼일회계법인,적정의견,-,2024-12-31,2024,auditor_opinion,해당사항 없음,재고자산 평가
20250312001059,Y,00525934,LX세미콘,"제26기
(당기)",삼일회계법인,적정의견,-,2024-12-31,2024,auditor_opinion,해당사항 없음,재고자산 평가
20250312001059,Y,00525934,LX세미콘,"제25기
(전기)",삼일회계법인,적정의견,-,2024-12-31,2024,auditor_opinion,해당사항 없음,재고자산 평가
20250312001059,Y,00525934,LX세미콘,"제25기
(전기)",삼일회계법인,적정의견,-,2024-12-31,2024,auditor_opinion,해당사항 없음,재고자산 평가
20250312001059,Y,00525934,LX세미콘,"제24기
(전전기)",안진회계법인,적정의견,-,2024-12-31,2024,auditor_opinion,해당사항 없음,재고자산 평가
20250312001059,Y,00525934,LX세미콘,"제24기
(전전기)",안진회계법인,적정의견,-,2024-12-31,2024,auditor_opinion,해당사항 없음,재고자산 평가
20230322000801,Y,01026157,쏘카,제12기(당기),삼일회계법인,적정,-,2022-12-31,2022,auditor_opinion,해당사항 없음,종속기업투자 손상검사
20230322000801,Y,01026157,쏘카,제11기(전기),삼일회계법인,적정,-,2022-12-31,2022,auditor_opinion,코로나바이러스감염증-19의 확산이 기업의 생산 능력과 고객에 대한 주문 이행능력에 미칠 수 있는 영향과 관련한 불확실성,
20230322000801,Y,01026157,쏘카,제10기(전전기),삼정회계법인,적정,-,2022-12-31,2022,auditor_opinion,선급금 및 전환사채의 유동성 분류 오류를 수정하여 재작성,
20240320001168,Y,01026157,쏘카,제13기(당기),대주회계법인,적정,-,2023-12-31,2023,auditor_opinion,해당사항 없음,"차량렌탈자산의
잔존가치"
20240320001168,Y,01026157,쏘카,제12기(전기),삼일회계법인,적정,-,2023-12-31,2023,auditor_opinion,해당사항 없음,종속기업투자 손상검사
20240320001168,Y,01026157,쏘카,제11기(전전기),삼일회계법인,적정,-,2023-12-31,2023,auditor_opinion,코로나바이러스감염증-19의 확산이 기업의 생산 능력과 고객에 대한 주문 이행능력에 미칠 수 있는 영향과 관련한 불확실성,해당사항 없음
20250318001072,Y,01026157,쏘카,"제14기
(당기)",대주회계법인,적정의견,-,2024-12-31,2024,auditor_opinion,해당사항 없음,차량렌탈자산의 잔존가치
20250318001072,Y,01026157,쏘카,"제14기
(당기)",대주회계법인,적정의견,-,2024-12-31,2024,auditor_opinion,해당사항 없음,차량렌탈자산의 잔존가치
20250318001072,Y,01026157,쏘카,"제13기
(전기)",대주회계법인,적정의견,-,2024-12-31,2024,auditor_opinion,해당사항 없음,차량렌탈자산의 잔존가치
20250318001072,Y,01026157,쏘카,"제13기
(전기)",대주회계법인,적정의견,-,2024-12-31,2024,auditor_opinion,해당사항 없음,차량렌탈자산의 잔존가치
20250318001072,Y,01026157,쏘카,"제12기
(전전기)",삼일회계법인,적정의견,-,2024-12-31,2024,auditor_opinion,해당사항 없음,종속기업투자 손상검사
20250318001072,Y,01026157,쏘카,"제12기
(전전기)",삼일회계법인,적정의견,-,2024-12-31,2024,auditor_opinion,해당사항 없음,종속기업투자 손상검사
20230323001537,Y,00193328,수산인더스트리,제40기(당기),삼일회계법인,적정,-,2022-12-31,2022,auditor_opinion,해당사항 없음,"(연결재무제표)
1.원가기준 투입법에 따른 수익인식
2.영업권 손상평가
(별도재무제표)
1.원가기준 투입법에 따른 수익인식
2.종속기업투자 손상평가"
20230323001537,Y,00193328,수산인더스트리,제39기(전기),대주회계법인,적정,-,2022-12-31,2022,auditor_opinion,해당사항 없음,
20230323001537,Y,00193328,수산인더스트리,제38기(전전기),삼일회계법인,적정,-,2022-12-31,2022,auditor_opinion,"(연결재무제표)
COVID-19(코로나)바이러스가 연결회사의 수익 창출 능력등에 미칠 수 있는 영향과 관련한 불확실성이 존재
(별도재무제표)
COVID-19(코로나)바이러스가 회사의 수익 창출 능력등에 미칠 수 있는 영향과 관련한 불확실성이 존재",
20240320000834,Y,00193328,수산인더스트리,제41기(당기),삼일회계법인,적정,-,2023-12-31,2023,auditor_opinion,해당사항 없음,"(연결재무제표)
1.원가기준 투입법에 따른 수익인식
2.영업권 손상평가
(별도재무제표)
1.원가기준 투입법에 따른 수익인식
2.종속기업투자 손상평가"
20240320000834,Y,00193328,수산인더스트리,제40기(전기),삼일회계법인,적정,-,2023-12-31,2023,auditor_opinion,해당사항 없음,"(연결재무제표)
1.원가기준 투입법에 따른 수익인식
2.영업권 손상평가
(별도재무제표)
1.원가기준 투입법에 따른 수익인식
2.종속기업투자 손상평가"
20240320000834,Y,00193328,수산인더스트리,제39기(전전기),대주회계법인,적정,-,2023-12-31,2023,auditor_opinion,해당사항 없음,
20250814003023,Y,00193328,수산인더스트리,"제42기
(당기)",삼일회계법인,적정의견,-,2024-12-31,2024,auditor_opinion,해당사항 없음,"1.원가기준 투입법에 따른 수익인식
2.종속기업투자(수산이앤에스) 손상평가"
20250814003023,Y,00193328,수산인더스트리,"제42기
(당기)",삼일회계법인,적정의견,-,2024-12-31,2024,auditor_opinion,해당사항 없음,"1.원가기준 투입법에 따른 수익인식
2.영업권 손상평가"
20250814003023,Y,00193328,수산인더스트리,"제41기
(전기)",삼일회계법인,적정의견,-,2024-12-31,2024,auditor_opinion,해당사항 없음,"1.원가기준 투입법에 따른 수익인식
2.종속기업투자 손상평가"
20250814003023,Y,00193328,수산인더스트리,"제41기
(전기)",삼일회계법인,적정의견,-,2024-12-31,2024,auditor_opinion,해당사항 없음,"1.원가기준 투입법에 따른 수익인식
2.영업권 손상평가"
20250814003023,Y,00193328,수산인더스트리,"제40기
(전전기)",삼일회계법인,적정의견,-,2024-12-31,2024,auditor_opinion,해당사항 없음,"1.원가기준 투입법에 따른 수익인식
2.종속기업투자 손상평가"
20250814003023,Y,00193328,수산인더스트리,"제40기
(전전기)",삼일회계법인,적정의견,-,2024-12-31,2024,auditor_opinion,해당사항 없음,"1.원가기준 투입법에 따른 수익인식
2.영업권 손상평가"
20210317000676,Y,01515323,LG에너지솔루션,제1기(당기),삼일회계법인,적정,-,2020-12-31,2020,auditor_opinion,"물적분할설립 및 COVID-19(코로나)바이러스가 기업의 생산능력과
고객에 대한 주문 이행능력에 미칠 수 있는 영향 등",해당사항 없음
20210317000676,Y,01515323,LG에너지솔루션,-,-,,-,2020-12-31,2020,auditor_opinion,,
20210317000676,Y,01515323,LG에너지솔루션,-,-,,-,2020-12-31,2020,auditor_opinion,,
20220315001026,Y,01515323,LG에너지솔루션,제2기(당기),한영회계법인,적정,-,2021-12-31,2021,auditor_opinion,"SK온(주)의 물적분할 전 회사인 SK이노베이션(주)과 체결한 합의 계약에 따라 SK온(주)으로부터 수령하기로 한 일시금 1조원(현재가치 기준 992,233백만원)을 영업수익으로 인식",해당사항 없음
20220315001026,Y,01515323,LG에너지솔루션,제1기(전기),삼일회계법인,적정,-,2021-12-31,2021,auditor_opinion,"물적분할설립 및 COVID-19(코로나)바이러스가 기업의 생산능력과
고객에 대한 주문 이행능력에 미칠 수 있는 영향 등",해당사항 없음
20220315001026,Y,01515323,LG에너지솔루션,-,-,,-,2021-12-31,2021,auditor_opinion,,
20230315001342,Y,01515323,LG에너지솔루션,제3기(당기),안진회계법인,적정,-,2022-12-31,2022,auditor_opinion,해당사항 없음,"(1) GM 리콜 충당부채
(2) 종속기업 투자주식 손상검토"
20230315001342,Y,01515323,LG에너지솔루션,제2기(전기),한영회계법인,적정,-,2022-12-31,2022,auditor_opinion,"SK온(주)의 물적분할 전 회사인 SK이노베이션(주)과 체결한 합의 계약에 따라 SK온(주)으로부터
수령하기로 한 일시금 1조원(현재가치 기준 992,233백만원)을 영업수익으로 인식",해당사항 없음
20230315001342,Y,01515323,LG에너지솔루션,제1기(전전기),삼일회계법인,적정,-,2022-12-31,2022,auditor_opinion,"물적분할설립 및 COVID-19(코로나)바이러스가 기업의 생산능력과
고객에 대한 주문 이행능력에 미칠 수 있는 영향 등",해당사항 없음
20240314001110,Y,01515323,LG에너지솔루션,제4기(당기),안진회계법인,적정,-,2023-12-31,2023,auditor_opinion,해당사항 없음,GM 리콜 충당부채
20240314001110,Y,01515323,LG에너지솔루션,제3기(전기),안진회계법인,적정,-,2023-12-31,2023,auditor_opinion,해당사항 없음,"(1) GM 리콜 충당부채
(2) 종속기업 투자주식 손상검토"
20240314001110,Y,01515323,LG에너지솔루션,제2기(전전기),한영회계법인,적정,-,2023-12-31,2023,auditor_opinion,"SK온(주)의 물적분할 전 회사인 SK이노베이션(주)과 체결한 합의 계약에 따라 SK온(주)으로부터
수령하기로 한 일시금 1조원(현재가치 기준 992,233백만원)을 영업수익으로 인식",해당사항 없음
20250312000405,Y,01515323,LG에너지솔루션,"제5기
(당기)",안진회계법인,적정의견,-,2024-12-31,2024,auditor_opinion,해당사항 없음,"(1) 판매보증충당부채
(2) 고객보상금의 수익인식 시기"
20250312000405,Y,01515323,LG에너지솔루션,"제5기
(당기)",안진회계법인,적정의견,-,2024-12-31,2024,auditor_opinion,해당사항 없음,"(1) 판매보증충당부채
(2) 고객보상금의 수익인식 시기"
20250312000405,Y,01515323,LG에너지솔루션,"제4기
(전기)",안진회계법인,적정의견,-,2024-12-31,2024,auditor_opinion,해당사항 없음,GM 리콜 충당부채
20250312000405,Y,01515323,LG에너지솔루션,"제4기
(전기)",안진회계법인,적정의견,-,2024-12-31,2024,auditor_opinion,해당사항 없음,GM 리콜 충당부채
20250312000405,Y,01515323,LG에너지솔루션,"제3기
(전전기)",안진회계법인,적정의견,-,2024-12-31,2024,auditor_opinion,해당사항 없음,"(1) GM 리콜 충당부채
(2) 종속기업 투자주식 손상검토"
20250312000405,Y,01515323,LG에너지솔루션,"제3기
(전전기)",안진회계법인,적정의견,-,2024-12-31,2024,auditor_opinion,해당사항 없음,"(1) GM 리콜 충당부채
(2) 종속기업 투자주식 손상검토"
20220321001421,Y,01323032,케이카,제5기(당기),안진회계법인,적정,-,2021-12-31,2021,auditor_opinion,해당사항 없음,중고차매출의 발생사실
20220321001421,Y,01323032,케이카,제4기(전기),삼정회계법인,적정,-,2021-12-31,2021,auditor_opinion,해당사항 없음,해당사항 없음
20220321001421,Y,01323032,케이카,제3기(전전기),삼정회계법인,적정,-,2021-12-31,2021,auditor_opinion,해당사항 없음,해당사항 없음
20230407002574,Y,01323032,케이카,제6기(당기),삼일회계법인,적정,-,2022-12-31,2022,auditor_opinion,해당사항 없음,영업권 손상평가
20230407002574,Y,01323032,케이카,제5기(전기),안진회계법인,적정,-,2022-12-31,2022,auditor_opinion,해당사항 없음,중고차매출의 발생사실
20230407002574,Y,01323032,케이카,제4기(전전기),삼정회계법인,적정,-,2022-12-31,2022,auditor_opinion,해당사항 없음,해당사항 없음
20240424000584,Y,01323032,케이카,제7기(당기),삼일회계법인,적정,-,2023-12-31,2023,auditor_opinion,해당사항 없음,영업권 손상평가
20240424000584,Y,01323032,케이카,제6기(전기),삼일회계법인,적정,-,2023-12-31,2023,auditor_opinion,해당사항 없음,영업권 손상평가
20240424000584,Y,01323032,케이카,제5기(전전기),안진회계법인,적정,-,2023-12-31,2023,auditor_opinion,해당사항 없음,중고차매출의 발생사실
20250318000964,Y,01323032,케이카,"제8기
(당기)",삼일회계법인,적정의견,-,2024-12-31,2024,auditor_opinion,해당사항 없음,영업권 손상평가
20250318000964,Y,01323032,케이카,"제8기
(당기)",-,,-,2024-12-31,2024,auditor_opinion,,
20250318000964,Y,01323032,케이카,"제7기
(전기)",삼일회계법인,적정의견,-,2024-12-31,2024,auditor_opinion,해당사항 없음,영업권 손상평가
20250318000964,Y,01323032,케이카,"제7기
(전기)",-,,-,2024-12-31,2024,auditor_opinion,,
20250318000964,Y,01323032,케이카,"제6기
(전전기)",삼일회계법인,적정의견,-,2024-12-31,2024,auditor_opinion,해당사항 없음,영업권 손상평가
20250318000964,Y,01323032,케이카,"제6기
(전전기)",-,,-,2024-12-31,2024,auditor_opinion,,
20210401001108,Y,01390344,HD현대중공업,-,-,,-,2020-12-31,2020,auditor_opinion,,
20210401001108,Y,01390344,HD현대중공업,-,-,,-,2020-12-31,2020,auditor_opinion,,
20210401001108,Y,01390344,HD현대중공업,-,-,,-,2020-12-31,2020,auditor_opinion,,
20220314000704,Y,01390344,HD현대중공업,제3기(당기),한영회계법인,적정,-,2021-12-31,2021,auditor_opinion,,<연결/별도 재무제표>- 투입법에 따른 수익 인식 등 기업의 회계정책- 총예정원가 추정의 불확실성- 산정된 공사진행률의 적절성- 공사변경에 따른 회계처리의 적절성- 계약자산의 회수가능성에 대한 평가
20220314000704,Y,01390344,HD현대중공업,제2기(전기),삼정회계법인,적정,-,2021-12-31,2021,auditor_opinion,별도재무제표로의 전환,
20220314000704,Y,01390344,HD현대중공업,제1기(전전기),삼정회계법인,적정,-,2021-12-31,2021,auditor_opinion,물적분할,
20230320000790,Y,01390344,HD현대중공업,제4기(당기),삼정회계법인,적정,-,2022-12-31,2022,auditor_opinion,,<연결/별도 재무제표>- 산정된 공사진행률의 적정성- 계약자산금액의 회수가능성에 대한평가- 공사변경에 따른 회계처리의 적절성- 총계약원가에대한추정의불확실성
20230320000790,Y,01390344,HD현대중공업,제3기(전기),한영회계법인,적정,-,2022-12-31,2022,auditor_opinion,,<연결/별도 재무제표>- 투입법에 따른 수익 인식 등 기업의 회계정책- 총예정원가 추정의 불확실성- 산정된 공사진행률의 적절성- 공사변경에 따른 회계처리의 적절성- 계약자산의 회수가능성에 대한 평가
20230320000790,Y,01390344,HD현대중공업,제2기(전전기),삼정회계법인,적정,-,2022-12-31,2022,auditor_opinion,별도재무제표로의 전환,
20240318000459,Y,01390344,HD현대중공업,제5기(당기),삼정회계법인,적정,-,2023-12-31,2023,auditor_opinion,,"<연결/별도 재무제표>- 총 계약원가에 대한 추정의 불확실성
- 산정된 공사진행률의 적정성
- 공사변경에 따른 회계처리의 적절성
- 계약자산금액의 회수가능성에 대한 평가"
20240318000459,Y,01390344,HD현대중공업,제4기(전기),삼정회계법인,적정,-,2023-12-31,2023,auditor_opinion,,"<연결/별도 재무제표>- 총 계약원가에 대한 추정의 불확실성
- 산정된 공사진행률의 적정성
- 공사변경에 따른 회계처리의 적절성
- 계약자산금액의 회수가능성에 대한 평가"
20240318000459,Y,01390344,HD현대중공업,제3기(전전기),한영회계법인,적정,-,2023-12-31,2023,auditor_opinion,,<연결/별도 재무제표>- 투입법에 따른 수익 인식 등 기업의 회계정책- 총 예정원가 추정의 불확실성- 산정된 공사진행률의 적절성- 공사변경에 따른 회계처리의 적절성- 계약자산의 회수가능성에 대한 평가
20250318000897,Y,01390344,HD현대중공업,"제6기
(당기)",삼정회계법인,적정의견,-,2024-12-31,2024,auditor_opinion,"해당사항
없음","- 총 계약원가에 대한 추정의 불확실성
- 산정된 공사진행률의 적정성
- 공사변경에 따른 회계처리의 적절성
- 계약자산금액의 회수가능성에 대한 평가"
20250318000897,Y,01390344,HD현대중공업,"제6기
(당기)",삼정회계법인,적정의견,-,2024-12-31,2024,auditor_opinion,"해당사항
없음","- 총 계약원가에 대한 추정의 불확실성
- 산정된 공사진행률의 적정성
- 공사변경에 따른 회계처리의 적절성
- 계약자산금액의 회수가능성에 대한 평가"
20250318000897,Y,01390344,HD현대중공업,"제5기
(전기)",삼정회계법인,적정의견,-,2024-12-31,2024,auditor_opinion,"해
당사항
없음","- 총 계약원가에 대한 추정의 불확실성
- 산정된 공사진행률의 적정성
- 공사변경에 따른 회계처리의 적절성
- 계약자산금액의 회수가능성에 대한 평가"
20250318000897,Y,01390344,HD현대중공업,"제5기
(전기)",삼정회계법인,적정의견,-,2024-12-31,2024,auditor_opinion,"해당사항
없음","- 총 계약원가에 대한 추정의 불확실성
- 산정된 공사진행률의 적정성
- 공사변경에 따른 회계처리의 적절성
- 계약자산금액의 회수가능성에 대한 평가"
20250318000897,Y,01390344,HD현대중공업,"제4기
(전전기)",삼정회계법인,적정의견,-,2024-12-31,2024,auditor_opinion,"해당사항
없음","- 총 계약원가에 대한 추정의 불확실성
- 산정된 공사진행률의 적정성
- 공사변경에 따른 회계처리의 적절성
- 계약자산금액의 회수가능성에 대한 평가"
20250318000897,Y,01390344,HD현대중공업,"제4기
(전전기)",삼정회계법인,적정의견,-,2024-12-31,2024,auditor_opinion,"해당사항
없음","- 총 계약원가에 대한 추정의 불확실성
- 산정된 공사진행률의 적정성
- 공사변경에 따른 회계처리의 적절성
- 계약자산금액의 회수가능성에 대한 평가"
20220317000848,Y,00972503,일진하이솔루스,제10기(당기),삼일회계법인,적정,-,2021-12-31,2021,auditor_opinion,,영업권손상검사
20220317000848,Y,00972503,일진하이솔루스,제9기(전기),삼일회계법인,적정,-,2021-12-31,2021,auditor_opinion,,
20220317000848,Y,00972503,일진하이솔루스,제8기(전전기),삼덕회계법인,적정,-,2021-12-31,2021,auditor_opinion,,
20230315001068,Y,00972503,일진하이솔루스, 제11기(당기),대주회계법인,적정,-,2022-12-31,2022,auditor_opinion,,수익인식의 적정성
20230315001068,Y,00972503,일진하이솔루스, 제10기(전기),삼일회계법인,적정,-,2022-12-31,2022,auditor_opinion,,영업권손상검사
20230315001068,Y,00972503,일진하이솔루스, 제9기(전전기),삼일회계법인,적정,-,2022-12-31,2022,auditor_opinion,,
20240313001276,Y,00972503,일진하이솔루스,제12기(당기),대주회계법인,적정,-,2023-12-31,2023,auditor_opinion,,수익인식의 적정성
20240313001276,Y,00972503,일진하이솔루스,제11기(전기),대주회계법인,적정,-,2023-12-31,2023,auditor_opinion,,수익인식의 적정성
20240313001276,Y,00972503,일진하이솔루스,제10기(전전기),삼일회계법인,적정,-,2023-12-31,2023,auditor_opinion,,영업권손상검사
20250312000525,Y,00972503,일진하이솔루스,"제13기
(당기)",대주회계법인,적정의견,-,2024-12-31,2024,auditor_opinion,강조사항 없음,수익인식의 적정성
20250312000525,Y,00972503,일진하이솔루스,"제13기
(당기)",-,,-,2024-12-31,2024,auditor_opinion,,
20250312000525,Y,00972503,일진하이솔루스,"제12기
(전기)",대주회계법인,적정의견,-,2024-12-31,2024,auditor_opinion,강조사항 없음,수익인식의 적정성
20250312000525,Y,00972503,일진하이솔루스,"제12기
(전기)",-,,-,2024-12-31,2024,auditor_opinion,,
20250312000525,Y,00972503,일진하이솔루스,"제11기
(전전기)",대주회계법인,적정의견,-,2024-12-31,2024,auditor_opinion,강조사항 없음,수익인식의 적정성
20250312000525,Y,00972503,일진하이솔루스,"제11기
(전전기)",-,,-,2024-12-31,2024,auditor_opinion,,
20220316000673,Y,00486705,아주스틸,"제23기
 (당기)",정인회계법인,적정,-,2021-12-31,2021,auditor_opinion,COVID-19(코로나바이러스감염증-19)으로 인한 영업환경 및 영업성과 등에 미칠 수 있는 영향의 불확실성이 존재,영업권이 배부된 현금창출단위의 손상
20220316000673,Y,00486705,아주스틸,"제22기
 (전기)",정인회계법인,적정,-,2021-12-31,2021,auditor_opinion,"COVID-19(코로나바이러스감염증-19)으로 인한 영업환경 
및 영업성과 등에 미칠 수 있는 영향의 불확실성이 존재",해당사항 없음
20220316000673,Y,00486705,아주스틸,"제21기
 (전전기)",안경회계법인,적정,-,2021-12-31,2021,auditor_opinion,해당사항 없음,해당사항 없음
20230320001066,Y,00486705,아주스틸,"제24기
 (당기)",정인회계법인,적정,-,2022-12-31,2022,auditor_opinion,해당사항 없음,"총계약원가 추정의
불확실성"
20230320001066,Y,00486705,아주스틸,"제23기
 (전기)",정인회계법인,적정,-,2022-12-31,2022,auditor_opinion," COVID-19(코로나바이러스감염증-19)으로 인한 영업환경
 및  영업성과 등에 미칠 수 있는 영향의 불확실성이 존재","영업권이 배부된
 현금창출단위의 손상"
20230320001066,Y,00486705,아주스틸,"제22기
 (전전기)",정인회계법인,적정,-,2022-12-31,2022,auditor_opinion," COVID-19(코로나바이러스감염증-19)으로 인한 영업환경 및
 영업성과 등에 미칠 수 있는 영향의 불확실성이 존재",해당사항 없음
20250321001731,Y,00486705,아주스틸,-,-,,-,2023-12-31,2023,auditor_opinion,,
20250321001731,Y,00486705,아주스틸,-,-,,-,2023-12-31,2023,auditor_opinion,,
20250321001731,Y,00486705,아주스틸,-,-,,-,2023-12-31,2023,auditor_opinion,,
20250321001731,Y,00486705,아주스틸,-,-,,-,2023-12-31,2023,auditor_opinion,,
20250321001731,Y,00486705,아주스틸,-,-,,-,2023-12-31,2023,auditor_opinion,,
20250321001731,Y,00486705,아주스틸,-,-,,-,2023-12-31,2023,auditor_opinion,,
20250328001653,Y,00486705,아주스틸,"제26 기
(당기)",대주회계법인,적정의견,-,2024-12-31,2024,auditor_opinion,해당사항 없음,현금창출단위 손상검사
20250328001653,Y,00486705,아주스틸,"제26 기
(당기)",대주회계법인,적정의견,-,2024-12-31,2024,auditor_opinion,해당사항 없음,현금창출단위 손상검사
20250328001653,Y,00486705,아주스틸,"제25 기
(전기)",대주회계법인,적정의견,-,2024-12-31,2024,auditor_opinion,해당사항 없음,"수익의 발생사실과

기간귀속"
20250328001653,Y,00486705,아주스틸,"제25 기
(전기)",대주회계법인,적정의견,-,2024-12-31,2024,auditor_opinion,해당사항 없음,"수익의 발생사실과

기간귀속"
20250328001653,Y,00486705,아주스틸,"제24 기
(전전기)",정인회계법인,적정의견,-,2024-12-31,2024,auditor_opinion,해당사항 없음,매출의 기간귀속
20250328001653,Y,00486705,아주스틸,"제24 기
(전전기)",정인회계법인,적정의견,-,2024-12-31,2024,auditor_opinion,해당사항 없음,"총계약원가 추정의

불확실성"
20210707000453,Y,00545716,롯데렌탈,제14기(당기),삼정회계법인,적정,해당사항 없음,2018-12-31,2018,auditor_opinion,,
20210707000453,Y,00545716,롯데렌탈,제13기(전기),삼정회계법인,적정,회계감사인 변경,2018-12-31,2018,auditor_opinion,,
20210707000453,Y,00545716,롯데렌탈,제12기(전전기),삼일회계법인,적정,해당사항 없음,2018-12-31,2018,auditor_opinion,,
20210707000485,Y,00545716,롯데렌탈,제15기(당기),삼정회계법인,적정,-,2019-12-31,2019,auditor_opinion,해당사항 없음,해당사항 없음
20210707000485,Y,00545716,롯데렌탈,제14기(전기),삼정회계법인,적정,-,2019-12-31,2019,auditor_opinion,해당사항 없음,해당사항 없음
20210707000485,Y,00545716,롯데렌탈,제13기(전전기),삼정회계법인,적정,-,2019-12-31,2019,auditor_opinion,해당사항 없음,회계감사인 변경
20210707000505,Y,00545716,롯데렌탈,제16기(당기),삼정회계법인,적정,-,2020-12-31,2020,auditor_opinion,해당사항 없음,해당사항 없음
20210707000505,Y,00545716,롯데렌탈,제15기(전기),삼정회계법인,적정,-,2020-12-31,2020,auditor_opinion,해당사항 없음,해당사항 없음
20210707000505,Y,00545716,롯데렌탈,제14기(전전기),삼정회계법인,적정,-,2020-12-31,2020,auditor_opinion,해당사항 없음,해당사항 없음
20220812000791,Y,00545716,롯데렌탈,제17기(당기),삼일회계법인,적정,-,2021-12-31,2021,auditor_opinion,해당사항 없음,"별도재무제표:
(1) 렌탈자산 감가상각
(2) 태국 종속기업 손상평가
 연결재무제표:
(1) 렌탈자산 감가상각
(2) 현금창출단위 손상평가"
20220812000791,Y,00545716,롯데렌탈,제16기(전기),삼정회계법인,적정,-,2021-12-31,2021,auditor_opinion,해당사항 없음,해당사항 없음
20220812000791,Y,00545716,롯데렌탈,제15기(전전기),삼정회계법인,적정,-,2021-12-31,2021,auditor_opinion,해당사항 없음,해당사항 없음
20230424000485,Y,00545716,롯데렌탈,제18기(당기),삼정회계법인,적정,-,2022-12-31,2022,auditor_opinion,해당사항 없음,"(1) 렌탈자산 잔존가치
(2) 관계기업투자주식 손상차손"
20230424000485,Y,00545716,롯데렌탈,제17기(전기),삼일회계법인,적정,-,2022-12-31,2022,auditor_opinion,해당사항 없음,"별도재무제표:
(1) 렌탈자산 감가상각
(2) 태국 종속기업 손상평가
연결재무제표:
(1) 렌탈자산 감가상각
(2) 현금창출단위 손상평가"
20230424000485,Y,00545716,롯데렌탈,제16기(전전기),삼정회계법인,적정,-,2022-12-31,2022,auditor_opinion,해당사항 없음,해당사항 없음
20240315000897,Y,00545716,롯데렌탈,제19기(당기),삼정회계법인,적정,-,2023-12-31,2023,auditor_opinion,해당사항 없음,"(1) 관계기업투자주식의 손상검사
(2) 렌탈자산의 잔존가치"
20240315000897,Y,00545716,롯데렌탈,제18기(전기),삼정회계법인,적정,-,2023-12-31,2023,auditor_opinion,해당사항 없음,"(1) 렌탈자산 잔존가치
(2) 관계기업투자주식 손상차손"
20240315000897,Y,00545716,롯데렌탈,제17기(전전기),삼일회계법인,적정,-,2023-12-31,2023,auditor_opinion,해당사항 없음,"별도재무제표:
(1) 렌탈자산 감가상각
(2) 태국 종속기업 손상평가
연결재무제표:
(1) 렌탈자산 감가상각
(2) 현금창출단위 손상평가"
20250314001522,Y,00545716,롯데렌탈,"제20기
(당기)",삼정회계법인,적정의견,-,2024-12-31,2024,auditor_opinion,해당사항 없음,"(1) 관계기업투자주식의 손상검사
(2) 렌탈자산의 잔존가치"
20250314001522,Y,00545716,롯데렌탈,"제20기
(당기)",삼정회계법인,적정의견,-,2024-12-31,2024,auditor_opinion,해당사항 없음,"(1) 관계기업투자주식의 손상검사
(2) 렌탈자산의 잔존가치"
20250314001522,Y,00545716,롯데렌탈,"제19기
(전기)",삼정회계법인,적정의견,-,2024-12-31,2024,auditor_opinion,해당사항 없음,"(1) 관계기업투자주식의 손상검사
(2) 렌탈자산의 잔존가치"
20250314001522,Y,00545716,롯데렌탈,"제19기
(전기)",삼정회계법인,적정의견,-,2024-12-31,2024,auditor_opinion,해당사항 없음,"(1) 관계기업투자주식의 손상검사
(2) 렌탈자산의 잔존가치"
20250314001522,Y,00545716,롯데렌탈,"제18기
(전전기)",삼정회계법인,적정의견,-,2024-12-31,2024,auditor_opinion,해당사항 없음,"(1) 관계기업투자주식의 손상검사
(2) 렌탈자산의 잔존가치"
20250314001522,Y,00545716,롯데렌탈,"제18기
(전전기)",삼정회계법인,적정의견,-,2024-12-31,2024,auditor_opinion,해당사항 없음,"(1) 관계기업투자주식의 손상검사
(2) 렌탈자산의 잔존가치"
20260317000759,Y,00534598,한컴라이프케어,제26기(당기),선진회계법인,적정,-,2021-12-31,2021,auditor_opinion,,해당사항 없음
20260317000759,Y,00534598,한컴라이프케어,제25기(전기),한영회계법인,적정,-,2021-12-31,2021,auditor_opinion,재무제표 재작성,해당사항 없음
20260317000759,Y,00534598,한컴라이프케어,제24기(전전기),한영회계법인,적정,-,2021-12-31,2021,auditor_opinion,,해당사항 없음
20230315000557,Y,00534598,한컴라이프케어,제27기(당기),선진회계법인,적정,-,2022-12-31,2022,auditor_opinion,보고기간 후 사건,재고자산 평가
20230315000557,Y,00534598,한컴라이프케어,제26기(전기),선진회계법인,적정,-,2022-12-31,2022,auditor_opinion,,재고자산 평가
20230315000557,Y,00534598,한컴라이프케어,제25기(전전기),한영회계법인,적정,-,2022-12-31,2022,auditor_opinion,재무제표 재작성,해당사항 없음
20240313000991,Y,00534598,한컴라이프케어,제28기(당기),선진회계법인,,-,2023-12-31,2023,auditor_opinion,,재고자산 평가
20240313000991,Y,00534598,한컴라이프케어,제27기(전기),선진회계법인,적정,-,2023-12-31,2023,auditor_opinion,보고기간 후 사건,재고자산 평가
20240313000991,Y,00534598,한컴라이프케어,제26기(전전기),선진회계법인,적정,-,2023-12-31,2023,auditor_opinion,,재고자산 평가
20250814000446,Y,00534598,한컴라이프케어,"제29기
(당기)",한영회계법인,적정의견,-,2024-12-31,2024,auditor_opinion,,재고자산 평가
20250814000446,Y,00534598,한컴라이프케어,"제29기
(당기)",한영회계법인,적정의견,-,2024-12-31,2024,auditor_opinion,,재고자산 평가
20250814000446,Y,00534598,한컴라이프케어,"제28기
(전기)",선진회계법인,적정의견,-,2024-12-31,2024,auditor_opinion,,재고자산 평가
20250814000446,Y,00534598,한컴라이프케어,"제28기
(전기)",선진회계법인,적정의견,-,2024-12-31,2024,auditor_opinion,,재고자산 평가
20250814000446,Y,00534598,한컴라이프케어,"제27기
(전전기)",선진회계법인,적정의견,-,2024-12-31,2024,auditor_opinion,보고기간 후 사건,재고자산 평가
20250814000446,Y,00534598,한컴라이프케어,"제27기
(전전기)",선진회계법인,적정의견,-,2024-12-31,2024,auditor_opinion,보고기간 후 사건,재고자산 평가
20200330003881,Y,00760971,크래프톤,제 12기,삼일회계법인,적정,-,2018-12-31,2018,auditor_opinion,,
20200330003881,Y,00760971,크래프톤,제 11기,삼정회계법인,적정,(*),2018-12-31,2018,auditor_opinion,,
20200330003881,Y,00760971,크래프톤,제 10기,안진회계법인,적정,-,2018-12-31,2018,auditor_opinion,,
20200330004316,Y,00760971,크래프톤,제13기(당기),삼일회계법인,적정,-,2019-12-31,2019,auditor_opinion,,
20200330004316,Y,00760971,크래프톤,제12기(전기),삼일회계법인,적정,-,2019-12-31,2019,auditor_opinion,,
20200330004316,Y,00760971,크래프톤,제11기(전전기),삼정회계법인,적정,-,2019-12-31,2019,auditor_opinion,(*),
20210331003279,Y,00760971,크래프톤,제14기(당기),한영회계법인,적정,-,2020-12-31,2020,auditor_opinion,,
20210331003279,Y,00760971,크래프톤,제13기(전기),삼일회계법인,적정,-,2020-12-31,2020,auditor_opinion,,
20210331003279,Y,00760971,크래프톤,제12기(전전기),삼일회계법인,적정,-,2020-12-31,2020,auditor_opinion,,
20220314000894,Y,00760971,크래프톤,제15기(당기),한영회계법인,적정,-,2021-12-31,2021,auditor_opinion,,"게임매출 수익의 발생사실과 기
간귀속"
20220314000894,Y,00760971,크래프톤,제14기(전기),한영회계법인,적정,-,2021-12-31,2021,auditor_opinion,,
20220314000894,Y,00760971,크래프톤,제13기(전전기),삼일회계법인,적정,-,2021-12-31,2021,auditor_opinion,,
20230320000728,Y,00760971,크래프톤,제16기(당기),삼정회계법인,적정,-,2022-12-31,2022,auditor_opinion,,"Unknown Worlds Entertainment, Inc. 손상평가"
20230320000728,Y,00760971,크래프톤,제15기(전기),한영회계법인,적정,-,2022-12-31,2022,auditor_opinion,,게임매출 수익의 발생사실과 기간귀속
20230320000728,Y,00760971,크래프톤,제14기(전전기),한영회계법인,적정,-,2022-12-31,2022,auditor_opinion,,
20240318000420,Y,00760971,크래프톤,제17기(당기),삼정회계법인,적정,-,2023-12-31,2023,auditor_opinion,,"Unknown Worlds Entertainment, Inc. 손상평가"
20240318000420,Y,00760971,크래프톤,제16기(전기),삼정회계법인,적정,-,2023-12-31,2023,auditor_opinion,,"Unknown Worlds Entertainment, Inc. 손상평가"
20240318000420,Y,00760971,크래프톤,제15기(전전기),한영회계법인,적정,-,2023-12-31,2023,auditor_opinion,,게임매출 수익의 발생사실과 기간귀속
20250318001121,Y,00760971,크래프톤,제18기(당기),삼정회계법인,적정의견,-,2024-12-31,2024,auditor_opinion,해당사항 없음,"종속기업투자(Unknown Worlds Entertainment, Inc.) 손상평가"
20250318001121,Y,00760971,크래프톤,제18기(당기),삼정회계법인,적정의견,-,2024-12-31,2024,auditor_opinion,해당사항 없음,"현금창출단위(Unknown Worlds Entertainment, Inc.) 손상평가"
20250318001121,Y,00760971,크래프톤,제17기(전기),삼정회계법인,적정의견,-,2024-12-31,2024,auditor_opinion,해당사항 없음,"종속기업투자(Unknown Worlds Entertainment, Inc.) 손상평가"
20250318001121,Y,00760971,크래프톤,제17기(전기),삼정회계법인,적정의견,-,2024-12-31,2024,auditor_opinion,해당사항 없음,"현금창출단위(Unknown Worlds Entertainment, Inc.) 손상평가"
20250318001121,Y,00760971,크래프톤,제16기(전전기),삼정회계법인,적정의견,-,2024-12-31,2024,auditor_opinion,해당사항 없음,"종속기업투자(Unknown Worlds Entertainment, Inc.) 손상평가"
20250318001121,Y,00760971,크래프톤,제16기(전전기),삼정회계법인,적정의견,-,2024-12-31,2024,auditor_opinion,해당사항 없음,"현금창출단위(Unknown Worlds Entertainment, Inc.) 손상평가"
20190401003783,Y,00767460,PI첨단소재,제11기(당기),삼정회계법인,적정,해당사항 없음,2018-12-31,2018,auditor_opinion,,
20190401003783,Y,00767460,PI첨단소재,제10기(전기),안진회계법인,적정,해당사항 없음,2018-12-31,2018,auditor_opinion,,
20190401003783,Y,00767460,PI첨단소재,제9기(전전기),안진회계법인,적정,해당사항 없음,2018-12-31,2018,auditor_opinion,,
20200330003343,Y,00767460,PI첨단소재,-,-,,-,2019-12-31,2019,auditor_opinion,,
20200330003343,Y,00767460,PI첨단소재,-,-,,-,2019-12-31,2019,auditor_opinion,,
20200330003343,Y,00767460,PI첨단소재,-,-,,-,2019-12-31,2019,auditor_opinion,,
20210311000048,Y,00767460,PI첨단소재,제13기(당기),삼정회계법인,적정,-,2020-12-31,2020,auditor_opinion,해당사항 없음,국외매출과 관련된 수익의 기간 귀속
20210311000048,Y,00767460,PI첨단소재,제12기(전기),삼정회계법인,적정,-,2020-12-31,2020,auditor_opinion,해당사항 없음,
20210311000048,Y,00767460,PI첨단소재,제11기(전전기),삼정회계법인,적정,-,2020-12-31,2020,auditor_opinion,해당사항 없음,
20220316000360,Y,00767460,PI첨단소재,제14기(당기),삼정회계법인,적정,-,2021-12-31,2021,auditor_opinion,해당사항 없음,국외매출 수익인식시점의 적정성
20220316000360,Y,00767460,PI첨단소재,제13기(전기),삼정회계법인,적정,-,2021-12-31,2021,auditor_opinion,해당사항 없음,국외매출과 관련된 수익의 기간 귀속
20220316000360,Y,00767460,PI첨단소재,제12기(전전기),삼정회계법인,적정,-,2021-12-31,2021,auditor_opinion,해당사항 없음,
20230315000084,Y,00767460,PI첨단소재,제15기(당기),삼정회계법인,적정,-,2022-12-31,2022,auditor_opinion,해당사항 없음,"매출의 실재성, 국외매출의 기간귀속"
20230315000084,Y,00767460,PI첨단소재,제14기(전기),삼정회계법인,적정,-,2022-12-31,2022,auditor_opinion,해당사항 없음,국외매출 수익인식시점의 적정성
20230315000084,Y,00767460,PI첨단소재,제13기(전전기),삼정회계법인,적정,-,2022-12-31,2022,auditor_opinion,해당사항 없음,국외매출과 관련된 수익의 기간 귀속
20240312000215,Y,00767460,PI첨단소재,제16기(당기),삼일회계법인,적정,-,2023-12-31,2023,auditor_opinion,해당사항 없음,국외매출의 발생사실 및 기간귀속
20240312000215,Y,00767460,PI첨단소재,제15기(전기),삼정회계법인,적정,-,2023-12-31,2023,auditor_opinion,해당사항 없음,"매출의 실재성, 국외매출의 기간귀속"
20240312000215,Y,00767460,PI첨단소재,제14기(전전기),삼정회계법인,적정,-,2023-12-31,2023,auditor_opinion,해당사항 없음,국외매출 수익인식시점의 적정성
20250313000132,Y,00767460,PI첨단소재,제17기(당기),삼일회계법인,적정의견,-,2024-12-31,2024,auditor_opinion,해당사항없음,국외매출의 발생사실 및 기간귀속
20250313000132,Y,00767460,PI첨단소재,제17기(당기),-,,-,2024-12-31,2024,auditor_opinion,,
20250313000132,Y,00767460,PI첨단소재,제16기(전기),삼일회계법인,적정의견,-,2024-12-31,2024,auditor_opinion,해당사항없음,국외매출의 발생사실 및 기간귀속
20250313000132,Y,00767460,PI첨단소재,제16기(전기),-,,-,2024-12-31,2024,auditor_opinion,,
20250313000132,Y,00767460,PI첨단소재,제15기(전전기),삼정회계법인,적정의견,-,2024-12-31,2024,auditor_opinion,해당사항없음,"매출의 실재성, 국외매출의 기간귀속"
20250313000132,Y,00767460,PI첨단소재,제15기(전전기),-,,-,2024-12-31,2024,auditor_opinion,,
20210514001634,Y,00854997,에스디바이오센서,제11기(당기),안진회계법인,적정,-,2020-12-31,2020,auditor_opinion,주1),
20210514001634,Y,00854997,에스디바이오센서,제10기(전기),삼일회계법인,적정,-,2020-12-31,2020,auditor_opinion,주2),
20210514001634,Y,00854997,에스디바이오센서,제9기(전전기),삼일회계법인,적정,-,2020-12-31,2020,auditor_opinion,해당사항 없음,
20250822000031,Y,00854997,에스디바이오센서,제12기(당기),안진회계법인,적정,-,2021-12-31,2021,auditor_opinion,,해외매출의 발생사실
20250822000031,Y,00854997,에스디바이오센서,제11기(전기),안진회계법인,적정,-,2021-12-31,2021,auditor_opinion,주1),
20250822000031,Y,00854997,에스디바이오센서,제10기(전전기),삼일회계법인,적정,-,2021-12-31,2021,auditor_opinion,주2),
20250822000225,Y,00854997,에스디바이오센서,제13기(당기),삼정회계법인,적정,-,2022-12-31,2022,auditor_opinion,주1),해외매출의 실재성
20250822000225,Y,00854997,에스디바이오센서,"제12기
(전기)",안진회계법인,적정,-,2022-12-31,2022,auditor_opinion,,해외매출의 발생사실
20250822000225,Y,00854997,에스디바이오센서,"제11기
(전전기)",안진회계법인,적정,-,2022-12-31,2022,auditor_opinion,주2),
20250822000247,Y,00854997,에스디바이오센서,제14기(당기),삼정회계법인,적정,-,2023-12-31,2023,auditor_opinion,,현금창출단위의 손상평가
20250822000247,Y,00854997,에스디바이오센서,제13기(전기),삼정회계법인,적정,-,2023-12-31,2023,auditor_opinion,,해외매출의 실재성
20250822000247,Y,00854997,에스디바이오센서,제12기(전전기),안진회계법인,적정,-,2023-12-31,2023,auditor_opinion,,해외매출의 발생사실
20250822000274,Y,00854997,에스디바이오센서,"제15기
(당기)",삼정회계법인,적정의견,-,2024-12-31,2024,auditor_opinion,해당사항 없음,현금창출단위의 손상평가
20250822000274,Y,00854997,에스디바이오센서,"제15기
(당기)",삼정회계법인,적정의견,-,2024-12-31,2024,auditor_opinion,해당사항 없음,현금창출단위의 손상평가
20250822000274,Y,00854997,에스디바이오센서,"제14기
(전기)",삼정회계법인,적정의견,-,2024-12-31,2024,auditor_opinion,해당사항 없음,현금창출단위의 손상평가
20250822000274,Y,00854997,에스디바이오센서,"제14기
(전기)",삼정회계법인,적정의견,-,2024-12-31,2024,auditor_opinion,해당사항 없음,현금창출단위의 손상평가
20250822000274,Y,00854997,에스디바이오센서,"제13기
(전전기)",삼정회계법인,적정의견,-,2024-12-31,2024,auditor_opinion,해당사항 없음,해외매출의 실재성
20250822000274,Y,00854997,에스디바이오센서,"제13기
(전전기)",삼정회계법인,적정의견,-,2024-12-31,2024,auditor_opinion,해당사항 없음,해외매출의 실재성
20190329000274,Y,00564562,엠씨넥스,제15기(당기),삼정회계법인,적정,-,2018-12-31,2018,auditor_opinion,,
20190329000274,Y,00564562,엠씨넥스,제14기(전기),이촌회계법인,적정,-,2018-12-31,2018,auditor_opinion,,
20190329000274,Y,00564562,엠씨넥스,제13기(전전기),한영회계법인,적정,-,2018-12-31,2018,auditor_opinion,,
20200330004648,Y,00564562,엠씨넥스,제16기(당기),삼정회계법인,적정,-,2019-12-31,2019,auditor_opinion,,
20200330004648,Y,00564562,엠씨넥스,제15기(전기),삼정회계법인,적정,-,2019-12-31,2019,auditor_opinion,,
20200330004648,Y,00564562,엠씨넥스,제14기(전전기), 이촌회계법인,적정,-,2019-12-31,2019,auditor_opinion,,
20210315000830,Y,00564562,엠씨넥스,제17기(당기),삼정회계법인,적정,-,2020-12-31,2020,auditor_opinion,,
20210315000830,Y,00564562,엠씨넥스,제16기(전기),삼정회계법인,적정,-,2020-12-31,2020,auditor_opinion,,
20210315000830,Y,00564562,엠씨넥스,제15기(전전기),삼정회계법인,적정,-,2020-12-31,2020,auditor_opinion,,
20220315000841,Y,00564562,엠씨넥스,제18기(당기),삼정회계법인,적정,-,2021-12-31,2021,auditor_opinion,,
20220315000841,Y,00564562,엠씨넥스,제17기(전기),삼정회계법인,적정,-,2021-12-31,2021,auditor_opinion,,
20220315000841,Y,00564562,엠씨넥스,제16기(전전기),삼정회계법인,적정,-,2021-12-31,2021,auditor_opinion,,
20230314000700,Y,00564562,엠씨넥스,제19기(당기),삼정회계법인,적정,-,2022-12-31,2022,auditor_opinion,,수익인식 실재성과 기간귀속
20230314000700,Y,00564562,엠씨넥스,제18기(전기),삼정회계법인,적정,-,2022-12-31,2022,auditor_opinion,,수익인식 실재성과 기간귀속
20230314000700,Y,00564562,엠씨넥스,제17기(전전기),삼정회계법인,적정,-,2022-12-31,2022,auditor_opinion,,재고자산평가 손실충당금 평가
20240318000671,Y,00564562,엠씨넥스,제20기(당기),삼정회계법인,적정,-,2023-12-31,2023,auditor_opinion,,제품매출 및 상품매출의 실재성
20240318000671,Y,00564562,엠씨넥스,제19기(전기),삼정회계법인,적정,-,2023-12-31,2023,auditor_opinion,,수익인식 실재성과 기간귀속
20240318000671,Y,00564562,엠씨넥스,제18기(전전기),삼정회계법인,적정,-,2023-12-31,2023,auditor_opinion,,수익인식 실재성과 기간귀속
20250318001032,Y,00564562,엠씨넥스,"제21기
(당기)",삼정회계법인,적정의견,-,2024-12-31,2024,auditor_opinion,,제품매출 및 상품매출의 기간귀속
20250318001032,Y,00564562,엠씨넥스,"제21기
(당기)",삼정회계법인,적정의견,-,2024-12-31,2024,auditor_opinion,,제품매출 및 상품매출의 실재성 
20250318001032,Y,00564562,엠씨넥스,"제20기
(전기)",삼정회계법인,적정의견,-,2024-12-31,2024,auditor_opinion,,제품매출 및 상품매출의 기간귀속
20250318001032,Y,00564562,엠씨넥스,"제20기
(전기)",삼정회계법인,적정의견,-,2024-12-31,2024,auditor_opinion,,제품매출 및 상품매출의 실재성 
20250318001032,Y,00564562,엠씨넥스,"제19기
(전전기)",삼정회계법인,적정의견,-,2024-12-31,2024,auditor_opinion,,제품매출 및 상품매출의 기간귀속
20250318001032,Y,00564562,엠씨넥스,"제19기
(전전기)",삼정회계법인,적정의견,-,2024-12-31,2024,auditor_opinion,,제품매출 및 상품매출의 실재성 
