rcept_no,corp_cls,corp_code,corp_name,bsns_year,adtor,cn,mendng,tot_reqre_time,adt_cntrct_dtls_mendng,adt_cntrct_dtls_time,real_exc_dtls_mendng,real_exc_dtls_time,stlm_dt,query_year,endpoint_label
20250318000466,Y,01649204,달바글로벌,제9기(당기),삼일회계법인,"반기 별도 및 연결재무제표 감사
온기 별도 및 연결재무제표 감사",-,-,"91백만원
130백만원","750시간
1,050시간","91백만원
130백만원","753시간
967시간",2024-12-31,2024,audit_contract
20250318000466,Y,01649204,달바글로벌,제8기(전기),태성회계법인,별도 및 연결재무제표 감사,-,-,30백만원,300시간,70백만원,716시간,2024-12-31,2024,audit_contract
20250318000466,Y,01649204,달바글로벌,제7기(전전기),태성회계법인,별도 재무제표 감사,-,-,30백만원,310시간,30백만원,317시간,2024-12-31,2024,audit_contract
20250320001576,Y,01210677,씨케이솔루션,제21기(당기),인덕회계법인,별도 및 연결 재무제표에 대한 감사,-,-,75,890,75,"1,041",2024-12-31,2024,audit_contract
20250320001576,Y,01210677,씨케이솔루션,제20기(전기),우리회계법인,별도 및 연결 재무제표에 대한 감사,-,-,170,"1,300",230,"1,776",2024-12-31,2024,audit_contract
20250320001576,Y,01210677,씨케이솔루션,제19기(전전기),인덕회계법인,별도 및 연결 재무제표에 대한 감사,-,-,62,754,62,777,2024-12-31,2024,audit_contract
20190401004162,Y,00139834,LG씨엔에스,제32기(당기),안진회계법인,"별도 / 연결 분,반기 검토 및 기말감사",280,"4,326시간",-,-,-,-,2018-12-31,2018,audit_contract
20190401004162,Y,00139834,LG씨엔에스,제31기(전기),안진회계법인,"별도 / 연결 분,반기 검토 및 기말감사",280,"4,038시간",-,-,-,-,2018-12-31,2018,audit_contract
20190401004162,Y,00139834,LG씨엔에스,제30기(전전기),안진회계법인,"별도 / 연결 분,반기 검토 및 기말감사",280,"3,431시간",-,-,-,-,2018-12-31,2018,audit_contract
20200330003747,Y,00139834,LG씨엔에스,제33기(당기),안진회계법인,"별도 / 연결 분,반기 검토 및 기말감사",360,"3,725시간",-,-,-,-,2019-12-31,2019,audit_contract
20200330003747,Y,00139834,LG씨엔에스,제32기(전기),안진회계법인,"별도 / 연결 분,반기 검토 및 기말감사",280,"4,326시간",-,-,-,-,2019-12-31,2019,audit_contract
20200330003747,Y,00139834,LG씨엔에스,제31기(전전기),안진회계법인,"별도 / 연결 분,반기 검토 및 기말감사",280,"4,038시간",-,-,-,-,2019-12-31,2019,audit_contract
20210331001781,Y,00139834,LG씨엔에스,제34기(당기),안진회계법인,"별도 / 연결 분,반기 검토 및 기말감사",-,-,390,"4,200시간",390,"3,824시간",2020-12-31,2020,audit_contract
20210331001781,Y,00139834,LG씨엔에스,제33기(전기),안진회계법인,"별도 / 연결 분,반기 검토 및 기말감사",-,-,360,"4,000시간",360,"3,716시간",2020-12-31,2020,audit_contract
20210331001781,Y,00139834,LG씨엔에스,제32기(전전기),안진회계법인,"별도 / 연결 분,반기 검토 및 기말감사",-,-,280,"3,361시간",280,"4,326시간",2020-12-31,2020,audit_contract
20220405002309,Y,00139834,LG씨엔에스,제35기(당기),안진회계법인,"별도 / 연결 분,반기 검토 및 기말감사",-,-,425,"4,337시간",425,"4,405시간",2021-12-31,2021,audit_contract
20220405002309,Y,00139834,LG씨엔에스,제34기(전기),안진회계법인,"별도 / 연결 분,반기 검토 및 기말감사",-,-,390,"4,200시간",390,"3,824시간",2021-12-31,2021,audit_contract
20220405002309,Y,00139834,LG씨엔에스,제33기(전전기),안진회계법인,"별도 / 연결 분,반기 검토 및 기말감사",-,-,360,"4,000시간",360,"3,716시간",2021-12-31,2021,audit_contract
20230331004072,Y,00139834,LG씨엔에스,제36기(당기),삼일회계법인,"별도/연결 분,반기 검토 및 기말감사",-,-,"1,127백만원","9,800시간","1,127백만원","9,520시간",2022-12-31,2022,audit_contract
20230331004072,Y,00139834,LG씨엔에스,제35기(전기),안진회계법인,"별도/연결 분,반기 검토 및 기말감사",-,-,425백만원,"4,337시간",425백만원,"4,405시간",2022-12-31,2022,audit_contract
20230331004072,Y,00139834,LG씨엔에스,제34기(전전기),안진회계법인,"별도/연결 분,반기 검토 및 기말감사",-,-,390백만원,"4,200시간",390백만원,"3,824시간",2022-12-31,2022,audit_contract
20240401003467,Y,00139834,LG씨엔에스,제37기(당기),삼일회계법인,"별도/연결 분,반기 검토 및 기말감사",-,-,979백만원,"8,900시간",979백만원,"8,715시간",2023-12-31,2023,audit_contract
20240401003467,Y,00139834,LG씨엔에스,제36기(전기),삼일회계법인,"별도/연결 분,반기 검토 및 기말감사",-,-,"1,127백만원","9,800시간","1,127백만원","9,520시간",2023-12-31,2023,audit_contract
20240401003467,Y,00139834,LG씨엔에스,제35기(전전기),안진회계법인,"별도/연결 분,반기 검토 및 기말감사",-,-,425백만원,"4,337시간",425백만원,"4,405시간",2023-12-31,2023,audit_contract
20250311001270,Y,00139834,LG씨엔에스,제38기(당기),삼일회계법인,"별도/연결 분,반기 검토 및 기말감사",-,-,968,"8,795",968,"8,531",2024-12-31,2024,audit_contract
20250311001270,Y,00139834,LG씨엔에스,제37기(전기),삼일회계법인,"별도/연결 분,반기 검토 및 기말감사",-,-,979,"8,900",979,"8,715",2024-12-31,2024,audit_contract
20250311001270,Y,00139834,LG씨엔에스,제36기(전전기),삼일회계법인,"별도/연결 분,반기 검토 및 기말감사",-,-,"1,127","9,800","1,127","9,520",2024-12-31,2024,audit_contract
20250319000653,Y,01519790,엠앤씨솔루션,제5기(당기),이촌회계법인,"기말 재무제표 감사
반기 연결 및 별도 재무제표 지정감사
내부회계관리제도 검토",-,-,312,"2,624",312,"2,621",2024-12-31,2024,audit_contract
20250319000653,Y,01519790,엠앤씨솔루션,제4기(전기),한영회계법인,"기말 연결 및 별도 재무제표 감사
내부회계관리제도 검토",-,-,95,"1,080",95,"1,130",2024-12-31,2024,audit_contract
20250319000653,Y,01519790,엠앤씨솔루션,제3기(전전기),한영회계법인,"기말 연결 및 별도 재무제표 감사
내부회계관리제도 검토",-,-,95,"1,080",95,"1,128",2024-12-31,2024,audit_contract
20250320000574,Y,00968607,더본코리아,제31기(당기),삼일회계법인,"재무제표 감사
내부회계관리제도에 대한 감사",-,-,220,"1,690",220,"1,634",2024-12-31,2024,audit_contract
20250320000574,Y,00968607,더본코리아,제30기(전기),삼정회계법인,재무제표 감사,-,-,150,"1,250",150,"1,397",2024-12-31,2024,audit_contract
20250320000574,Y,00968607,더본코리아,제29기(전전기),참회계법인,재무제표 감사,-,-,110,984,110,"1,075",2024-12-31,2024,audit_contract
20250317000812,Y,01867758,한화비전,제1기(당기),삼일회계법인,"- 별도 및 연결 분/반기 재무제표에 대한 감사- 별도 및 연결 재무제표에 대한 감사
- 내부회계관리제도에 대한 감사",-,-,130,"1,200",60,"1,137",2024-12-31,2024,audit_contract
20250317000812,Y,01867758,한화비전,-,-,-,-,-,-,-,-,-,2024-12-31,2024,audit_contract
20250317000812,Y,01867758,한화비전,-,-,-,-,-,-,-,-,-,2024-12-31,2024,audit_contract
20250317000567,Y,00372129,전진건설로봇,제26기(당기),삼일회계법인,"기말 연결 및 별도 재무제표 감사
분기 연결 및 별도 재무제표 검토
 내부회계관리제도 감사",-,-,165,"1,290",165,1227,2024-12-31,2024,audit_contract
20250317000567,Y,00372129,전진건설로봇,제25기(전기),삼일회계법인,"기말 연결 및 별도 재무제표 감사
 내부회계관리제도 검토",-,-,127,"1,000",127,949,2024-12-31,2024,audit_contract
20250317000567,Y,00372129,전진건설로봇,제24기(전전기),삼정회계법인,"기말 연결 및 별도 재무제표 감사
 내부회계관리제도 검토",-,-,127,"1,087",127,"1,082",2024-12-31,2024,audit_contract
20250328001583,Y,00366438,산일전기,-,-,-,-,-,-,-,-,-,2024-12-31,2024,audit_contract
20250328001583,Y,00366438,산일전기,-,-,-,-,-,-,-,-,-,2024-12-31,2024,audit_contract
20250328001583,Y,00366438,산일전기,-,-,-,-,-,-,-,-,-,2024-12-31,2024,audit_contract
20250319000952,Y,01384787,시프트업,제12기 (당기),한영회계법인,"- 기말 재무제표 감사
- 내부회계관리제도 감사",-,-,150,"1,320",150,"1,543",2024-12-31,2024,audit_contract
20250319000952,Y,01384787,시프트업,제11기(전기),삼정회계법인,"- 3분기 재무제표 감사
- 기말 재무제표 감사",-,-,290,"1,650",290,"1,276",2024-12-31,2024,audit_contract
20250319000952,Y,01384787,시프트업,제10기(전전기),한성회계법인,- 기말 재무제표 감사,-,-,20,250,20,424,2024-12-31,2024,audit_contract
20190329004010,Y,00171265,파라다이스,제48기 (당기),삼일회계법인,"분기ㆍ반기재무제표 검토, 
개별ㆍ연결재무제표 감사","270,000 ","2,979시간",-,-,-,-,2018-12-31,2018,audit_contract
20190329004010,Y,00171265,파라다이스,제47기 (전기),삼일회계법인,"분기ㆍ반기재무제표 검토, 
개별ㆍ연결재무제표 감사","240,000","3,159시간",-,-,-,-,2018-12-31,2018,audit_contract
20190329004010,Y,00171265,파라다이스,제46기 (전전기),삼일회계법인,"분기ㆍ반기재무제표 검토, 
개별ㆍ연결재무제표 감사","240,000 ","2,724시간",-,-,-,-,2018-12-31,2018,audit_contract
20200330001372,Y,00171265,파라다이스,제49기(당기),삼일회계법인,"분기ㆍ반기재무제표 검토, 
개별ㆍ연결재무제표 감사","290,000","3,499시간",-,-,-,-,2019-12-31,2019,audit_contract
20200330001372,Y,00171265,파라다이스,제48기(전기),삼일회계법인,"분기ㆍ반기재무제표 검토, 
개별ㆍ연결재무제표 감사","270,000","2,979시간",-,-,-,-,2019-12-31,2019,audit_contract
20200330001372,Y,00171265,파라다이스,제47기(전전기),삼일회계법인,"분기ㆍ반기재무제표 검토, 
개별ㆍ연결재무제표 감사","240,000","3,159시간",-,-,-,-,2019-12-31,2019,audit_contract
20210419000082,Y,00171265,파라다이스,제50기(당기),삼일회계법인,"분기ㆍ반기재무제표 검토, 
개별ㆍ연결재무제표 감사",-,-,"540,000","5,400시간","540,000","5,420시간",2020-12-31,2020,audit_contract
20210419000082,Y,00171265,파라다이스,제49기(전기),삼일회계법인,"분기ㆍ반기재무제표 검토, 
개별ㆍ연결재무제표 감사",-,-,"290,000","3,499시간","320,000","3,499시간",2020-12-31,2020,audit_contract
20210419000082,Y,00171265,파라다이스,제48기(전전기),삼일회계법인,"분기ㆍ반기재무제표 검토, 
개별ㆍ연결재무제표 감사",-,-,"270,000","2,979시간","270,000","2,979시간",2020-12-31,2020,audit_contract
20220317001345,Y,00171265,파라다이스,제51기(당기),삼일회계법인,"분기ㆍ반기재무제표 검토, 
개별ㆍ연결재무제표 감사",-,-,"500,000","5,400시간","500,000","4,665시간",2021-12-31,2021,audit_contract
20220317001345,Y,00171265,파라다이스,제50기(전기),삼일회계법인,"분기ㆍ반기재무제표 검토, 
개별ㆍ연결재무제표 감사",-,-,"540,000","5,400시간","540,000","5,420시간",2021-12-31,2021,audit_contract
20220317001345,Y,00171265,파라다이스,제49기(전전기),삼일회계법인,"분기ㆍ반기재무제표 검토, 
개별ㆍ연결재무제표 감사",-,-,"290,000","3,499시간","320,000","3,499시간",2021-12-31,2021,audit_contract
20230316001131,Y,00171265,파라다이스,제52기(당기),삼덕회계법인,"분기ㆍ반기재무제표 검토, 개별ㆍ연결재무제표 감사",-,-,"500,000","5,000","500,000","4,740",2022-12-31,2022,audit_contract
20230316001131,Y,00171265,파라다이스,제51기(전기),삼일회계법인,"분기ㆍ반기재무제표 검토, 개별ㆍ연결재무제표 감사",-,-,"500,000","5,400","500,000","4,665",2022-12-31,2022,audit_contract
20230316001131,Y,00171265,파라다이스,제50기(전전기),삼일회계법인,"분기ㆍ반기재무제표 검토, 개별ㆍ연결재무제표 감사",-,-,"540,000","5,400","540,000","5,420",2022-12-31,2022,audit_contract
20240314000746,Y,00171265,파라다이스,제53기(당기),삼덕회계법인,"분기ㆍ반기재무제표 검토, 개별ㆍ연결재무제표 감사",-,-,"500,000","5,000","500,000","4,340",2023-12-31,2023,audit_contract
20240314000746,Y,00171265,파라다이스,제52기(전기),삼덕회계법인,"분기ㆍ반기재무제표 검토, 개별ㆍ연결재무제표 감사",-,-,"500,000","5,000","500,000","4,740",2023-12-31,2023,audit_contract
20240314000746,Y,00171265,파라다이스,제51기(전전기),삼일회계법인,"분기ㆍ반기재무제표 검토, 개별ㆍ연결재무제표 감사",-,-,"500,000","5,400","500,000","4,665",2023-12-31,2023,audit_contract
20250415000021,Y,00171265,파라다이스,제54기(당기),삼덕회계법인,"분기ㆍ반기재무제표 검토, 개별ㆍ연결재무제표 감사",-,-,"500,000","5,000","500,000","4,558",2024-12-31,2024,audit_contract
20250415000021,Y,00171265,파라다이스,제53기(전기),삼덕회계법인,"분기ㆍ반기재무제표 검토, 개별ㆍ연결재무제표 감사",-,-,"500,000","5,000","500,000","4,340",2024-12-31,2024,audit_contract
20250415000021,Y,00171265,파라다이스,제52기(전전기),삼덕회계법인,"분기ㆍ반기재무제표 검토, 개별ㆍ연결재무제표 감사",-,-,"500,000","5,000","500,000","4,740",2024-12-31,2024,audit_contract
20250509000499,Y,01194689,HD현대마린솔루션,제9기(당기),삼일회계법인,"연결.별도재무제표 분반기 검토
기말 연결.별도재무제표 감사
내부회계관리제도 감사",-,-,300,"2,500",300,"2,601",2024-12-31,2024,audit_contract
20250509000499,Y,01194689,HD현대마린솔루션,"제8기(전기)
3분기 및 연간",삼일회계법인,"3분기 연결.별도재무제표 감사
기말 연결.별도재무제표 감사",-,-,300,"2,600",300,"2,554",2024-12-31,2024,audit_contract
20250509000499,Y,01194689,HD현대마린솔루션,제7기(전전기),삼정회계법인,기말 연결.별도재무제표 감사,-,-,121,"1,214",121,"1,189",2024-12-31,2024,audit_contract
20250317000875,Y,01817081,SK이터닉스,제1기(당기),삼정회계법인,"기초잔액 검토1분기 별도, 연결재무제표 등에 대한 검토
반기 별도, 연결재무제표 등에 대한 검토3분기 별도, 연결재무제표 등에 대한 검토
제1기 별도, 연결재무제표 등에 대한 검토",-,-,230,"2,300",190,"2,251",2024-12-31,2024,audit_contract
20250317000875,Y,01817081,SK이터닉스,-,-,-,-,-,-,-,-,-,2024-12-31,2024,audit_contract
20250317000875,Y,01817081,SK이터닉스,-,-,-,-,-,-,-,-,-,2024-12-31,2024,audit_contract
20200924000286,Y,01190568,에이피알,제 5 기(당기),"삼일회계법인
한영회계법인","재무제표 감사
반기 재무제표 검토","90,000,000
30,000,000","613
-",-,-,-,-,2018-12-31,2018,audit_contract
20200924000286,Y,01190568,에이피알,제 4 기(전기),한영회계법인,재무제표 감사,"25,000,000",327,-,-,-,-,2018-12-31,2018,audit_contract
20200924000286,Y,01190568,에이피알,제 3 기(전전기),한영회계법인,재무제표 감사,"30,000,000",337,-,-,-,-,2018-12-31,2018,audit_contract
20200924000296,Y,01190568,에이피알,제6기(당기),삼일회계법인,재무제표 감사,110,"1,762",-,-,-,-,2019-12-31,2019,audit_contract
20200924000296,Y,01190568,에이피알,제5기(전기),"삼일회계법인
한영회계법인","재무제표 감사
반기 재무제표 검토","90
30","613
-",-,-,-,-,2019-12-31,2019,audit_contract
20200924000296,Y,01190568,에이피알,제4기(전전기),한영회계법인,재무제표 감사,25,327,-,-,-,-,2019-12-31,2019,audit_contract
20210331000895,Y,01190568,에이피알,제7기(당기),현대회계법인,"연결재무제표 감사
재무제표 감사",-,-,70,920,70,"1,227",2020-12-31,2020,audit_contract
20210331000895,Y,01190568,에이피알,제6기(전기),삼일회계법인,"연결재무제표 감사
재무제표 감사",-,-,110,-,110,"1,762",2020-12-31,2020,audit_contract
20210331000895,Y,01190568,에이피알,제5기(전전기),"삼일회계법인
한영회계법인","재무제표 감사
반기 재무제표 검토",-,-,9030,"-
-",9030,"613
-",2020-12-31,2020,audit_contract
20220331002148,Y,01190568,에이피알,제8기(당기),현대회계법인,"연결재무제표 감사
재무제표 감사",-,-,100,"1,238",100,"1,512",2021-12-31,2021,audit_contract
20220331002148,Y,01190568,에이피알,제7기(전기),현대회계법인,"연결재무제표 감사
재무제표 감사",-,-,70,920,70,"1,227",2021-12-31,2021,audit_contract
20220331002148,Y,01190568,에이피알,제6기(전전기),삼일회계법인,"연결재무제표 감사
재무제표 감사",-,-,110,-,110,"1,762",2021-12-31,2021,audit_contract
20230329001036,Y,01190568,에이피알,제9기(당기),현대회계법인,"연결재무제표 감사
재무제표 감사",-,-,112,"1,239",112,"1,293",2022-12-31,2022,audit_contract
20230329001036,Y,01190568,에이피알,제8기(전기),현대회계법인,"연결재무제표 감사
재무제표 감사",-,-,100,"1,238",100,"1,512",2022-12-31,2022,audit_contract
20230329001036,Y,01190568,에이피알,제7기(전전기),현대회계법인,"연결재무제표 감사
재무제표 감사",-,-,70,920,70,"1,227",2022-12-31,2022,audit_contract
20240321000964,Y,01190568,에이피알,제10기(당기),안진회계법인,"반기/3분기 별도ㆍ연결 재무제표 검토
별도ㆍ연결재무제표 감사 및 내부회계관리제도 검토",-,-,586,"4,560",586,"4,800",2023-12-31,2023,audit_contract
20240321000964,Y,01190568,에이피알,제9기(전기),현대회계법인,"연결재무제표 감사
재무제표 감사",-,-,112,"1,239",112,"1,293",2023-12-31,2023,audit_contract
20240321000964,Y,01190568,에이피알,제8기(전전기),현대회계법인,"연결재무제표 감사
재무제표 감사",-,-,100,"1,238",100,"1,512",2023-12-31,2023,audit_contract
20250321001576,Y,01190568,에이피알,제11기(당기),현대회계법인,"별도 및 연결 재무제표 감사
반기 별도
 및 연결 재무제표 검토
내부회계관리제도 검토",-,-,180,"1,805",180,"1,844",2024-12-31,2024,audit_contract
20250321001576,Y,01190568,에이피알,제10기(전기),안진회계법인,"별도 및 연결 재무제표 감사
반기/3분기 별도
 및 연결 재무제표 검토
내부회계관리제도 검토",-,-,586,"4,560",586,4800,2024-12-31,2024,audit_contract
20250321001576,Y,01190568,에이피알,제9기(전전기),현대회계법인,"별도 및 연결 재무제표 감사

반기 별도 및 연결 재무제표 검토

내부회계관리제도 검토",-,-,112,"1,239",112,"1,293",2024-12-31,2024,audit_contract
20190329003209,Y,00398701,엘앤에프,제19기(당기),경신회계법인,"반기검토, 중간감사, 재고실사, 기말감사",80백만원,"1,070시간",-,-,-,-,2018-12-31,2018,audit_contract
20190329003209,Y,00398701,엘앤에프,제18기(전기),삼일회계법인,"반기검토, 중간감사, 재고실사, 기말감사",204백만원,"1,700시간",-,-,-,-,2018-12-31,2018,audit_contract
20190329003209,Y,00398701,엘앤에프,제17기(전전기),안경회계법인,"반기검토, 중간감사, 재고실사, 기말감사",74백만원,866시간,-,-,-,-,2018-12-31,2018,audit_contract
20200326000817,Y,00398701,엘앤에프,제20기(당기),선일회계법인,"반기검토, 중간감사, 재고실사, 기말감사",100백만원,"1,380시간",-,-,-,-,2019-12-31,2019,audit_contract
20200326000817,Y,00398701,엘앤에프,제19기(전기),경신회계법인,"반기검토, 중간감사, 재고실사, 기말감사",80백만원,"1,070시간",-,-,-,-,2019-12-31,2019,audit_contract
20200326000817,Y,00398701,엘앤에프,제18기(전전기),삼일회계법인,"반기검토, 중간감사, 재고실사, 기말감사",204백만원,"1,700시간",-,-,-,-,2019-12-31,2019,audit_contract
20210309000400,Y,00398701,엘앤에프,제21기(당기),선일회계법인,"반기검토, 중간감사, 재고실사, 기말감사",-,-,120백만원,"1,500시간",120백만원,"1,571시간",2020-12-31,2020,audit_contract
20210309000400,Y,00398701,엘앤에프,제20기(전기),선일회계법인,"반기검토, 중간감사, 재고실사, 기말감사",-,-,100백만원,"1,200시간",100백만원,"1,380시간",2020-12-31,2020,audit_contract
20210309000400,Y,00398701,엘앤에프,제19기(전전기),경신회계법인,"반기검토, 중간감사, 재고실사, 기말감사",-,-,80백만원,"1,000시간",80백만원,"1,070시간",2020-12-31,2020,audit_contract
20220315000434,Y,00398701,엘앤에프,제22기(당기),선일회계법인,"반기검토, 중간감사, 재고실사, 기말감사",-,-,130백만원,"1,500시간",130백만원,"1,616시간",2021-12-31,2021,audit_contract
20220315000434,Y,00398701,엘앤에프,제21기(전기),선일회계법인,"반기검토, 중간감사, 재고실사, 기말감사",-,-,120백만원,"1,500시간",120백만원,"1,571시간",2021-12-31,2021,audit_contract
20220315000434,Y,00398701,엘앤에프,제20기(전전기),선일회계법인,"반기검토, 중간감사, 재고실사, 기말감사",-,-,100백만원,"1,200시간",100백만원,"1,380시간",2021-12-31,2021,audit_contract
20230828000596,Y,00398701,엘앤에프,제23기(당기),선일회계법인,"반기검토, 중간감사, 재고실사, 기말감사",-,-,250백만원,"3,430시간",250백만원,"3,191시간",2022-12-31,2022,audit_contract
20230828000596,Y,00398701,엘앤에프,제22기(전기),선일회계법인,"반기검토, 중간감사, 재고실사, 기말감사",-,-,130백만원,"1,500시간",130백만원,"1,616시간",2022-12-31,2022,audit_contract
20230828000596,Y,00398701,엘앤에프,제21기(전전기),선일회계법인,"반기검토, 중간감사, 재고실사, 기말감사",-,-,120백만원,"1,500시간",120백만원,"1,571시간",2022-12-31,2022,audit_contract
20240328001260,Y,00398701,엘앤에프,제24기(당기),선일회계법인,"반기검토, 중간감사, 재고실사, 기말감사",-,-,380백만원,"5,016시간",380백만원,"4,928시간",2023-12-31,2023,audit_contract
20240328001260,Y,00398701,엘앤에프,제23기(전기),선일회계법인,"반기검토, 중간감사, 재고실사, 기말감사",-,-,250백만원,"3,430시간",250백만원,"3,191시간",2023-12-31,2023,audit_contract
20240328001260,Y,00398701,엘앤에프,제22기(전전기),선일회계법인,"반기검토, 중간감사, 재고실사, 기말감사",-,-,130백만원,"1,500시간",130백만원,"1,616시간",2023-12-31,2023,audit_contract
20250311001260,Y,00398701,엘앤에프,제25기(당기),선일회계법인,"반기검토, 중간감사, 재고실사, 기말감사",-,-,410백만원,"5,269시간",410백만원,"5,275시간",2024-12-31,2024,audit_contract
20250311001260,Y,00398701,엘앤에프,제24기(전기),선일회계법인,"반기검토, 중간감사, 재고실사, 기말감사",-,-,380백만원,"5,016시간",380백만원,"4,928시간",2024-12-31,2024,audit_contract
20250311001260,Y,00398701,엘앤에프,제23기(전전기),선일회계법인,"반기검토, 중간감사, 재고실사, 기말감사",-,-,250백만원,"3,430시간",250백만원,"3,191시간",2024-12-31,2024,audit_contract
20190329003165,Y,00155212,포스코DX,제30기(당기),한영회계법인,"분기,반기,년도 회계감사(별도/연결), 내부통제",405백만원,"4,389시간",-,-,-,-,2018-12-31,2018,audit_contract
20190329003165,Y,00155212,포스코DX,제29기(전기),한영회계법인,"분기,반기,년도 회계감사(별도/연결), 내부통제",405백만원,"4,236시간",-,-,-,-,2018-12-31,2018,audit_contract
20190329003165,Y,00155212,포스코DX,제28기(전전기),삼일회계법인,"분기,반기,년도 회계감사(별도/연결), 내부통제",425백만원,"4,012시간",-,-,-,-,2018-12-31,2018,audit_contract
20200325000784,Y,00155212,포스코DX,제31기(당기),한영회계법인,"분기,반기,년도 회계감사(별도/연결), 내부통제",390백만원,"4,431시간",-,-,-,-,2019-12-31,2019,audit_contract
20200325000784,Y,00155212,포스코DX,제30기(전기),한영회계법인,"분기,반기,년도 회계감사(별도/연결), 내부통제",405백만원,"4,389시간",-,-,-,-,2019-12-31,2019,audit_contract
20200325000784,Y,00155212,포스코DX,제29기(전전기),한영회계법인,"분기,반기,년도 회계감사(별도/연결), 내부통제",405백만원,"4,236시간",-,-,-,-,2019-12-31,2019,audit_contract
20210305000693,Y,00155212,포스코DX,제32기(당기),삼정회계법인,"분기,반기,년도 회계감사(별도/연결), 내부통제",-,-,520백만원,"5,706시간",520백만원,"5,971시간",2020-12-31,2020,audit_contract
20210305000693,Y,00155212,포스코DX,제31기(전기),한영회계법인,"분기,반기,년도 회계감사(별도/연결), 내부통제",-,-,390백만원,"4,500시간",390백만원,"4,431시간",2020-12-31,2020,audit_contract
20210305000693,Y,00155212,포스코DX,제30기(전전기),한영회계법인,"분기,반기,년도 회계감사(별도/연결), 내부통제",-,-,405백만원,"4,500시간",405백만원,"4,389시간",2020-12-31,2020,audit_contract
20220504000292,Y,00155212,포스코DX,제33기(당기),삼정회계법인,"분기,반기,년도 회계감사(별도/연결), 내부통제",-,-,539백만원,"5,982시간",539백만원,"5,976시간",2021-12-31,2021,audit_contract
20220504000292,Y,00155212,포스코DX,제32기(전기),삼정회계법인,"분기,반기,년도 회계감사(별도/연결), 내부통제",-,-,520백만원,"5,706시간",520백만원,"5,971시간",2021-12-31,2021,audit_contract
20220504000292,Y,00155212,포스코DX,제31기(전전기),한영회계법인,"분기,반기,년도 회계감사(별도/연결), 내부통제",-,-,390백만원,"4,500시간",390백만원,"4,431시간",2021-12-31,2021,audit_contract
20230310000806,Y,00155212,포스코DX,제34기(당기),삼정회계법인,"분기,반기,년도 회계감사(별도/연결), 내부통제",-,-,555백만원,"6,203시간",555백만원,"5,790시간",2022-12-31,2022,audit_contract
20230310000806,Y,00155212,포스코DX,제33기(전기),삼정회계법인,"분기,반기,년도 회계감사(별도/연결), 내부통제",-,-,539백만원,"5,982시간",539백만원,"5,976시간",2022-12-31,2022,audit_contract
20230310000806,Y,00155212,포스코DX,제32기(전전기),삼정회계법인,"분기,반기,년도 회계감사(별도/연결), 내부통제",-,-,520백만원,"5,706시간",520백만원,"5,971시간",2022-12-31,2022,audit_contract
20240618000197,Y,00155212,포스코DX,제35기(당기),삼정회계법인,"분기,반기,년도 회계감사(별도/연결), 내부통제",-,-,599백만원,"5,842시간",599백만원,"5,642시간",2023-12-31,2023,audit_contract
20240618000197,Y,00155212,포스코DX,제34기(전기),삼정회계법인,"분기,반기,년도 회계감사(별도/연결), 내부통제",-,-,555백만원,"6,203시간",555백만원,"5,790시간",2023-12-31,2023,audit_contract
20240618000197,Y,00155212,포스코DX,제33기(전전기),삼정회계법인,"분기,반기,년도 회계감사(별도/연결), 내부통제",-,-,539백만원,"5,982시간",539백만원,"5,976시간",2023-12-31,2023,audit_contract
20250314001261,Y,00155212,포스코DX,제36기(2024년),한영회계법인,"분기,반기,년도 회계감사(별도/연결), 내부통제",-,-,661,"5,800",661,"5,706",2024-12-31,2024,audit_contract
20250314001261,Y,00155212,포스코DX,제35기(2023년),삼정회계법인,"분기,반기,년도 회계감사(별도/연결), 내부통제",-,-,599,"5,842",599,"5,642",2024-12-31,2024,audit_contract
20250314001261,Y,00155212,포스코DX,제34기(2022년),삼정회계법인,"분기,반기,년도 회계감사(별도/연결), 내부통제",-,-,555,"6,203",555,"5,790",2024-12-31,2024,audit_contract
20240320000618,Y,00108612,DS단석,제40기(당기),회계법인리안,"분반기 연결.별도재무제표 검토
기말 연결.별도재무제표 감사",-,-,"632,000천원 ","3,951 ","632,000천원 ","3,891 ",2023-12-31,2023,audit_contract
20240320000618,Y,00108612,DS단석,제39기(전기),회계법인리안,기말 연결.별도재무제표 감사,-,-,"345,000천원 ","2,298 ","345,000천원 ","2,092,",2023-12-31,2023,audit_contract
20240320000618,Y,00108612,DS단석,제38기(전전기),대현회계법인,기말 연결.별도재무제표 감사,-,-,"100,000천원 ",962 ,"118,000천원 ","1,028 ",2023-12-31,2023,audit_contract
20250321001800,Y,00108612,DS단석,제41기(당기),회계법인리안,"분반기 연결.별도재무제표 검토
기말 연결.별도재무제표 감사",-,-,"750,000천원","4,689","750,000천원","4,703",2024-12-31,2024,audit_contract
20250321001800,Y,00108612,DS단석,제40기(전기),회계법인리안,"분반기 연결.별도재무제표 검토
기말 연결.별도재무제표 감사",-,-,"632,000천원","3,951","632,000천원","3,891",2024-12-31,2024,audit_contract
20250321001800,Y,00108612,DS단석,제39기(전전기),회계법인리안,기말 연결.별도재무제표 감사,-,-,"345,000천원","2,298","345,000천원","2,092",2024-12-31,2024,audit_contract
20240321000011,Y,00367710,동인기연,제32기(당기),안진회계법인,"(별도)반기검토기말감사(연결)반기검토기말감사
내부회계감사",-,-,"295,000","2,547","295,000","2,643",2023-12-31,2023,audit_contract
20240321000011,Y,00367710,동인기연,제31기(전기),안진회계법인,별도기말감사연결기말감사,-,-,"220,000","1,695","320,000","2,899",2023-12-31,2023,audit_contract
20240321000011,Y,00367710,동인기연,제30기(전전기),이정회계법인,별도기말감사,-,-,"50,000",400,"50,000",454,2023-12-31,2023,audit_contract
20250320001366,Y,00367710,동인기연,제 33기 (당기),안진회계법인,"(별도)반기검토
기말감사(연결)반기검토기말감사
내부회계감사",-,-,"250,000","2,205","250,000","2,274",2024-12-31,2024,audit_contract
20250320001366,Y,00367710,동인기연,제32기(전기),안진회계법인,"(별도)반기검토기말감사(연결)반기검토기말감사
내부회계감사",-,-,"295,000","2,547","295,000","2,643",2024-12-31,2024,audit_contract
20250320001366,Y,00367710,동인기연,제31기(전전기),안진회계법인,"(별도)반기검토기말감사(연결)반기검토기말감사
내부회계감사",-,-,"220,000","1,695","320,000","2,899",2024-12-31,2024,audit_contract
20230321001386,Y,01311408,에코프로머티,제6기(당기),대주회계법인,"분반기 검토, 연 감사 등(연결 및 개별)",-,-,100,800,100,831,2022-12-31,2022,audit_contract
20230321001386,Y,01311408,에코프로머티,제5기(전기),삼일회계법인,"분반기 검토, 연 감사 등(연결 및 개별)",-,-,55,530,55,533,2022-12-31,2022,audit_contract
20230321001386,Y,01311408,에코프로머티,제4기(전전기),삼일회계법인,"분반기 검토, 연 감사 등(연결 및 개별)",-,-,50,520,50,607,2022-12-31,2022,audit_contract
20240417000528,Y,01311408,에코프로머티,제7기(당기),대주회계법인,"분반기
검토,
연
감사 등
(개별)",-,-,190,"1,300",190,"1,418",2023-12-31,2023,audit_contract
20240417000528,Y,01311408,에코프로머티,제6기(전기),대주회계법인,"분반기 검토, 연 감사 등(개별)",-,-,100,800,100,831,2023-12-31,2023,audit_contract
20240417000528,Y,01311408,에코프로머티,제5기(전전기),삼일회계법인,"분반기 검토, 연 감사 등(개별)",-,-,55,530,55,533,2023-12-31,2023,audit_contract
20250402002504,Y,01311408,에코프로머티,"제8기
(당기)",대주회계법인,"분반기 검토, 연 감사 등(연결 및 개별)",-,-,260,"2,200",260,"2,141",2024-12-31,2024,audit_contract
20250402002504,Y,01311408,에코프로머티,"제7기
(전기)",대주회계법인,"분반기 검토, 연 감사 등(연결 및 개별)",-,-,190,"1,300",190,"1,418",2024-12-31,2024,audit_contract
20250402002504,Y,01311408,에코프로머티,"제6기
(전전기)",대주회계법인,"분반기 검토, 연 감사 등(연결 및 개별)",-,-,100,800,100,831,2024-12-31,2024,audit_contract
20240320001860,Y,01105153,두산로보틱스,-,-,-,-,-,-,-,-,-,2023-12-31,2023,audit_contract
20240320001860,Y,01105153,두산로보틱스,-,-,-,-,-,-,-,-,-,2023-12-31,2023,audit_contract
20240320001860,Y,01105153,두산로보틱스,-,-,-,-,-,-,-,-,-,2023-12-31,2023,audit_contract
20250321001817,Y,01105153,두산로보틱스,-,-,-,-,-,-,-,-,-,2024-12-31,2024,audit_contract
20250321001817,Y,01105153,두산로보틱스,-,-,-,-,-,-,-,-,-,2024-12-31,2024,audit_contract
20250321001817,Y,01105153,두산로보틱스,-,-,-,-,-,-,-,-,-,2024-12-31,2024,audit_contract
20240321001878,Y,01784394,STX그린로지스,제1기(당기),삼정KPMG,"당기 재무제표 검토

별도 및 연결 재무제표에 대한 감사
내부회계관리제도 감사",-,-,50,470,50,749,2023-12-31,2023,audit_contract
20240321001878,Y,01784394,STX그린로지스,제0기(전기),-,-,-,-,-,-,-,-,2023-12-31,2023,audit_contract
20240321001878,Y,01784394,STX그린로지스,제0기(전전기),-,-,-,-,-,-,-,-,2023-12-31,2023,audit_contract
20250320001570,Y,01784394,STX그린로지스,제2기(당기),삼정KPMG,"- 중간기간 재무제표 검토
- 연결 및 별도 재무제표감사
- 내부회계제도 감사",-,-,130,"1,300",130,"1,253",2024-12-31,2024,audit_contract
20250320001570,Y,01784394,STX그린로지스,제1기(전기),삼정KPMG,"- 중간기간 재무제표 검토
- 연결 및 별도 재무제표감사
- 내부회계제도 감사",-,-,50,470,50,749,2024-12-31,2024,audit_contract
20250320001570,Y,01784394,STX그린로지스,-,-,-,-,-,-,-,-,-,2024-12-31,2024,audit_contract
20240321001898,Y,00220613,넥스틸,제34기(당기),동현회계법인,"분기, 연간 별도,연결재무제표 검토, 내부회계관리제도 검토",-,-,"160,000,000 ",-,"160,000,000","1,443",2023-12-31,2023,audit_contract
20240321001898,Y,00220613,넥스틸,제33기(전기),삼일회계법인,"연간 별도, 연결재무제표, 내부회계관리제도 검토",-,-,"208,000,000 ","1,600 ","278,000,000 ","2,178",2023-12-31,2023,audit_contract
20240321001898,Y,00220613,넥스틸,제32기(전전기),회계법인 세진,"연간 별도재무제표, 내부회계관리제도 검토",-,-,"120,000,000 ",-,"120,000,000 ",592,2023-12-31,2023,audit_contract
20250331002907,Y,00220613,넥스틸,제35기(당기),성현회계법인,"분기, 연간 별도,연결재무제표 검토, 내부회계관리제도 검토",-,-,150,"2,000",150,"1,798",2024-12-31,2024,audit_contract
20250331002907,Y,00220613,넥스틸,제34기(전기),동현회계법인,"분기, 연간 별도,연결재무제표 검토, 내부회계관리제도 검토",-,-,160,-,160,"1,443",2024-12-31,2024,audit_contract
20250331002907,Y,00220613,넥스틸,제33기(전전기),삼일회계법인,"연간 별도, 연결재무제표, 내부회계관리제도 검토",-,-,208,"1,600",278,"2,178",2024-12-31,2024,audit_contract
20190329002018,Y,00158325,NICE평가정보,제35기(당기),삼정회계법인,회계감사 및 검토(내부회계 검토 포함),"87,000","1,843",-,-,-,-,2018-12-31,2018,audit_contract
20190329002018,Y,00158325,NICE평가정보,제34기(전기),삼정회계법인,회계감사 및 검토(내부회계 검토 포함),"83,000","1,263",-,-,-,-,2018-12-31,2018,audit_contract
20190329002018,Y,00158325,NICE평가정보,제33기(전전기),안진회계법인,회계감사 및 검토(내부회계 검토 포함),"83,000","1,794",-,-,-,-,2018-12-31,2018,audit_contract
20200330001709,Y,00158325,NICE평가정보,제36기(당기),삼정회계법인,회계감사 및 검토(내부회계 검토 포함),"145,000","2,418",-,-,-,-,2019-12-31,2019,audit_contract
20200330001709,Y,00158325,NICE평가정보,제35기(전기),삼정회계법인,회계감사 및 검토(내부회계 검토 포함),"87,000","1,843",-,-,-,-,2019-12-31,2019,audit_contract
20200330001709,Y,00158325,NICE평가정보,제34기(전전기),삼정회계법인,회계감사 및 검토(내부회계 검토 포함),"83,000","1,263",-,-,-,-,2019-12-31,2019,audit_contract
20210317000949,Y,00158325,NICE평가정보,제37기(당기),삼정회계법인,회계감사 및 검토(내부회계 검토 포함),-,-,"164,000",-,"164,000","2,162",2020-12-31,2020,audit_contract
20210317000949,Y,00158325,NICE평가정보,제36기(전기),삼정회계법인,회계감사 및 검토(내부회계 검토 포함),-,-,"145,000",-,"145,000","2,418",2020-12-31,2020,audit_contract
20210317000949,Y,00158325,NICE평가정보,제35기(전전기),삼정회계법인,회계감사 및 검토(내부회계 검토 포함),-,-,"87,000",-,"87,000","1,843",2020-12-31,2020,audit_contract
20220318000520,Y,00158325,NICE평가정보,제38기(당기),삼정회계법인,회계감사 및 검토(내부회계 검토 포함),-,-,"186,000",-,"186,000","2,425",2021-12-31,2021,audit_contract
20220318000520,Y,00158325,NICE평가정보,제37기(전기),삼정회계법인,회계감사 및 검토(내부회계 검토 포함),-,-,"164,000",-,"164,000","2,162",2021-12-31,2021,audit_contract
20220318000520,Y,00158325,NICE평가정보,제36기(전전기),삼정회계법인,회계감사 및 검토(내부회계 검토 포함),-,-,"145,000",-,"145,000","2,418",2021-12-31,2021,audit_contract
20230317000824,Y,00158325,NICE평가정보,제39기(당기),한영회계법인,회계감사 및 검토(내부회계 감사 포함),-,-,"303,000","2,526","303,000","2,749",2022-12-31,2022,audit_contract
20230317000824,Y,00158325,NICE평가정보,제38기(전기),삼정회계법인,회계감사 및 검토(내부회계 검토 포함),-,-,"186,000","1,860","186,000","2,425",2022-12-31,2022,audit_contract
20230317000824,Y,00158325,NICE평가정보,제37기(전전기),삼정회계법인,회계감사 및 검토(내부회계 검토 포함),-,-,"164,000","1,850","164,000","2,162",2022-12-31,2022,audit_contract
20240319000797,Y,00158325,NICE평가정보,제40기(당기),한영회계법인,회계감사 및 검토(내부회계 감사 포함),-,-,"315,000","2,625","315,000","2,749",2023-12-31,2023,audit_contract
20240319000797,Y,00158325,NICE평가정보,제39기(전기),한영회계법인,회계감사 및 검토(내부회계 감사 포함),-,-,"303,000","2,526","303,000","2,749",2023-12-31,2023,audit_contract
20240319000797,Y,00158325,NICE평가정보,제38기(전전기),삼정회계법인,회계감사 및 검토(내부회계 검토 포함),-,-,"186,000","1,860","186,000","2,425",2023-12-31,2023,audit_contract
20250314001653,Y,00158325,NICE평가정보,제41기(당기),한영회계법인,회계감사 및 검토(내부회계 감사 포함),-,-,"341,000","2,840","341,000","3,445",2024-12-31,2024,audit_contract
20250314001653,Y,00158325,NICE평가정보,제40기(전기),한영회계법인,회계감사 및 검토(내부회계 감사 포함),-,-,"315,000","2,625","315,000","2,803",2024-12-31,2024,audit_contract
20250314001653,Y,00158325,NICE평가정보,제39기(전전기),한영회계법인,회계감사 및 검토(내부회계 감사 포함),-,-,"303,000","2,526","303,000","2,749",2024-12-31,2024,audit_contract
20240315000658,Y,01770203,조선내화,제 1기(당기),삼일회계법인,외부회계감사,-,-,"236,000","2,270","177,000","1,840",2023-12-31,2023,audit_contract
20240315000658,Y,01770203,조선내화,-,-,-,-,-,-,-,-,-,2023-12-31,2023,audit_contract
20240315000658,Y,01770203,조선내화,-,-,-,-,-,-,-,-,-,2023-12-31,2023,audit_contract
20250311000815,Y,01770203,조선내화,제2기(당기),삼일회계법인,외부회계감사,-,-,"296,000","2,840","296,000","2,217",2024-12-31,2024,audit_contract
20250311000815,Y,01770203,조선내화,제1기(전기),삼일회계법인,외부회계감사,-,-,"236,000","2,270","236,000","1,840",2024-12-31,2024,audit_contract
20250311000815,Y,01770203,조선내화,-,-,-,-,-,-,-,-,-,2024-12-31,2024,audit_contract
20190620000077,Y,00447609,비에이치,제20기(당기),안진회계법인,"결산 감사 및
보고서 작성","130,000","2,621",-,-,-,-,2018-12-31,2018,audit_contract
20190620000077,Y,00447609,비에이치,제19기(전기),안진회계법인,"결산 감사 및
보고서 작성","90,000","1,645",-,-,-,-,2018-12-31,2018,audit_contract
20190620000077,Y,00447609,비에이치,제18기(전전기),안진회계법인,"결산 감사 및
보고서 작성","90,000","1,645",-,-,-,-,2018-12-31,2018,audit_contract
20200330000561,Y,00447609,비에이치,제21기(당기),안진회계법인,결산 감사 및 보고서 작성,"158,000","2,105",-,-,-,-,2019-12-31,2019,audit_contract
20200330000561,Y,00447609,비에이치,제20기(전기),안진회계법인,결산 감사 및 보고서 작성,"130,000","2,621",-,-,-,-,2019-12-31,2019,audit_contract
20200330000561,Y,00447609,비에이치,제19기(전전기),안진회계법인,결산 감사 및 보고서 작성,"90,000","1,645",-,-,-,-,2019-12-31,2019,audit_contract
20210331002350,Y,00447609,비에이치,제22기(당기),안진회계법인,결산 감사 및 보고서 작성,-,-,"175,000","1,750","175,000","2,061",2020-12-31,2020,audit_contract
20210331002350,Y,00447609,비에이치,제21기(전기),안진회계법인,결산 감사 및 보고서 작성,-,-,"158,000","1,760","158,000","2,621",2020-12-31,2020,audit_contract
20210331002350,Y,00447609,비에이치,제20기(전전기),안진회계법인,결산 감사 및 보고서 작성,-,-,"90,000","2,545","90,000","1,645",2020-12-31,2020,audit_contract
20220317000686,Y,00447609,비에이치,제23기(당기),안진회계법인,결산 감사 및 보고서 작성,-,-,"180,000","1,800","180,000","1,800",2021-12-31,2021,audit_contract
20220317000686,Y,00447609,비에이치,제22기(전기),안진회계법인,결산 감사 및 보고서 작성,-,-,"175,000","1,750","175,000","2,061",2021-12-31,2021,audit_contract
20220317000686,Y,00447609,비에이치,제21기(전전기),안진회계법인,결산 감사 및 보고서 작성,-,-,"158,000","1,760","158,000","2,621",2021-12-31,2021,audit_contract
20230323000767,Y,00447609,비에이치,제24기(당기),안진회계법인,결산 감사 및 보고서 작성,-,-,"280,800","2,700","280,800","3,189",2022-12-31,2022,audit_contract
20230323000767,Y,00447609,비에이치,제23기(전기),안진회계법인,결산 감사 및 보고서 작성,-,-,"180,000","1,800","180,000","1,800",2022-12-31,2022,audit_contract
20230323000767,Y,00447609,비에이치,제22기(전전기),안진회계법인,결산 감사 및 보고서 작성,-,-,"175,000","1,750","175,000","2,061",2022-12-31,2022,audit_contract
20240321001824,Y,00447609,비에이치,제25기(당기),안진회계법인,결산 감사 및 보고서 작성,-,-,"340,200","3,240","340,200","3,189",2023-12-31,2023,audit_contract
20240321001824,Y,00447609,비에이치,제24기(전기),안진회계법인,결산 감사 및 보고서 작성,-,-,"280,800","2,700","280,800","3,189",2023-12-31,2023,audit_contract
20240321001824,Y,00447609,비에이치,제23기(전전기),안진회계법인,결산 감사 및 보고서 작성,-,-,"180,000","1,800","180,000","1,800",2023-12-31,2023,audit_contract
20250326000026,Y,00447609,비에이치,제26기(당기),안진회계법인,결산 감사 및 보고서 작성,-,-,"357,000","3,394","357,000","3,066",2024-12-31,2024,audit_contract
20250326000026,Y,00447609,비에이치,제25기(전기),안진회계법인,결산 감사 및 보고서 작성,-,-,"340,200","3,240","340,200","3,189",2024-12-31,2024,audit_contract
20250326000026,Y,00447609,비에이치,제24기(전전기),안진회계법인,결산 감사 및 보고서 작성,-,-,"280,800","2,700","280,800","3,189",2024-12-31,2024,audit_contract
20240313000637,Y,01765256,동국씨엠,"제1기
(당기)",안진회계법인,"연간 재무제표 감사 및 내부회계관리제도에 대한 검토
분반기 재무제표에 대한 검토",-,-,330,"2,923",330,"3,063",2023-12-31,2023,audit_contract
20240313000637,Y,01765256,동국씨엠,-,-,-,-,-,-,-,-,-,2023-12-31,2023,audit_contract
20240313000637,Y,01765256,동국씨엠,-,-,-,-,-,-,-,-,-,2023-12-31,2023,audit_contract
20250317000943,Y,01765256,동국씨엠,제2기(당기),안진회계법인,"연간 재무제표 감사 및 내부회계관리제도에 대한 검토

분반기 재무제표에 대한 검토",-,-,434,"3,800",434,"3,712",2024-12-31,2024,audit_contract
20250317000943,Y,01765256,동국씨엠,제1기(전기),안진회계법인,"연간 재무제표 감사 및 내부회계관리제도에 대한 검토

분반기 재무제표에 대한 검토",-,-,330,"2,923",330,"3,063",2024-12-31,2024,audit_contract
20250317000943,Y,01765256,동국씨엠,-,-,-,-,-,-,-,-,-,2024-12-31,2024,audit_contract
20240312000543,Y,01765265,동국제강,제1기(당기),안진회계법인,"연간 재무제표 감사 및 내부회계관리제도에 대한 검토
분,반기 재무제표에 대한 검토",-,-,503,"4,472",503,"4,626",2023-12-31,2023,audit_contract
20240312000543,Y,01765265,동국제강,-,-,-,-,-,-,-,-,-,2023-12-31,2023,audit_contract
20240312000543,Y,01765265,동국제강,-,-,-,-,-,-,-,-,-,2023-12-31,2023,audit_contract
20250317000722,Y,01765265,동국제강,제2기(당기),안진회계법인,"연간 재무제표 감사 및 내부회계관리제도에 대한 감사
분 , 반기 재무제표에 대한 검토",-,-,664,"5,814",664,"5,558",2024-12-31,2024,audit_contract
20250317000722,Y,01765265,동국제강,제1기(전기),안진회계법인,"연간 재무제표 감사 및 내부회계관리제도에 대한 검토
분 , 반기 재무제표에 대한 검토",-,-,503,"4,472",503,"4,626",2024-12-31,2024,audit_contract
20250317000722,Y,01765265,동국제강,-,-,-,-,-,-,-,-,-,2024-12-31,2024,audit_contract
20240411004116,Y,01762569,이수스페셜티케미컬,제1기(당기),삼정회계법인,"재무제표 감사 및 검토
내부회계관리제도 검토",-,-,145백만원,"1,400",145백만원,"1,399",2023-12-31,2023,audit_contract
20240411004116,Y,01762569,이수스페셜티케미컬,-,-,-,-,-,-,-,-,-,2023-12-31,2023,audit_contract
20240411004116,Y,01762569,이수스페셜티케미컬,-,-,-,-,-,-,-,-,-,2023-12-31,2023,audit_contract
20250320001543,Y,01762569,이수스페셜티케미컬,제2기(당기),삼정회계법인,"재무제표 감사 및 검토
내부회계관리제도 감사",-,-,163,"1,535",163,"1,522",2024-12-31,2024,audit_contract
20250320001543,Y,01762569,이수스페셜티케미컬,제1기(전기),삼정회계법인,"재무제표 감사 및 검토
내부회계관리제도 검토",-,-,145,"1,400",145,"1,399",2024-12-31,2024,audit_contract
20250320001543,Y,01762569,이수스페셜티케미컬,-,-,-,-,-,-,-,-,-,2024-12-31,2024,audit_contract
20240314000710,Y,01760738,OCI,제1기 (당기),삼정회계법인,"분ㆍ반기 재무제표 검토
개별 재무제표에 대한 감사
내부회계관리제도 감사
개시재무제표 검토
영문보고서 검토",-,-,835 ,"7,080 ",835 ,"6,976 ",2023-12-31,2023,audit_contract
20240314000710,Y,01760738,OCI,-,-,-,-,-,-,-,-,-,2023-12-31,2023,audit_contract
20240314000710,Y,01760738,OCI,-,-,-,-,-,-,-,-,-,2023-12-31,2023,audit_contract
20250314001304,Y,01760738,OCI,제2기(당기),삼정회계법인,"분ㆍ반기 별도ㆍ연결 재무제표 검토
별도ㆍ연결 재무제표에 대한 감사
내부회계관리제도 감사
영문보고서 검토",-,-,818 ,"6,930 ",818 ,"6,536",2024-12-31,2024,audit_contract
20250314001304,Y,01760738,OCI,제1기(전기),삼정회계법인,"분ㆍ반기 재무제표 검토
개별 재무제표에 대한 감사
내부회계관리제도 감사
개시재무제표 검토
영문보고서 검토",-,-,835 ,"7,080 ",835 ,"6,976 ",2024-12-31,2024,audit_contract
20250314001304,Y,01760738,OCI,-,-,-,-,-,-,-,-,-,2024-12-31,2024,audit_contract
20190329001733,Y,00480367,SK오션플랜트,제23기(당기),선일회계법인,"반기검토, 중간.기말감사
연결 및 별도 재무제표에 대한 감사",60,904,-,-,-,-,2018-12-31,2018,audit_contract
20190329001733,Y,00480367,SK오션플랜트,제22기(전기),이촌회계법인,"반기검토, 중간.기말감사
연결 및 별도 재무제표에 대한 감사",60,"1,019",-,-,-,-,2018-12-31,2018,audit_contract
20190329001733,Y,00480367,SK오션플랜트,제21기(전전기),이촌회계법인,"중간기간 재무제표 검토/
개별재무제표",60,897,-,-,-,-,2018-12-31,2018,audit_contract
20200330003171,Y,00480367,SK오션플랜트,제24기(당기),선일회계법인,"반기검토, 중간.기말감사
연결 및 별도 재무제표에 대한 감사",60,"1,060",-,-,-,-,2019-12-31,2019,audit_contract
20200330003171,Y,00480367,SK오션플랜트,제23기(전기),선일회계법인,"반기검토, 중간.기말감사
연결 및 별도 재무제표에 대한 감사",60,904,-,-,-,-,2019-12-31,2019,audit_contract
20200330003171,Y,00480367,SK오션플랜트,제22기(전전기),이촌회계법인,"반기검토, 중간.기말감사
연결 및 별도 재무제표에 대한 감사",60,"1,019",-,-,-,-,2019-12-31,2019,audit_contract
20210318000211,Y,00480367,SK오션플랜트,제25기(당기),선일회계법인,"반기검토, 중간.기말감사
연결 및 별도 재무제표에 대한 감사",-,-,70,"1,300",70,"1,307",2020-12-31,2020,audit_contract
20210318000211,Y,00480367,SK오션플랜트,제24기(전기),선일회계법인,"반기검토, 중간.기말감사
연결 및 별도 재무제표에 대한 감사",-,-,60,"1,000",60,"1,060",2020-12-31,2020,audit_contract
20210318000211,Y,00480367,SK오션플랜트,제23기(전전기),선일회계법인,"반기검토, 중간.기말감사
연결 및 별도 재무제표에 대한 감사",-,-,60,900,60,904,2020-12-31,2020,audit_contract
20220323001382,Y,00480367,SK오션플랜트,제26기(당기),안진회계법인,"분.반기재무제표 검토
(별도, 연결재무제표)
별도, 연결재무제표에 대한 감사
내부회계관리제도 감사",-,-,480,"3,766",480,"4,614",2021-12-31,2021,audit_contract
20220323001382,Y,00480367,SK오션플랜트,제27기(전기),선일회계법인,"반기검토, 중간.기말감사
연결 및 별도 재무제표에 대한 감사",-,-,70,"1,300",70,"1,307",2021-12-31,2021,audit_contract
20220323001382,Y,00480367,SK오션플랜트,제28기(전전기),선일회계법인,"반기검토, 중간.기말감사
연결 및 별도 재무제표에 대한 감사",-,-,60,"1,000",60,"1,060",2021-12-31,2021,audit_contract
20230831000707,Y,00480367,SK오션플랜트,제27기(당기),안진회계법인,"분.반기재무제표 검토
(별도, 연결재무제표)
별도, 연결재무제표에 대한 감사
내부회계관리제도 감사",-,-,480,"3,794",480,"3,248",2022-12-31,2022,audit_contract
20230831000707,Y,00480367,SK오션플랜트,제26기(전기),안진회계법인,"분.반기재무제표 검토
(별도, 연결재무제표)
별도, 연결재무제표에 대한 감사
내부회계관리제도 감사",-,-,480,"3,766",480,"4,614",2022-12-31,2022,audit_contract
20230831000707,Y,00480367,SK오션플랜트,제25기(전전기),선일회계법인,"반기검토, 중간.기말감사
연결 및 별도 재무제표에 대한 감사",-,-,70,"1,300",70,"1,307",2022-12-31,2022,audit_contract
20240320000346,Y,00480367,SK오션플랜트,제28기 (당기),안진회계법인,"분.반기재무제표 검토
(별도, 연결재무제표)
별도, 연결재무제표에 대한 감사
내부회계관리제도 감사",-,-,490,"3,800",490,"3,856",2023-12-31,2023,audit_contract
20240320000346,Y,00480367,SK오션플랜트,제27기(전기),안진회계법인,"분.반기재무제표 검토
(별도, 연결재무제표)
별도, 연결재무제표에 대한 감사
내부회계관리제도 감사",-,-,480,"3,794",480,"3,248",2023-12-31,2023,audit_contract
20240320000346,Y,00480367,SK오션플랜트,제26기(전전기),안진회계법인,"분.반기재무제표 검토
(별도, 연결재무제표)
별도, 연결재무제표에 대한 감사
내부회계관리제도 감사",-,-,480,"3,766",480,"4,614",2023-12-31,2023,audit_contract
20250814001175,Y,00480367,SK오션플랜트,-,-,-,-,-,-,-,-,-,2024-12-31,2024,audit_contract
20250814001175,Y,00480367,SK오션플랜트,-,-,-,-,-,-,-,-,-,2024-12-31,2024,audit_contract
20250814001175,Y,00480367,SK오션플랜트,-,-,-,-,-,-,-,-,-,2024-12-31,2024,audit_contract
20240318000716,Y,01721809,현대그린푸드,제1기(당기),삼일회계법인,"분반기 검토
중간감사(내부통제의 이해 및 유효성 평가)
기말감사(중요 계정잔액 및 공시내용에 대하여질문,
분석적절차, 표본테스트 등 수행)
내부회계관리제도 설계/운영평가
재고실사, 금융자산 실사
연결감사(연결조정, 내부거래 제거 확인 등)",-,-,498백만원,"4,531시간",498백만원,"4,486시간",2023-12-31,2023,audit_contract
20240318000716,Y,01721809,현대그린푸드,전기,해당사항없음,해당사항없음,-,-,-,-,-,-,2023-12-31,2023,audit_contract
20240318000716,Y,01721809,현대그린푸드,전전기,해당사항없음,해당사항없음,-,-,-,-,-,-,2023-12-31,2023,audit_contract
20250314000805,Y,01721809,현대그린푸드,제2기(당기),삼일회계법인,"분반기 검토
중간감사(내부통제의 이해 및 유효성 평가)
기말감사(중요 계정잔액 및 공시내용에 대하여질문,
분석적절차, 표본테스트 등 수행)
내부회계관리제도 설계/운영평가
재고실사, 금융자산 실사
연결감사(연결조정, 내부거래 제거 확인 등)",-,-,491백만원,"4,460시간",491백만원,"4,263시간",2024-12-31,2024,audit_contract
20250314000805,Y,01721809,현대그린푸드,제1기(전기),삼일회계법인,"분반기 검토

중간감사(내부통제의 이해 및 유효성 평가)

기말감사(중요 계정잔액 및 공시내용에 대하여질문,

분석적절차, 표본테스트 등 수행)

내부회계관리제도 설계/운영평가

재고실사, 금융자산 실사

연결감사(연결조정, 내부거래 제거 확인 등)",-,-,498백만원,"4,531시간",498백만원,"4,486시간",2024-12-31,2024,audit_contract
20250314000805,Y,01721809,현대그린푸드,-,-,-,-,-,-,-,-,-,2024-12-31,2024,audit_contract
20240318000820,Y,01722437,한화갤러리아,"제1기
(당기)",삼정회계법인,"분.반기,별도,연결 재무제표
내부회계관리제도 감사",-,-,"340,000,000","3,580","340,000,000","3,467",2023-12-31,2023,audit_contract
20240318000820,Y,01722437,한화갤러리아,-,-,-,-,-,-,-,-,-,2023-12-31,2023,audit_contract
20240318000820,Y,01722437,한화갤러리아,-,-,-,-,-,-,-,-,-,2023-12-31,2023,audit_contract
20250317000838,Y,01722437,한화갤러리아,"제 2 기
(당기)",삼정회계법인,"분.반기,별도,연결 재무제표
내부회계관리제도 감사",-,-,370,"3,700",385,"3,596",2024-12-31,2024,audit_contract
20250317000838,Y,01722437,한화갤러리아,"제 1 기
(전기)",삼정회계법인,"분.반기,별도,연결 재무제표
내부회계관리제도 감사",-,-,350,"3,580",350,"3,467",2024-12-31,2024,audit_contract
20250317000838,Y,01722437,한화갤러리아,-,-,-,-,-,-,-,-,-,2024-12-31,2024,audit_contract
20210331003006,Y,00622787,바이오노트,제18기(당기),삼정회계법인,"별도 및 연결 재무제표 감사
내부회계관리제도 감사",-,-,"168,000","1,400","168,000","1,405",2020-12-31,2020,audit_contract
20210331003006,Y,00622787,바이오노트,제17기(전기),삼일회계법인,별도 재무제표 감사,-,-,"28,000",300,"32,000",341,2020-12-31,2020,audit_contract
20210331003006,Y,00622787,바이오노트,제16기(전전기),삼일회계법인,별도 재무제표 감사,-,-,"25,000",300,"27,800",342,2020-12-31,2020,audit_contract
20220331002923,Y,00622787,바이오노트,제19기(당기),삼정회계법인,"분, 반기 별도 및 연결 재무제표 검토
별도 및 연결 재무제표에 대한 감사
내부회계관리제도 검토",-,-,"360,000","3,500","360,000","3,008",2021-12-31,2021,audit_contract
20220331002923,Y,00622787,바이오노트,제18기(전기),삼정회계법인,"별도 및 연결 재무제표 감사
내부회계관리제도 검토",-,-,"168,000","1,400","168,000","1,023",2021-12-31,2021,audit_contract
20220331002923,Y,00622787,바이오노트,제17기(전전기),삼일회계법인,별도 재무제표 감사,-,-,"28,000",300,"32,000",341,2021-12-31,2021,audit_contract
20230321001282,Y,00622787,바이오노트,제20기 (당기),삼정회계법인,"분, 반기 별도 및 연결 재무제표 검토
별도 및 연결 재무제표에 대한 감사
내부회계관리제도 감사",-,-,"400,000","4,200","400,000","4,200",2022-12-31,2022,audit_contract
20230321001282,Y,00622787,바이오노트,제19기(전기),삼정회계법인,"별도 및 연결 재무제표 감사
내부회계관리제도 검토",-,-,"360,000","3,500","360,000","3,008",2022-12-31,2022,audit_contract
20230321001282,Y,00622787,바이오노트,제18기(전전기),삼정회계법인,개별 재무제표 감사,-,-,"168,000","1,400","168,000","1,023",2022-12-31,2022,audit_contract
20240322000144,Y,00622787,바이오노트,제21기(당기),한영회계법인,"분, 반기 별도 및 연결 재무제표 검토
별도 및 연결 재무제표에 대한 감사
내부회계관리제도 감사",-,-,"350,000","3,500","350,000","4,068",2023-12-31,2023,audit_contract
20240322000144,Y,00622787,바이오노트,제20기(전기),삼정회계법인,"분, 반기 별도 및 연결 재무제표 검토
별도 및 연결 재무제표에 대한 감사
내부회계관리제도 감사",-,-,"400,000","4,200","400,000","4,200",2023-12-31,2023,audit_contract
20240322000144,Y,00622787,바이오노트,제19기(전전기),삼정회계법인,"별도 및 연결 재무제표 감사
내부회계관리제도 검토",-,-,"360,000","3,500","360,000","3,008",2023-12-31,2023,audit_contract
20250318001275,Y,00622787,바이오노트,제22기(당기),한영회계법인,"분, 반기 별도 및 연결 재무제표 검토
별도 및 연결 재무제표에 대한 감사
내부회계관리제도 감사",-,-,380,"3,865",380,"3,865",2024-12-31,2024,audit_contract
20250318001275,Y,00622787,바이오노트,제21기(전기),한영회계법인,"분, 반기 별도 및 연결 재무제표 검토
별도 및 연결 재무제표에 대한 감사
내부회계관리제도 감사",-,-,350,"3,500",350,"4,068",2024-12-31,2024,audit_contract
20250318001275,Y,00622787,바이오노트,제20기(전전기),삼정회계법인,"분, 반기 별도 및 연결 재무제표 검토
별도 및 연결 재무제표에 대한 감사
내부회계관리제도 감사",-,-,400,"4,200",400,"4,200",2024-12-31,2024,audit_contract
20230322000303,Y,01702017,유니드비티플러스,제1기(당기),한울회계법인,"재무제표 감사
내부회계관리제도 검토",-,-,80 ,"1,000 ",80 ,804 ,2022-12-31,2022,audit_contract
20230322000303,Y,01702017,유니드비티플러스,-,-,-,-,-,-,-,-,-,2022-12-31,2022,audit_contract
20230322000303,Y,01702017,유니드비티플러스,-,-,-,-,-,-,-,-,-,2022-12-31,2022,audit_contract
20240320000313,Y,01702017,유니드비티플러스,제2기 (당기),한울회계법인,"- 별도 재무제표 감사
- 기말 별도재무제표에 대한 감사
- 내부회계관리제도 감사",-,-,110,"1,200 ",110 ,"1,203 ",2023-12-31,2023,audit_contract
20240320000313,Y,01702017,유니드비티플러스,제1기(전기),한울회계법인,"- 별도 재무제표 감사
- 기말 별도재무제표에 대한 감사
- 내부회계관리제도 검토",-,-,80 ,"1,000 ",80 ,804 ,2023-12-31,2023,audit_contract
20240320000313,Y,01702017,유니드비티플러스,-,-,-,-,-,-,-,-,-,2023-12-31,2023,audit_contract
20250319000185,Y,01702017,유니드비티플러스,"제 3 기
(당기)",한울회계법인,"- 반기 별도재무제표 검토
- 기말 별도재무제표에 대한 감사
- 내부회계관리제도 감사",-,-,135 ,"1,312 ",135 ,"1,325 ",2024-12-31,2024,audit_contract
20250319000185,Y,01702017,유니드비티플러스,"제 2 기
(전기)",한울회계법인,"- 반기 별도재무제표 검토
- 기말 별도재무제표에 대한 감사
- 내부회계관리제도 감사",-,-,110 ,"1,200 ",110 ,"1,203 ",2024-12-31,2024,audit_contract
20250319000185,Y,01702017,유니드비티플러스,"제 1 기
(전전기)",한울회계법인,"- 반기 별도재무제표 검토
- 기말 별도재무제표에 대한 감사
- 내부회계관리제도 검토",-,-,80 ,"1,000 ",80 ,804 ,2024-12-31,2024,audit_contract
20190401002209,Y,00525934,LX세미콘,제20기(당기),삼정회계법인,"분,반기 검토
별도 및 연결재무제표에 대한 감사","165,000","1,783",-,-,-,-,2018-12-31,2018,audit_contract
20190401002209,Y,00525934,LX세미콘,제19기(전기),삼정회계법인,"분,반기 검토
별도 및 연결재무제표에 대한 감사","105,000","1,174",-,-,-,-,2018-12-31,2018,audit_contract
20190401002209,Y,00525934,LX세미콘,제18기(전전기),삼정회계법인,"분,반기 검토
별도 및 연결재무제표에 대한 감사","115,000","1,321",-,-,-,-,2018-12-31,2018,audit_contract
20200330002510,Y,00525934,LX세미콘,제21기(당기),삼정회계법인,"분,반기 검토
별도 및 연결재무제표에 대한 감사",200,"2,587",-,-,-,-,2019-12-31,2019,audit_contract
20200330002510,Y,00525934,LX세미콘,제20기(전기),삼정회계법인,"분,반기 검토
별도 및 연결재무제표에 대한 감사",165,"1,783",-,-,-,-,2019-12-31,2019,audit_contract
20200330002510,Y,00525934,LX세미콘,제19기(전전기),삼정회계법인,"분,반기 검토
별도 및 연결재무제표에 대한 감사",105,"1,174",-,-,-,-,2019-12-31,2019,audit_contract
20210310001052,Y,00525934,LX세미콘,제22기(당기),안진회계법인,"분,반기 검토
별도 및 연결재무제표에 대한 감사",-,-,379,"3,443",379,"3,644",2020-12-31,2020,audit_contract
20210310001052,Y,00525934,LX세미콘,제21기(전기),삼정회계법인,"분,반기 검토
별도 및 연결재무제표에 대한 감사",-,-,200,"2,145",200,"2,587",2020-12-31,2020,audit_contract
20210310001052,Y,00525934,LX세미콘,제20기(전전기),삼정회계법인,"분,반기 검토
별도 및 연결재무제표에 대한 감사",-,-,165,"1,650",165,"1,783",2020-12-31,2020,audit_contract
20220314000950,Y,00525934,LX세미콘,제23기(당기),안진회계법인,"분,반기 검토
별도 및 연결재무제표에 대한 감사
내부회계관리제도에 대한 감사",-,-,420,"3,818",420,"3,575",2021-12-31,2021,audit_contract
20220314000950,Y,00525934,LX세미콘,제22기(전기),안진회계법인,"분,반기 검토
별도 및 연결재무제표에 대한 감사
내부회계관리제도에 대한 감사",-,-,379,"3,443",379,"3,644",2021-12-31,2021,audit_contract
20220314000950,Y,00525934,LX세미콘,제21기(전전기),삼정회계법인,"분,반기 검토
별도 및 연결재무제표에 대한 감사
내부회계관리제도에 대한 검토",-,-,200,"2,145",200,"2,587",2021-12-31,2021,audit_contract
20230315001207,Y,00525934,LX세미콘,제24기 (당기),안진회계법인,"분,반기 검토
별도 및 연결재무제표에 대한 감사
내부회계관리제도에 대한 감사",-,-,460,"3,948",460,"3,497",2022-12-31,2022,audit_contract
20230315001207,Y,00525934,LX세미콘,제23기(전기),안진회계법인,"분,반기 검토
별도 및 연결재무제표에 대한 감사
내부회계관리제도에 대한 감사",-,-,420,"3,818",420,"3,575",2022-12-31,2022,audit_contract
20230315001207,Y,00525934,LX세미콘,제22기(전전기),안진회계법인,"분,반기 검토
별도 및 연결재무제표에 대한 감사
내부회계관리제도에 대한 감사",-,-,379,"3,443",379,"3,644",2022-12-31,2022,audit_contract
20240313001269,Y,00525934,LX세미콘,제25기(당기),삼일회계법인,"분,반기 검토
별도 및 연결재무제표에 대한 감사
내부회계관리제도에 대한 감사",-,-,280,"3,200",280,"3,046",2023-12-31,2023,audit_contract
20240313001269,Y,00525934,LX세미콘,제24기(전기),안진회계법인,"분,반기 검토
별도 및 연결재무제표에 대한 감사
내부회계관리제도에 대한 감사",-,-,460,"3,948",460,"3,497",2023-12-31,2023,audit_contract
20240313001269,Y,00525934,LX세미콘,제23기(전전기),안진회계법인,"분,반기 검토
별도 및 연결재무제표에 대한 감사
내부회계관리제도에 대한 감사",-,-,420,"3,818",420,"3,575",2023-12-31,2023,audit_contract
20250312001059,Y,00525934,LX세미콘,제26기(당기),삼일회계법인,"분,반기 검토/
별도 및 연결재무제표에 대한 감사

내부회계관리제도에 대한 감사",-,-,300,"3,200",300,"3,040",2024-12-31,2024,audit_contract
20250312001059,Y,00525934,LX세미콘,제25기(전기),삼일회계법인,"분,반기 검토/별도 및 연결재무제표에 대한 감사
내부회계관리제도에 대한 감사",-,-,280,"3,200",280,"3,046",2024-12-31,2024,audit_contract
20250312001059,Y,00525934,LX세미콘,제24기(전전기),안진회계법인,"분,반기 검토/별도 및 연결재무제표에 대한 감사
내부회계관리제도에 대한 감사",-,-,460,"3,948",460,"3,497",2024-12-31,2024,audit_contract
20230322000801,Y,01026157,쏘카,제12기(당기),삼일회계법인,"별도기말감사
별도1분기검토
연결기말감사
연결1분기검토
내부회계관리제도감사",-,-,"369,000","2,977","369,000","2,977",2022-12-31,2022,audit_contract
20230322000801,Y,01026157,쏘카,제11기(전기),삼일회계법인,"별도기말감사별도3분기감사연결기말감사연결3분기감사
내부회계관리제도검토",-,-,"300,000","2,400","351,250","2,817",2022-12-31,2022,audit_contract
20230322000801,Y,01026157,쏘카,제10기(전전기),삼정회계법인,"별도기말감사연결기말감사
내부회계관리제도검토",-,-,"73,450",806,"73,450",806,2022-12-31,2022,audit_contract
20240320001168,Y,01026157,쏘카,제13기(당기),대주회계법인,"분·반기 재무제표 검토
별도 및 연결 재무제표 감사
내부회계관리제도 감사",-,-,"300,000","2,713","300,000","2,715",2023-12-31,2023,audit_contract
20240320001168,Y,01026157,쏘카,제12기(전기),삼일회계법인,"분·반기 재무제표 검토
별도 및 연결 재무제표 감사
내부회계관리제도 감사",-,-,"369,000","2,977","369,000","2,977",2023-12-31,2023,audit_contract
20240320001168,Y,01026157,쏘카,제11기(전전기),삼일회계법인,"분·반기 재무제표 검토
별도 및 연결 재무제표 감사
내부회계관리제도 검토",-,-,"300,000","2,400","351,250","2,817",2023-12-31,2023,audit_contract
20250318001072,Y,01026157,쏘카,제14기(당기),대주회계법인,"분·반기 재무제표 검토
별도 및 연결 재무제표 감사
내부회계관리제도 감사",-,-,"320,000","2,837","320,000","2,837",2024-12-31,2024,audit_contract
20250318001072,Y,01026157,쏘카,제13기(전기),대주회계법인,"분·반기 재무제표 검토
별도 및 연결 재무제표 감사
내부회계관리제도 감사",-,-,"300,000","2,713","300,000","2,715",2024-12-31,2024,audit_contract
20250318001072,Y,01026157,쏘카,제12기(전전기),삼일회계법인,"분·반기 재무제표 검토
별도 및 연결 재무제표 감사
내부회계관리제도 감사",-,-,"369,000","2,977","369,000","2,977",2024-12-31,2024,audit_contract
20230323001537,Y,00193328,수산인더스트리,제40기(당기),삼일회계법인,별도 및 연결재무제표의 감사,-,-,200백만원,"2,000",200백만원,"1,857",2022-12-31,2022,audit_contract
20230323001537,Y,00193328,수산인더스트리,제39기(전기),대주회계법인,별도 및 연결재무제표의 감사,-,-,160백만원,826,160백만원,826,2022-12-31,2022,audit_contract
20230323001537,Y,00193328,수산인더스트리,제38기(전전기),삼일회계법인,별도 및 연결재무제표의 감사,-,-,97백만원,780,97백만원,780,2022-12-31,2022,audit_contract
20240320000834,Y,00193328,수산인더스트리,제41기(당기),삼일회계법인,"반기 재무제표에 대한 검토
별도 및 연결 재무제표에 대한 감사
내부회계관리제도 감사",-,-,220백만원,"2,200",220백만원,"2,110",2023-12-31,2023,audit_contract
20240320000834,Y,00193328,수산인더스트리,제40기(전기),삼일회계법인,"별도 및 연결 재무제표에 대한 감사
내부회계관리제도 감사",-,-,220백만원,"2,000",220백만원,"1,857",2023-12-31,2023,audit_contract
20240320000834,Y,00193328,수산인더스트리,제39기(전전기),대주회계법인,별도 및 연결 재무제표에 대한 감사,-,-,160백만원,826,160백만원,826,2023-12-31,2023,audit_contract
20250814003023,Y,00193328,수산인더스트리,제42기(당기),삼일회계법인,"분반기 재무제표에 대한 검토
별도 및 연결 재무제표에 대한 감사
내부회계관리제도 감사",-,-,220백만원,"2,200",220백만원,"2,592",2024-12-31,2024,audit_contract
20250814003023,Y,00193328,수산인더스트리,제41기(전기),삼일회계법인,"분반기 재무제표에 대한 검토
별도 및 연결 재무제표에 대한 감사
내부회계관리제도 감사",-,-,220백만원,"2,200",220백만원,"2,110",2024-12-31,2024,audit_contract
20250814003023,Y,00193328,수산인더스트리,제40기(전전기),삼일회계법인,"분반기 재무제표에 대한 검토
별도 및 연결 재무제표에 대한 감사
내부회계관리제도 감사",-,-,220백만원,"2,200",220백만원,"1,857",2024-12-31,2024,audit_contract
20210317000676,Y,01515323,LG에너지솔루션,제1기(당기),삼일회계법인,"2020년 별도 및 연결재무제표에 대한 감사(영문포함)(감사기간)
별도재무제표 : 2021.01.19~2021.02.26
연결재무제표 : 2021.01.19~2021.02.26",-,-,320,"3,200시간",320,"3,300시간
(영문보고서작성 등 추정시간 포함)",2020-12-31,2020,audit_contract
20210317000676,Y,01515323,LG에너지솔루션,-,-,-,-,-,-,-,-,-,2020-12-31,2020,audit_contract
20210317000676,Y,01515323,LG에너지솔루션,-,-,-,-,-,-,-,-,-,2020-12-31,2020,audit_contract
20220315001026,Y,01515323,LG에너지솔루션,제2기(당기),한영회계법인,"2021년 별도 및 연결재무제표에 대한 감사(감사기간)
별도재무제표 : 2022.01.18~2022.03.07
연결재무제표 : 2022.01.27~2022.03.07",-,-,"2,200 ","20,000시간 ","2,200 ","17,580시간",2021-12-31,2021,audit_contract
20220315001026,Y,01515323,LG에너지솔루션,제1기(전기),삼일회계법인,"2020년 별도 및 연결재무제표에 대한 감사(영문포함)
(감사기간)
별도재무제표 : 2021.01.19~2021.02.26
연결재무제표 : 2021.01.19~2021.02.26",-,-,320 ,"3,200시간 ",320 ,"3,300시간
(영문보고서작성 등 추정시간 포함)",2021-12-31,2021,audit_contract
20220315001026,Y,01515323,LG에너지솔루션,-,-,-,-,-,-,-,-,-,2021-12-31,2021,audit_contract
20230315001342,Y,01515323,LG에너지솔루션,제3기(당기),안진회계법인,"2022년 별도 및 연결재무제표에 대한 감사
 (감사기간)
 별도재무제표: 2023.01.17~2023.03.08
 연결재무제표: 2023.01.17~2023.03.08",-,-,"1,500 ","15,000시간","1,500 ","15,000시간
 (영문보고서검토 시간 포함)",2022-12-31,2022,audit_contract
20230315001342,Y,01515323,LG에너지솔루션,제2기(전기),한영회계법인,"2021년 별도 및 연결재무제표에 대한 감사(감사기간)
별도재무제표 : 2022.01.18~2022.03.07
연결재무제표 : 2022.01.27~2022.03.07",-,-,"2,200 ","20,000시간","2,200 ","17,580시간",2022-12-31,2022,audit_contract
20230315001342,Y,01515323,LG에너지솔루션,제1기(전전기),삼일회계법인,"2020년 별도 및 연결재무제표에 대한 감사(영문포함)
(감사기간)
별도재무제표 : 2021.01.19~2021.02.26
연결재무제표 : 2021.01.19~2021.02.26",-,-,320 ,"3,200시간",320 ,"3,300시간
(영문보고서작성 등 추정시간 포함)",2022-12-31,2022,audit_contract
20240314001110,Y,01515323,LG에너지솔루션,제4기(당기),안진회계법인,"2023년 별도 및 연결재무제표에 대한 감사
(감사기간)
별도재무제표: 2024.01.02~2024.03.07
연결재무제표: 2024.01.02~2024.03.07",-,-,"1,800 ","18,470시간","1,800 ","18,470시간
(영문보고서검토 시간 포함)",2023-12-31,2023,audit_contract
20240314001110,Y,01515323,LG에너지솔루션,제3기(전기),안진회계법인,"2022년 별도 및 연결재무제표에 대한 감사
(감사기간)
별도재무제표: 2023.01.17~2023.03.08
연결재무제표: 2023.01.17~2023.03.08",-,-,"1,500 ","15,000시간","1,500 ","15,000시간
(영문보고서검토 시간 포함)",2023-12-31,2023,audit_contract
20240314001110,Y,01515323,LG에너지솔루션,제2기(전전기),한영회계법인,"2021년 별도 및 연결재무제표에 대한 감사
(감사기간)
별도재무제표 : 2022.01.18~2022.03.07
연결재무제표 : 2022.01.27~2022.03.07",-,-,"2,200 ","20,000시간","2,200 ","17,580시간",2023-12-31,2023,audit_contract
20250312000405,Y,01515323,LG에너지솔루션,제5기(당기),안진회계법인,"2024년 별도 및 연결재무제표에 대한 감사
(감사기간)
별도재무제표: 2025.01.15~2025.03.05
연결재무제표: 2025.01.15~2025.03.05",-,-,"1,900 ","19,000시간","1,900 ","19,000시간
(영문보고서검토 시간 포함)",2024-12-31,2024,audit_contract
20250312000405,Y,01515323,LG에너지솔루션,제4기(전기),안진회계법인,"2023년 별도 및 연결재무제표에 대한 감사
(감사기간)
별도재무제표: 2024.01.02~2024.03.07
연결재무제표: 2024.01.02~2024.03.07",-,-,"1,800 ","18,470시간","1,800 ","18,470시간
(영문보고서검토 시간 포함)",2024-12-31,2024,audit_contract
20250312000405,Y,01515323,LG에너지솔루션,제3기(전전기),안진회계법인,"2022년 별도 및 연결재무제표에 대한 감사
(감사기간)
별도재무제표: 2023.01.17~2023.03.08
연결재무제표: 2023.01.17~2023.03.08",-,-,"1,500 ","15,000시간","1,500 ","15,000시간
(영문보고서검토 시간 포함)",2024-12-31,2024,audit_contract
20220321001421,Y,01323032,케이카,제5기(당기),안진회계법인,"반기검토, 연간감사
내부회계관리제도 검토",-,-,450,"4,034",405,"4,155",2021-12-31,2021,audit_contract
20220321001421,Y,01323032,케이카,제4기(전기),삼정회계법인,"재무제표 감사
내부회계관리제도 검토",-,-,92,951,92,"1,118",2021-12-31,2021,audit_contract
20220321001421,Y,01323032,케이카,제3기(전전기),삼정회계법인,"재무제표 감사
내부회계관리제도 검토",-,-,82,910,95,"1,265",2021-12-31,2021,audit_contract
20230407002574,Y,01323032,케이카,제6기(당기),삼일회계법인,"분/반기검토, 연간감사
내부회계관리제도 감사",-,-,330,"3,200 ",330,"3,462",2022-12-31,2022,audit_contract
20230407002574,Y,01323032,케이카,제5기(전기),안진회계법인,"반기검토, 연간감사
내부회계관리제도 검토",-,-,450,"4,034",405,"4,155",2022-12-31,2022,audit_contract
20230407002574,Y,01323032,케이카,제4기(전전기),삼정회계법인,"재무제표 감사
내부회계관리제도 검토",-,-,92,951,92,"1,118",2022-12-31,2022,audit_contract
20240424000584,Y,01323032,케이카,제7기(당기),삼일회계법인,"분/반기검토, 연간감사
내부회계관리제도 감사",-,-,350,"3,200 ",350,"3,178",2023-12-31,2023,audit_contract
20240424000584,Y,01323032,케이카,제6기(전기),삼일회계법인,"분/반기검토, 연간감사
내부회계관리제도 감사",-,-,330,"3,200 ",330,"3,462",2023-12-31,2023,audit_contract
20240424000584,Y,01323032,케이카,제5기(전전기),안진회계법인,"반기검토, 연간감사
내부회계관리제도 검토",-,-,450,"4,034",405,"4,155",2023-12-31,2023,audit_contract
20250318000964,Y,01323032,케이카,제8기(당기),삼일회계법인,"분/반기검토, 연간감사,
내부회계관리제도 감사",-,-,      360,"     3,200",360,"3,012",2024-12-31,2024,audit_contract
20250318000964,Y,01323032,케이카,제7기(전기),삼일회계법인,"분/반기검토, 연간감사,
내부회계관리제도 감사",-,-, 350,"3,200", 350,"3,178",2024-12-31,2024,audit_contract
20250318000964,Y,01323032,케이카,제6기(전전기),삼일회계법인,"분/반기검토, 연간감사,
내부회계관리제도 감사",-,-,330,"3,200",330,"3,462",2024-12-31,2024,audit_contract
20210401001108,Y,01390344,HD현대중공업,-,-,-,-,-,-,-,-,-,2020-12-31,2020,audit_contract
20210401001108,Y,01390344,HD현대중공업,-,-,-,-,-,-,-,-,-,2020-12-31,2020,audit_contract
20210401001108,Y,01390344,HD현대중공업,-,-,-,-,-,-,-,-,-,2020-12-31,2020,audit_contract
20220314000704,Y,01390344,HD현대중공업,제3기(당기),한영회계법인,"1분기 별도 및 연결재무제표 임의감사,반기 별도 및 연결재무제표 검토,3분기 별도 및 연결재무제표 검토,기말 별도 및 연결재무제표 감사,내부회계관리제도 감사",-,-,"1,705","15,500","1,705","16,404",2021-12-31,2021,audit_contract
20220314000704,Y,01390344,HD현대중공업,제2기(전기),삼정회계법인,"연결감사, 연결분반기검토,
 기말감사, 분반기검토
 내부회계관리제도 검토",-,-,909,"3,894
 (분반기검토)
 6,206
 (감사 등)",909,"4,113
 (분반기검토)
 6,280
 (감사 등)",2021-12-31,2021,audit_contract
20220314000704,Y,01390344,HD현대중공업,제1기(전전기),삼정회계법인,"기말감사, 분반기검토",-,-,813,"2,832
 (분반기검토)
 6,429
 (감사 등)",813,"2,379
 (반기검토)
 8,006
 (감사 등)",2021-12-31,2021,audit_contract
20230320000790,Y,01390344,HD현대중공업,제4기(당기),삼정회계법인,"연결감사, 연결분반기검토
기말감사, 분반기검토
내부회계관리제도 감사",-,-,"1,160","11,615","1,160","12,103",2022-12-31,2022,audit_contract
20230320000790,Y,01390344,HD현대중공업,제3기(전기),한영회계법인,"1분기 별도 및 연결재무제표 임의감사,반기 별도 및 연결재무제표 검토,3분기 별도 및 연결재무제표 검토,기말 별도 및 연결재무제표 감사,내부회계관리제도 감사",-,-,"1,705","15,500","1,705","16,404",2022-12-31,2022,audit_contract
20230320000790,Y,01390344,HD현대중공업,제2기(전전기),삼정회계법인,"연결감사, 연결분반기검토,
 기말감사, 분반기검토
 내부회계관리제도 검토",-,-,909,"3,894
 (분반기검토)
 6,206
 (감사 등)",909,"4,113
 (분반기검토)
 6,280
 (감사 등)",2022-12-31,2022,audit_contract
20240318000459,Y,01390344,HD현대중공업,제5기(당기),삼정회계법인,"연결감사, 연결분반기검토
기말감사, 분반기검토
내부회계관리제도 감사",-,-,"1,170","11,591","1,170","11,690",2023-12-31,2023,audit_contract
20240318000459,Y,01390344,HD현대중공업,제4기(전기),삼정회계법인,"연결감사, 연결분반기검토
기말감사, 분반기검토
내부회계관리제도 감사",-,-,"1,160","11,615","1,160","12,103",2023-12-31,2023,audit_contract
20240318000459,Y,01390344,HD현대중공업,제3기(전전기),한영회계법인,"1분기 별도 및 연결재무제표 임의감사,반기 별도 및 연결재무제표 검토,3분기 별도 및 연결재무제표 검토,기말 별도 및 연결재무제표 감사,내부회계관리제도 감사",-,-,"1,705","15,500","1,705","16,404",2023-12-31,2023,audit_contract
20250318000897,Y,01390344,HD현대중공업,"제6기
(당기)",삼정회계법인,"연결감사, 연결분반기검토
 기말감사, 분반기검토
 내부회계관리제도 감사",-,-,"1,225 ","11,891","1,225","11,710",2024-12-31,2024,audit_contract
20250318000897,Y,01390344,HD현대중공업,"제5기
(전기)",삼정회계법인,"연결감사, 연결분반기검토
기말감사, 분반기검토
내부회계관리제도 감사",-,-,"1,170","11,591","1,170","11,690",2024-12-31,2024,audit_contract
20250318000897,Y,01390344,HD현대중공업,"제4기
(전전기)",삼정회계법인,"연결감사, 연결분반기검토
기말감사, 분반기검토
내부회계관리제도 감사",-,-,"1,160","11,615","1,160","12,103",2024-12-31,2024,audit_contract
20220317000848,Y,00972503,일진하이솔루스,제10기(당기),삼일회계법인,"별도재무제표 감사
내부회계관리제도 검토",-,-,"178,000","1,402","178,000","1,346",2021-12-31,2021,audit_contract
20220317000848,Y,00972503,일진하이솔루스,제9기(전기),삼일회계법인,별도재무제표 감사,-,-,"90,000",734,"90,000",948,2021-12-31,2021,audit_contract
20220317000848,Y,00972503,일진하이솔루스,제8기(전전기),삼덕회계법인,별도재무제표 감사,-,-,"21,000",284,"21,000",284,2021-12-31,2021,audit_contract
20230315001068,Y,00972503,일진하이솔루스, 제11기(당기),대주회계법인,"별도재무제표 감사
 내부회계관리제도 검토",-,-,"70,000","1,190 ","70,000","1,067",2022-12-31,2022,audit_contract
20230315001068,Y,00972503,일진하이솔루스, 제10기(전기),삼일회계법인,"별도재무제표 감사
내부회계관리제도 검토",-,-,"178,000","1,402","178,000","1,346",2022-12-31,2022,audit_contract
20230315001068,Y,00972503,일진하이솔루스, 제9기(전전기),삼일회계법인,별도재무제표 감사,-,-,"90,000",734,"90,000",948,2022-12-31,2022,audit_contract
20240313001276,Y,00972503,일진하이솔루스,제12기(당기),대주회계법인,"별도재무제표 감사
 내부회계관리제도 검토",-,-,"70,000","1,190","70,000","1,239",2023-12-31,2023,audit_contract
20240313001276,Y,00972503,일진하이솔루스,제11기(전기),대주회계법인,"별도재무제표 감사
 내부회계관리제도 검토",-,-,"70,000","1,190","70,000","1,067",2023-12-31,2023,audit_contract
20240313001276,Y,00972503,일진하이솔루스,제10기(전전기),삼일회계법인,"별도재무제표 감사
내부회계관리제도 검토",-,-,"178,000","1,402","178,000","1,346",2023-12-31,2023,audit_contract
20250312000525,Y,00972503,일진하이솔루스,제13기(당기),대주회계법인,"별도재무제표 감사
 내부회계관리제도 검토",-,-,"70,000","1,190","70,000","1,234",2024-12-31,2024,audit_contract
20250312000525,Y,00972503,일진하이솔루스,제12기(전기),대주회계법인,"별도재무제표 감사
 내부회계관리제도 검토",-,-,"70,000","1,190","70,000","1,239",2024-12-31,2024,audit_contract
20250312000525,Y,00972503,일진하이솔루스,제11기(전전기),대주회계법인,"별도재무제표 감사
 내부회계관리제도 검토",-,-,"70,000","1,190","70,000","1,067",2024-12-31,2024,audit_contract
20220316000673,Y,00486705,아주스틸,"제23기
 (당기)",정인회계법인,"1분기, 반기 별도 및 연결재무제표 검토, 연차 별도 및 연결재무제표 감사, 별도 내부회계관리제도 검토 ",-,-,210,"2,100",210,"2,230",2021-12-31,2021,audit_contract
20220316000673,Y,00486705,아주스틸,"제22기
 (전기)",정인회계법인,중간감사 및 기말감사,-,-,240,"2,058",257,"2,229",2021-12-31,2021,audit_contract
20220316000673,Y,00486705,아주스틸,"제21기
 (전전기)",안경회계법인,"기초 잔액 검토 및 내부통제에 대한 이해, 계정과목에 대한
 입증절차 수행, 연결계정과목에 대한 입증절차 수행",-,-,45,846,45,930,2021-12-31,2021,audit_contract
20230320001066,Y,00486705,아주스틸,"제24기
 (당기)",정인회계법인," 반기 별도/연결 재무제표 검토
 기말 별도/연결 재무제표 감사
 내부회계관리제도 감사",-,-,290,"2,418",290,"2,156",2022-12-31,2022,audit_contract
20230320001066,Y,00486705,아주스틸,"제23기
 (전기)",정인회계법인," 1분기/반기 재무제표 검토
 중간감사 및 별도 및 연결 재무제표에 대한 감사
 내부회계관리제도 검토",-,-,210,"2,100",210,"2,230",2022-12-31,2022,audit_contract
20230320001066,Y,00486705,아주스틸,"제22기
 (전전기)",정인회계법인,중간감사 및 기말감사,-,-,240,"2,058",257,"2,229",2022-12-31,2022,audit_contract
20250321001731,Y,00486705,아주스틸,-,-,-,-,-,-,-,-,-,2023-12-31,2023,audit_contract
20250321001731,Y,00486705,아주스틸,-,-,-,-,-,-,-,-,-,2023-12-31,2023,audit_contract
20250321001731,Y,00486705,아주스틸,-,-,-,-,-,-,-,-,-,2023-12-31,2023,audit_contract
20250328001653,Y,00486705,아주스틸,제26기(당기),대주회계법인,"분, 반기 별도/연결 검토
기말 별도/연결 감사
내부회계관리제도 감사",-,-,220,"2,460",420,"4,355",2024-12-31,2024,audit_contract
20250328001653,Y,00486705,아주스틸,제27기(전기),대주회계법인,"분,반기 별도/연결 검토
기말 별도/연결 감사
내부회계관리제도 감사",-,-,200,"2,460",200,"2,464",2024-12-31,2024,audit_contract
20250328001653,Y,00486705,아주스틸,제28기(전전기),정인회계법인,"반기 별도/연결 재무제표 검토
기말 별도/연결 재무제표 감사
내부회계관리제도 감사",-,-,290,"2,418",290,"2,156",2024-12-31,2024,audit_contract
20210707000453,Y,00545716,롯데렌탈,제14기(당기),삼정회계법인,"분기검토, 반기검토, 결산감사, 내부회계관리제도","265
(연간계약보수)","2,784
(연간계약보수)",-,-,-,-,2018-12-31,2018,audit_contract
20210707000453,Y,00545716,롯데렌탈,제13기(전기),삼정회계법인,"분기검토, 반기검토, 결산감사, 내부회계관리제도","200
(연간계약보수)","2,882
(연간계약보수)",-,-,-,-,2018-12-31,2018,audit_contract
20210707000453,Y,00545716,롯데렌탈,제12기(전전기),삼일회계법인,"분기검토, 반기검토, 결산감사, 내부회계관리제도","200
(연간계약보수)","2,950
(연간계약보수)",-,-,-,-,2018-12-31,2018,audit_contract
20210707000485,Y,00545716,롯데렌탈,제15기(당기),삼정회계법인,"분기검토, 반기검토, 결산감사, 내부회계관리제도","317
(연간계약보수)","4,282
(연간계약보수)",-,-,-,-,2019-12-31,2019,audit_contract
20210707000485,Y,00545716,롯데렌탈,제14기(전기),삼정회계법인,"분기검토, 반기검토, 결산감사, 내부회계관리제도","265
(연간계약보수)","2,784
(연간계약보수)",-,-,-,-,2019-12-31,2019,audit_contract
20210707000485,Y,00545716,롯데렌탈,제13기(전전기),삼정회계법인,"분기검토, 반기검토, 결산감사, 내부회계관리제도","200
(연간계약보수)","2,882
(연간계약보수)",-,-,-,-,2019-12-31,2019,audit_contract
20210707000505,Y,00545716,롯데렌탈,제16기(당기),삼정회계법인,"분기검토, 반기검토, 결산감사, 내부회계관리제도",-,-,428 ,"4,200 ",458 ,"4,410",2020-12-31,2020,audit_contract
20210707000505,Y,00545716,롯데렌탈,제15기(전기),삼정회계법인,"분기검토, 반기검토, 결산감사, 내부회계관리제도",-,-,317 ,"3,330 ",377 ,"4,282",2020-12-31,2020,audit_contract
20210707000505,Y,00545716,롯데렌탈,제14기(전전기),삼정회계법인,"분기검토, 반기검토, 결산감사, 내부회계관리제도",-,-,265 ,"3,110 ",296 ,"2,784 ",2020-12-31,2020,audit_contract
20220812000791,Y,00545716,롯데렌탈,제17기(당기),삼일회계법인,"1분기감사, 반기검토, 3분기 검토, 연간감사,
내부회계관리제도 감사",-,-,"1,220","10,000","1,220","9,736",2021-12-31,2021,audit_contract
20220812000791,Y,00545716,롯데렌탈,제16기(전기),삼정회계법인,"분기검토, 반기검토, 연간감사, 
내부회계관리제도 검토",-,-,428,"4,200",458,"4,410",2021-12-31,2021,audit_contract
20220812000791,Y,00545716,롯데렌탈,제15기(전전기),삼정회계법인,"분기검토, 반기검토, 연간감사, 
내부회계관리제도 검토",-,-,317,"3,330",377,"4,282",2021-12-31,2021,audit_contract
20230424000485,Y,00545716,롯데렌탈,제18기(당기),삼정회계법인,"분ㆍ반기 재무제표 검토
별도 및 연결 재무제표에 대한 감사
내부회계관리제도 감사",-,-,740,"7,000",740,"7,000",2022-12-31,2022,audit_contract
20230424000485,Y,00545716,롯데렌탈,제17기(전기),삼일회계법인,"1분기감사, 반기검토, 3분기 검토, 연간감사,
내부회계관리제도 감사",-,-,"1,220","10,000","1,220","9,736",2022-12-31,2022,audit_contract
20230424000485,Y,00545716,롯데렌탈,제16기(전전기),삼정회계법인,"분기검토, 반기검토, 연간감사, 
내부회계관리제도 검토",-,-,428,"4,200",458,"4,410",2022-12-31,2022,audit_contract
20240315000897,Y,00545716,롯데렌탈,제19기(당기),삼정회계법인,"분ㆍ반기 재무제표 검토
별도 및 연결 재무제표에 대한 연간감사
내부회계관리제도 감사",-,-,830,"8,300",830,"8,299",2023-12-31,2023,audit_contract
20240315000897,Y,00545716,롯데렌탈,제18기(전기),삼정회계법인,"분ㆍ반기 재무제표 검토
별도 및 연결 재무제표에 대한 감사
내부회계관리제도 감사",-,-,740,"7,000",740,"7,000",2023-12-31,2023,audit_contract
20240315000897,Y,00545716,롯데렌탈,제17기(전전기),삼일회계법인,"1분기감사, 반기검토, 3분기 검토, 연간감사,
내부회계관리제도 감사",-,-,"1,220","10,000","1,220","9,736",2023-12-31,2023,audit_contract
20250314001522,Y,00545716,롯데렌탈,"제20기
(당기)",삼정회계법인,"분ㆍ반기 재무제표 검토
별도 및 연결 재무제표에 대한 연간감사
내부회계관리제도 감사",-,-,880,"8,600",880,"8,331",2024-12-31,2024,audit_contract
20250314001522,Y,00545716,롯데렌탈,제19기(전기),삼정회계법인,"분ㆍ반기 재무제표 검토
별도 및 연결 재무제표에 대한 연간감사
내부회계관리제도 감사",-,-,830,"8,300",830,"8,299",2024-12-31,2024,audit_contract
20250314001522,Y,00545716,롯데렌탈,제18기(전전기),삼정회계법인,"분ㆍ반기 재무제표 검토
별도 및 연결 재무제표에 대한 감사
내부회계관리제도 감사",-,-,740,"7,000",740,"7,000",2024-12-31,2024,audit_contract
20260317000759,Y,00534598,한컴라이프케어,제26기(당기),선진회계법인,"1. 연결 및 별도 재무제표 검토 및 감사
2. 1분기 연결 및 별도 재무제표 검토
3. 내부회계관리제도 검토",-,-,90,944,90,"1,326",2021-12-31,2021,audit_contract
20260317000759,Y,00534598,한컴라이프케어,제25기(전기),한영회계법인,"1. 연결 및 별도 재무제표 검토 및 감사
2. 내부회계관리제도 검토",-,-,195,"1,900",195,"2,038",2021-12-31,2021,audit_contract
20260317000759,Y,00534598,한컴라이프케어,제24기(전전기),한영회계법인,"1. 연결 및 별도 재무제표 검토 및 감사
2. 내부회계관리제도 검토",-,-,175,"1,700",175,"1,793",2021-12-31,2021,audit_contract
20230315000557,Y,00534598,한컴라이프케어,제27기(당기),선진회계법인,"1. 연결 및 별도 재무제표 검토 및 감사
2. 반기 연결 및 별도 재무제표 검토
3. 내부회계관리제도 감사",-,-,170,"1,430",170,"1,515",2022-12-31,2022,audit_contract
20230315000557,Y,00534598,한컴라이프케어,제26기(전기),선진회계법인,"1. 연결 및 별도 재무제표 검토 및 감사
2. 내부회계관리제도 검토",-,-,90,944,90,"1,326",2022-12-31,2022,audit_contract
20230315000557,Y,00534598,한컴라이프케어,제25기(전전기),한영회계법인,"1. 연결 및 별도 재무제표 검토 및 감사
2. 내부회계관리제도 검토",-,-,195,"1,900",195,"2,038",2022-12-31,2022,audit_contract
20240313000991,Y,00534598,한컴라이프케어,제28기(당기),선진회계법인,"1. 연결 및 별도 재무제표 검토 및 감사
2. 반기 연결 및 별도 재무제표 검토
3. 내부회계관리제도 감사",-,-,175,"1,430",175,"1,372",2023-12-31,2023,audit_contract
20240313000991,Y,00534598,한컴라이프케어,제27기(전기),선진회계법인,"1. 연결 및 별도 재무제표 검토 및 감사
2. 반기 연결 및 별도 재무제표 검토
3. 내부회계관리제도 감사",-,-,170,"1,430",170,"1,515",2023-12-31,2023,audit_contract
20240313000991,Y,00534598,한컴라이프케어,제26기(전전기),선진회계법인,"1. 연결 및 별도 재무제표 검토 및 감사
2. 내부회계관리제도 검토",-,-,90,944,90,"1,316",2023-12-31,2023,audit_contract
20250814000446,Y,00534598,한컴라이프케어,제29기(당기),한영회계법인,"1. 연결 및 별도 재무제표 검토 및 감사
2. 반기 연결 및 별도 재무제표 검토
3. 내부회계관리제도 감사",-,-,170,"1,677",170,"1,677",2024-12-31,2024,audit_contract
20250814000446,Y,00534598,한컴라이프케어,제28기(전기),선진회계법인,"1. 연결 및 별도 재무제표 검토 및 감사
2. 반기 연결 및 별도 재무제표 검토
3. 내부회계관리제도 감사",-,-,175,"1,430",175,"1,372",2024-12-31,2024,audit_contract
20250814000446,Y,00534598,한컴라이프케어,제27기(전전기),선진회계법인,"1. 연결 및 별도 재무제표 검토 및 감사
2. 반기 연결 및 별도 재무제표 검토
3. 내부회계관리제도 감사",-,-,170,"1,430",170,"1,515",2024-12-31,2024,audit_contract
20200330003881,Y,00760971,크래프톤,제 12기,삼일회계법인,"반기 재무제표 검토
별도 및 연결 재무제표 감사
내부회계관리제도 운영실태보고서 검토","130,000","1,337",-,-,-,-,2018-12-31,2018,audit_contract
20200330003881,Y,00760971,크래프톤,제 11기,삼정회계법인,"반기 재무제표 검토
별도 재무제표 감사","170,000","1,739",-,-,-,-,2018-12-31,2018,audit_contract
20200330003881,Y,00760971,크래프톤,제 10기,안진회계법인,별도 및 연결 재무제표 감사,"31,000",436,-,-,-,-,2018-12-31,2018,audit_contract
20200330004316,Y,00760971,크래프톤,제13기(당기),삼일회계법인,"반기 재무제표 검토
별도 및 연결 재무제표 감사
내부회계관리제도 운영실태보고서 검토","140,000","1,336",-,-,-,-,2019-12-31,2019,audit_contract
20200330004316,Y,00760971,크래프톤,제12기(전기),삼일회계법인,"반기 재무제표 검토
별도 및 연결 재무제표 감사
내부회계관리제도 운영실태보고서 검토","130,000","1,337",-,-,-,-,2019-12-31,2019,audit_contract
20200330004316,Y,00760971,크래프톤,제11기(전전기),삼정회계법인,"반기 재무제표 검토
별도 재무제표 감사","170,000","1,739",-,-,-,-,2019-12-31,2019,audit_contract
20210331003279,Y,00760971,크래프톤,제14기(당기),한영회계법인,"별도 및 연결 재무제표 감사
내부회계관리제도",-,-,"518,000","3,390","518,000","3,298",2020-12-31,2020,audit_contract
20210331003279,Y,00760971,크래프톤,제13기(전기),삼일회계법인,"반기 재무제표 검토
별도 및 연결 재무제표 감사
내부회계관리제도 운영실태보고서 검토",-,-,"140,000","1,336","152,642","1,336",2020-12-31,2020,audit_contract
20210331003279,Y,00760971,크래프톤,제12기(전전기),삼일회계법인,"반기 재무제표 검토
별도 및 연결 재무제표 감사
내부회계관리제도 운영실태보고서 검토",-,-,"130,000","1,337","135,100","1,337",2020-12-31,2020,audit_contract
20220314000894,Y,00760971,크래프톤,제15기(당기),한영회계법인,"별도 및 연결 분ㆍ반기 재무제표 검토
별도 및 연결 재무제표 감사
내부회계관리제도 감사",-,-,975,"6,431",975,"3,298",2021-12-31,2021,audit_contract
20220314000894,Y,00760971,크래프톤,제14기(전기),한영회계법인,"별도 및 연결 재무제표 감사
내부회계관리제도 검토",-,-,518,"3,390",518,"3,298",2021-12-31,2021,audit_contract
20220314000894,Y,00760971,크래프톤,제13기(전전기),삼일회계법인,"별도 및 연결 반기 재무제표 검토
별도 및 연결 재무제표 감사
내부회계관리제도 검토",-,-,140,"1,336",140,"1,336",2021-12-31,2021,audit_contract
20230320000728,Y,00760971,크래프톤,제16기(당기),삼정회계법인,"별도 및 연결 분ㆍ반기 재무제표 검토
별도 및 연결 재무제표 감사
내부회계관리제도 감사",-,-,940,"9,216",940,"9,329",2022-12-31,2022,audit_contract
20230320000728,Y,00760971,크래프톤,제15기(전기),한영회계법인,"별도 및 연결 분ㆍ반기 재무제표 검토
별도 및 연결 재무제표 감사
내부회계관리제도 감사",-,-,975,"6,431",975,"9,407",2022-12-31,2022,audit_contract
20230320000728,Y,00760971,크래프톤,제14기(전전기),한영회계법인,"별도 및 연결 재무제표 감사
내부회계관리제도 검토",-,-,518,"3,390",518,"3,298",2022-12-31,2022,audit_contract
20240318000420,Y,00760971,크래프톤,제17기(당기),삼정회계법인,"별도 및 연결 분ㆍ반기 재무제표 검토
별도 및 연결 재무제표 감사
내부회계관리제도 감사",-,-,"1,050","10,300","1,050","10,289",2023-12-31,2023,audit_contract
20240318000420,Y,00760971,크래프톤,제16기(전기),삼정회계법인,"별도 및 연결 분ㆍ반기 재무제표 검토
별도 및 연결 재무제표 감사
내부회계관리제도 감사",-,-,940,"9,216",940,"9,329",2023-12-31,2023,audit_contract
20240318000420,Y,00760971,크래프톤,제15기(전전기),한영회계법인,"별도 및 연결 분ㆍ반기 재무제표 검토
별도 및 연결 재무제표 감사
내부회계관리제도 감사",-,-,975,"6,431",975,"9,407",2023-12-31,2023,audit_contract
20250318001121,Y,00760971,크래프톤,제18기(당기),삼정회계법인,"별도 및 연결 분ㆍ반기 재무제표 검토
별도 및 연결 재무제표 감사
내부회계관리제도 감사",-,-,"1,000","9,539","1,000","9,500",2024-12-31,2024,audit_contract
20250318001121,Y,00760971,크래프톤,제17기(전기),삼정회계법인,"별도 및 연결 분ㆍ반기 재무제표 검토
별도 및 연결 재무제표 감사
내부회계관리제도 감사",-,-,"1,050","10,300","1,050","10,289",2024-12-31,2024,audit_contract
20250318001121,Y,00760971,크래프톤,제16기(전전기),삼정회계법인,"별도 및 연결 분ㆍ반기 재무제표 검토
별도 및 연결 재무제표 감사
내부회계관리제도 감사",-,-,940,"9,216",940,"9,329",2024-12-31,2024,audit_contract
20190401003783,Y,00767460,PI첨단소재,제11기(당기),삼정회계법인,"연간감사, 반기검토
내부관리회계제도 검토","75,000천원","1,370시간",-,-,-,-,2018-12-31,2018,audit_contract
20190401003783,Y,00767460,PI첨단소재,제10기(전기),안진회계법인,"연간감사, 반기검토
내부관리회계제도 검토","65,000천원",798시간,-,-,-,-,2018-12-31,2018,audit_contract
20190401003783,Y,00767460,PI첨단소재,제9기(전전기),안진회계법인,"연간감사, 반기검토
내부관리회계제도 검토","63,000천원",697시간,-,-,-,-,2018-12-31,2018,audit_contract
20200330003343,Y,00767460,PI첨단소재,-,-,-,-,-,-,-,-,-,2019-12-31,2019,audit_contract
20200330003343,Y,00767460,PI첨단소재,-,-,-,-,-,-,-,-,-,2019-12-31,2019,audit_contract
20200330003343,Y,00767460,PI첨단소재,-,-,-,-,-,-,-,-,-,2019-12-31,2019,audit_contract
20210311000048,Y,00767460,PI첨단소재,제13기(당기),삼정회계법인,"연간감사, 반기검토,내부관리회계제도 검토",-,-,"136,000","1,355","136,000","1,270",2020-12-31,2020,audit_contract
20210311000048,Y,00767460,PI첨단소재,제12기(전기),삼정회계법인,"연간감사, 반기검토,내부관리회계제도 검토",-,-,"123,300","1,236","123,300","1,236",2020-12-31,2020,audit_contract
20210311000048,Y,00767460,PI첨단소재,제11기(전전기),삼정회계법인,"연간감사, 반기검토,내부관리회계제도 검토",-,-,"75,000","1,370","75,000","1,370",2020-12-31,2020,audit_contract
20220316000360,Y,00767460,PI첨단소재,제14기(당기),삼정회계법인,"연간감사, 반기검토,내부관리회계제도 검토",-,-,"136,000","1,355","136,000","1,506",2021-12-31,2021,audit_contract
20220316000360,Y,00767460,PI첨단소재,제13기(전기),삼정회계법인,"연간감사, 반기검토,내부관리회계제도 검토",-,-,"136,000","1,355","136,000","1,270",2021-12-31,2021,audit_contract
20220316000360,Y,00767460,PI첨단소재,제12기(전전기),삼정회계법인,"연간감사, 반기검토,내부관리회계제도 검토",-,-,"123,300","1,236","123,300","1,236",2021-12-31,2021,audit_contract
20230315000084,Y,00767460,PI첨단소재,제15기(당기),삼정회계법인,"연간감사, 반기검토,내부관리회계제도 검토",-,-,"180,000","1,800","180,000","1,787",2022-12-31,2022,audit_contract
20230315000084,Y,00767460,PI첨단소재,제14기(전기),삼정회계법인,"연간감사, 반기검토,내부관리회계제도 검토",-,-,"136,000","1,355","136,000","1,506",2022-12-31,2022,audit_contract
20230315000084,Y,00767460,PI첨단소재,제13기(전전기),삼정회계법인,"연간감사, 반기검토,내부관리회계제도 검토",-,-,"136,000","1,355","136,000","1,270",2022-12-31,2022,audit_contract
20240312000215,Y,00767460,PI첨단소재,제16기(당기),삼일회계법인,"연간감사, 반기검토,내부관리회계제도 감사",-,-,"225,000","1,900","225,000","1,922",2023-12-31,2023,audit_contract
20240312000215,Y,00767460,PI첨단소재,제15기(전기),삼정회계법인,"연간감사, 반기검토,내부관리회계제도 감사",-,-,"180,000","1,800","180,000","1,787",2023-12-31,2023,audit_contract
20240312000215,Y,00767460,PI첨단소재,제14기(전전기),삼정회계법인,"연간감사, 반기검토,내부관리회계제도 검토",-,-,"136,000","1,355","136,000","1,506",2023-12-31,2023,audit_contract
20250313000132,Y,00767460,PI첨단소재,제17기(당기),삼일회계법인,"연간감사, 반기검토,내부관리회계제도 감사",-,-,"270,000","2,300","270,000","2,105",2024-12-31,2024,audit_contract
20250313000132,Y,00767460,PI첨단소재,제16기(전기),삼일회계법인,"연간감사, 반기검토,내부관리회계제도 감사",-,-,"225,000","1,900","225,000","1,922",2024-12-31,2024,audit_contract
20250313000132,Y,00767460,PI첨단소재,제15기(전전기),삼정회계법인,"연간감사, 반기검토,내부관리회계제도 감사",-,-,"180,000","1,800","180,000","1,787",2024-12-31,2024,audit_contract
20210514001634,Y,00854997,에스디바이오센서,제11기(당기),안진회계법인,"별도 및 연결 재무제표에 대한 감사, 3분기 별도 및 연결재무제표에 대한 감사 및 내부회계관리제도 검토",-,-,"320,000","2,000","320,000","2,124",2020-12-31,2020,audit_contract
20210514001634,Y,00854997,에스디바이오센서,제10기(전기),삼일회계법인,별도 및 연결 재무제표에 대한 감사 내부회계관리제도 검토,-,-,"50,000",541,"53,200",577,2020-12-31,2020,audit_contract
20210514001634,Y,00854997,에스디바이오센서,제9기(전전기),삼일회계법인,별도 재무제표에 대한 감사,-,-,"35,000",355,"38,000",355,2020-12-31,2020,audit_contract
20250822000031,Y,00854997,에스디바이오센서,제12기(당기),안진회계법인,"분ㆍ반기 재무제표 검토
개별 및 연결재무제표 감사
내부회계관리제도",-,-,"745,000 ","6,500","745,000","5,914",2021-12-31,2021,audit_contract
20250822000031,Y,00854997,에스디바이오센서,제11기(전기),안진회계법인,"별도 및 연결 재무제표에 대한 감사,
3분기 별도 및 연결재무제표에 대한
감사 및 내부회계관리제도 검토",-,-,"320,000","2,000","320,000 ","2,124 ",2021-12-31,2021,audit_contract
20250822000031,Y,00854997,에스디바이오센서,제10기(전전기),삼일회계법인,"별도 및 연결 재무제표에 대한
감사 내부회계관리제도 검토",-,-,"50,000",541,"53,200",577,2021-12-31,2021,audit_contract
20250822000225,Y,00854997,에스디바이오센서,13기(당기),삼정회계법인,"분ㆍ반기 재무제표 검토
개별 및 연결재무제표 감사
내부회계관리제도 검토 및 감사",-,-,"610,000","6,000","610,000","5,913",2022-12-31,2022,audit_contract
20250822000225,Y,00854997,에스디바이오센서,제12기(전기),안진회계법인,"분ㆍ반기 재무제표 검토
개별 및 연결재무제표 감사
내부회계관리제도",-,-,"745,000 ","6,500","745,000","5,914",2022-12-31,2022,audit_contract
20250822000225,Y,00854997,에스디바이오센서,제11기(전전기),안진회계법인,"별도 및 연결 재무제표에 대한 감사,
3분기 별도 및 연결재무제표에 대한
감사 및 내부회계관리제도 검토",-,-,"320,000","2,000","320,000 ","2,124 ",2022-12-31,2022,audit_contract
20250822000247,Y,00854997,에스디바이오센서,제14기(당기),삼정회계법인,"분ㆍ반기 재무제표 검토
개별 및 연결재무제표 감사
내부회계관리제도 검토 및 감사",-,-,"830,000천원","8,000","830,000천원","8,075",2023-12-31,2023,audit_contract
20250822000247,Y,00854997,에스디바이오센서,13기(전기),삼정회계법인,"분ㆍ반기 재무제표 검토
개별 및 연결재무제표 감사
내부회계관리제도 검토 및 감사",-,-,"610,000천원","6,000","610,000천원","5,913",2023-12-31,2023,audit_contract
20250822000247,Y,00854997,에스디바이오센서,제12기(전전기),안진회계법인,"분ㆍ반기
 재무제표 검토
개별 및 연결재무제표 감사
내부회계관리제도",-,-,"745,000천원","6,500","745,000천원","5,914",2023-12-31,2023,audit_contract
20250822000274,Y,00854997,에스디바이오센서,제15기(당기),삼정회계법인,"분ㆍ반기 재무제표 검토
개별 및 연결재무제표 감사
내부회계관리제도 검토 및 감사",-,-,640,"6,400",640,"6,350",2024-12-31,2024,audit_contract
20250822000274,Y,00854997,에스디바이오센서,제14기(전기),삼정회계법인,"분ㆍ반기 재무제표 검토
개별 및 연결재무제표 감사
내부회계관리제도 검토 및 감사",-,-,830,"8,000",830,"8,075",2024-12-31,2024,audit_contract
20250822000274,Y,00854997,에스디바이오센서,제13기(전전기),삼정회계법인,"분ㆍ반기 재무제표 검토
개별 및 연결재무제표 감사
내부회계관리제도 검토 및 감사",-,-,610,"6,000",610,"5,913",2024-12-31,2024,audit_contract
20190329000274,Y,00564562,엠씨넥스,제15기(당기),삼정회계법인,재무제표 및 반기제무제표 대한 외부감사 용역,"100,000","1,608",-,-,-,-,2018-12-31,2018,audit_contract
20190329000274,Y,00564562,엠씨넥스,제14기(전기),이촌회계법인,재무제표 및 반기제무제표 대한 외부감사 용역,"140,000","1,504",-,-,-,-,2018-12-31,2018,audit_contract
20190329000274,Y,00564562,엠씨넥스,제13기(전전기),한영회계법인,재무제표 및 반기제무제표 대한 외부감사 용역,"50,000",971,-,-,-,-,2018-12-31,2018,audit_contract
20200330004648,Y,00564562,엠씨넥스,제16기(당기),삼정회계법인,재무제표 및 반기제무제표에 대한 외부감사 용역," 180,000","2,009",-,-,-,-,2019-12-31,2019,audit_contract
20200330004648,Y,00564562,엠씨넥스,제15기(전기),삼정회계법인,재무제표 및 반기제무제표에 대한 외부감사 용역,"100,000","1,608",-,-,-,-,2019-12-31,2019,audit_contract
20200330004648,Y,00564562,엠씨넥스,제14기(전전기), 이촌회계법인,재무제표 및 반기제무제표에 대한 외부감사 용역," 140,000","1,504",-,-,-,-,2019-12-31,2019,audit_contract
20210315000830,Y,00564562,엠씨넥스,제17기(당기),삼정회계법인,재무제표 및 반기재무제표에 대한 외부감사 용역,-,-," 180,000","1,993"," 180,000","2,093",2020-12-31,2020,audit_contract
20210315000830,Y,00564562,엠씨넥스,제16기(전기),삼정회계법인,재무제표 및 반기재무제표에 대한 외부감사 용역,-,-," 180,000","2,086"," 180,000","2,009",2020-12-31,2020,audit_contract
20210315000830,Y,00564562,엠씨넥스,제15기(전전기),삼정회계법인,재무제표 및 반기재무제표에 대한 외부감사 용역,-,-,"100,000","1,294","100,000","1,608",2020-12-31,2020,audit_contract
20220315000841,Y,00564562,엠씨넥스,제18기(당기),삼정회계법인,재무제표 및 반기재무제표에 대한 외부감사 용역,-,-," 180,000","2,061"," 180,000","2,085",2021-12-31,2021,audit_contract
20220315000841,Y,00564562,엠씨넥스,제17기(전기),삼정회계법인,재무제표 및 반기재무제표에 대한 외부감사 용역,-,-," 180,000","1,993"," 180,000","2,093",2021-12-31,2021,audit_contract
20220315000841,Y,00564562,엠씨넥스,제16기(전전기),삼정회계법인,재무제표 및 반기재무제표에 대한 외부감사 용역,-,-," 180,000","2,086"," 180,000","2,009",2021-12-31,2021,audit_contract
20230314000700,Y,00564562,엠씨넥스,제19기(당기),삼정회계법인,재무제표 및 반기재무제표에 대한 외부감사 용역,-,-,"235,000","2,700","235,000","2,681",2022-12-31,2022,audit_contract
20230314000700,Y,00564562,엠씨넥스,제18기(전기),삼정회계법인,재무제표 및 반기재무제표에 대한 외부감사 용역,-,-,"180,000","2,061","180,000","2,085",2022-12-31,2022,audit_contract
20230314000700,Y,00564562,엠씨넥스,제17기(전전기),삼정회계법인,재무제표 및 반기재무제표에 대한 외부감사 용역,-,-,"180,000","1,993","180,000","2,093",2022-12-31,2022,audit_contract
20240318000671,Y,00564562,엠씨넥스,제20기(당기),삼정회계법인,재무제표 및 반기재무제표에 대한 외부감사 용역,-,-,"235,000","2,700","235,000","2,637",2023-12-31,2023,audit_contract
20240318000671,Y,00564562,엠씨넥스,제19기(전기),삼정회계법인,재무제표 및 반기재무제표에 대한 외부감사 용역,-,-,"235,000","2,700","235,000","2,681",2023-12-31,2023,audit_contract
20240318000671,Y,00564562,엠씨넥스,제18기(전전기),삼정회계법인,재무제표 및 반기재무제표에 대한 외부감사 용역,-,-,"180,000","2,061","180,000","2,085",2023-12-31,2023,audit_contract
20250318001032,Y,00564562,엠씨넥스,제21기(당기),삼정회계법인,재무제표 및 반기재무제표에 대한 외부감사 용역,-,-,250,"2,600",250,"2,483",2024-12-31,2024,audit_contract
20250318001032,Y,00564562,엠씨넥스,제20기(전기),삼정회계법인,재무제표 및 반기재무제표에 대한 외부감사 용역,-,-,235,"2,700",235,"2,637",2024-12-31,2024,audit_contract
20250318001032,Y,00564562,엠씨넥스,제19기(전전기),삼정회계법인,재무제표 및 반기재무제표에 대한 외부감사 용역,-,-,235,"2,700",235,"2,681",2024-12-31,2024,audit_contract
