model,variable,coef,std_err,t_or_z,p_value
M1_controls,Intercept,-0.4288870831780378,0.15563985877302344,-2.7556378331305416,0.0058577818001372545
M1_controls,C(year)[T.2019],-0.030050569459693748,0.022933719816754017,-1.3103225163560506,0.19008675344347314
M1_controls,C(year)[T.2020],-0.09959028293729837,0.02107584206787427,-4.725328772941557,2.2974334943419e-06
M1_controls,C(year)[T.2021],0.01769767252802022,0.022764750227098077,0.7774156250989194,0.43691359678671526
M1_controls,C(year)[T.2022],0.04514441836343856,0.02428448480071968,1.8589819275103867,0.06302970009563567
M1_controls,C(year)[T.2023],-0.06372397902610034,0.02131294140123118,-2.989919496631245,0.0027905098112303663
M1_controls,C(year)[T.2024],-0.00310537351845702,0.022459572402643506,-0.1382650329572399,0.8900309596958192
M1_controls,C(sector)[T.1차 철강 제조업],0.004802887511705985,0.05732544953036044,0.08378281463213476,0.9332291119095752
M1_controls,C(sector)[T.가구 제조업],0.015148490678765362,0.06928242928965138,0.21864837642215978,0.8269239655091847
M1_controls,C(sector)[T.가전제품 및 정보통신장비 소매업],-0.1122022681488882,0.05029999639386899,-2.2306615545317294,0.02570355608348163
M1_controls,C(sector)[T.가정용 기기 제조업],0.1026025461254963,0.04794212455424864,2.1401334855195446,0.03234398063835391
M1_controls,"C(sector)[T.가죽, 가방 및 유사제품 제조업]",0.07326782454389554,0.07126433406457502,1.0281135087504654,0.3038964369018814
M1_controls,C(sector)[T.개인 및 가정용품 임대업],0.29042543491476736,0.04949831768335163,5.8673799132460145,4.427354425735244e-09
M1_controls,C(sector)[T.건물 건설업],0.015486075044150095,0.06985700366660391,0.22168249754968267,0.8245610560626929
M1_controls,C(sector)[T.건물설비 설치 공사업],0.0021557878304436545,0.050522628264204436,0.042669748279327784,0.9659647949728811
M1_controls,"C(sector)[T.건축기술, 엔지니어링 및 관련 기술 서비스업]",0.09652587865092777,0.08742226642727906,1.1041337933193647,0.26953510404010395
M1_controls,"C(sector)[T.건축자재, 철물 및 난방장치 도매업]",-0.14870963596185288,0.04906099747061954,-3.031117254615716,0.002436506090131021
M1_controls,"C(sector)[T.경비, 경호 및 탐정업]",-0.17410276816306056,0.04910123661548189,-3.545791922237759,0.0003914351593989848
M1_controls,C(sector)[T.고무제품 제조업],0.03867801708340649,0.13918702866557334,0.2778852128263957,0.7811004754773748
M1_controls,"C(sector)[T.곡물가공품, 전분 및 전분제품 제조업]",0.014989145903476438,0.06899757069908631,0.21724164708417668,0.8280200299094875
M1_controls,"C(sector)[T.골판지, 종이 상자 및 종이용기 제조업]",-0.012598411036716746,0.07651684810462862,-0.16464884987800024,0.8692203792465295
M1_controls,C(sector)[T.광고업],0.12013696007340044,0.06351629442056275,1.8914352792361155,0.05856626289479681
M1_controls,"C(sector)[T.구조용 금속제품, 탱크 및 증기발생기 제조업]",0.06889429874520003,0.05610219129900044,1.2280143992597934,0.21944156265279624
M1_controls,C(sector)[T.귀금속 및 장신용품 제조업],-0.18722895411173077,0.04876475673548639,-3.839431725811998,0.0001233194158373531
M1_controls,C(sector)[T.그외 기타 개인 서비스업],0.2318497754394777,0.04931726994866498,4.7011883601994455,2.5865178180341487e-06
M1_controls,C(sector)[T.그외 기타 운송장비 제조업],0.041099412788475904,0.09812454286939133,0.4188494701389975,0.675326147839792
M1_controls,C(sector)[T.금속 주조업],0.09882368224079835,0.04814476897431109,2.0526359217452748,0.04010790094501489
M1_controls,C(sector)[T.기계장비 및 관련 물품 도매업],-0.024761971205055015,0.05593790807388292,-0.4426688815811515,0.6580052538975067
M1_controls,C(sector)[T.기반조성 및 시설물 축조관련 전문공사업],-0.01681160481167647,0.049011127897239,-0.3430160768167822,0.73158636554798
M1_controls,C(sector)[T.기초 의약물질 제조업],0.036652348230155736,0.08045437688876152,0.4555668646944131,0.6487014751620026
M1_controls,C(sector)[T.기초 화학물질 제조업],0.05558438696069837,0.06548096790127376,0.8488632459511509,0.39595739242976247
M1_controls,C(sector)[T.기타 금속 가공제품 제조업],0.08606028389562329,0.07839829535095186,1.097731570697709,0.2723217197129977
M1_controls,C(sector)[T.기타 비금속 광물제품 제조업],-0.1574060872332049,0.0530214794274103,-2.968723033251149,0.00299039999075127
M1_controls,C(sector)[T.기타 사업지원 서비스업],-0.15708235774489565,0.05007130557996167,-3.1371731958145577,0.0017058532648107758
M1_controls,C(sector)[T.기타 상품 전문 소매업],-0.12192621161978548,0.049246352673108805,-2.4758424736369125,0.013292221096597522
M1_controls,C(sector)[T.기타 식품 제조업],-0.030504172430643628,0.06276595825180852,-0.4859986731703358,0.6269681066741458
M1_controls,C(sector)[T.기타 운송관련 서비스업],-0.09261221140868546,0.053954267725866305,-1.7164946409658357,0.08607154798147397
M1_controls,C(sector)[T.기타 전기장비 제조업],-0.20370385555860646,0.04985198514786614,-4.086173398198683,4.3854608388116345e-05
M1_controls,C(sector)[T.기타 전문 도매업],0.054440824936500466,0.06816269190960535,0.7986894797039079,0.42447048843513835
M1_controls,C(sector)[T.기타 정보 서비스업],-0.0635271027291683,0.08475331409764725,-0.7495530222685629,0.4535239533253441
M1_controls,C(sector)[T.기타 종이 및 판지 제품 제조업],0.17278158749258749,0.050003882131501184,3.4553634663445347,0.0005495514446776854
M1_controls,C(sector)[T.기타 화학제품 제조업],-0.006783753257277441,0.0555031051152036,-0.12222295028714009,0.9027224510148849
M1_controls,C(sector)[T.나무제품 제조업],-0.19880965324881048,0.04801983229272747,-4.140157175828369,3.470679361343094e-05
M1_controls,"C(sector)[T.내화, 비내화 요업제품 제조업]",0.1088989708774841,0.07944595819146656,1.3707301586700622,0.17045908973941304
M1_controls,C(sector)[T.담배 제조업],0.22329473799080501,0.05190801690746668,4.301738946969583,1.6946289505734032e-05
M1_controls,C(sector)[T.도로 화물 운송업],0.12088428368786588,0.05573516309471986,2.1689051753993702,0.030089883754843935
M1_controls,"C(sector)[T.도축, 육류 가공 및 저장 처리업]",-0.09095462936586607,0.049886517315315154,-1.8232306895864028,0.06826845876690274
M1_controls,C(sector)[T.동·식물성 유지 및 낙농제품 제조업],0.037773243874028584,0.06381400390338676,0.5919271878194101,0.553899346987527
M1_controls,C(sector)[T.동물용 사료 및 조제식품 제조업],-0.21901425414304593,0.04840497577282457,-4.5246227406647,6.0503332154778225e-06
M1_controls,"C(sector)[T.떡, 빵 및 과자류 제조업]",0.12106926314439771,0.04822856129791286,2.510322926627237,0.012062079985735118
M1_controls,C(sector)[T.무기 및 총포탄 제조업],0.196171518649698,0.19972671223217828,0.9821997090787364,0.3260014708920469
M1_controls,C(sector)[T.무점포 소매업],0.08749323290374264,0.049272717511232425,1.7756932704959352,0.07578348718475653
M1_controls,C(sector)[T.반도체 제조업],0.08483741468150274,0.0656141830883954,1.2929737244036068,0.19602014698070458
M1_controls,C(sector)[T.방적 및 가공사 제조업],0.1787343623379465,0.06580046707934033,2.716308413471195,0.006601439029942472
M1_controls,C(sector)[T.봉제의복 제조업],0.048302946388184546,0.07084757602008836,0.6817868599271282,0.49537373424120346
M1_controls,"C(sector)[T.비료, 농약 및 살균, 살충제 제조업]",-0.04344972124636475,0.06787178177516744,-0.6401735759685316,0.5220597596593676
M1_controls,C(sector)[T.비알코올음료 및 얼음 제조업],0.03179520604768257,0.0488523833425763,0.6508424742498102,0.5151481788580028
M1_controls,C(sector)[T.산업용 기계 및 장비 임대업],0.18336994130441597,0.04924333940079665,3.7237511414883744,0.00019628441452124932
M1_controls,C(sector)[T.산업용 농·축산물 및 동·식물 도매업],-0.0485024217136519,0.048420664425579796,-1.001688479268965,0.31649407260789164
M1_controls,C(sector)[T.상품 종합 도매업],0.00857557007419457,0.06393510302865296,0.1341292915466386,0.8933003376149973
M1_controls,C(sector)[T.상품 중개업],-0.09511841736577285,0.07020103213745285,-1.354943288861224,0.17543562616356245
M1_controls,C(sector)[T.생활용품 도매업],0.08726148315936906,0.08207850093513731,1.0631466482109317,0.28771545261078457
M1_controls,"C(sector)[T.서적, 잡지 및 기타 인쇄물 출판업]",0.12910743712428246,0.10086813197667906,1.279962606565693,0.20055828730228087
M1_controls,C(sector)[T.석유 정제품 제조업],-0.07889061338138376,0.08998738456840093,-0.8766852571586595,0.38065761661775765
M1_controls,C(sector)[T.선박 및 보트 건조업],-0.12591767196420434,0.07079373167727498,-1.7786556659877886,0.07529623179539652
M1_controls,"C(sector)[T.섬유, 의복, 신발 및 가죽제품 소매업]",-0.00011628047120756756,0.056410280438939094,-0.002061334747899978,0.9983552939947579
M1_controls,C(sector)[T.소프트웨어 개발 및 공급업],0.07825834437324,0.08755555410750146,0.8938135926494593,0.37142163529720684
M1_controls,C(sector)[T.수산물 가공 및 저장 처리업],-0.04779805290472121,0.06443164980129305,-0.741841207731452,0.458183550317503
M1_controls,C(sector)[T.스포츠 서비스업],0.16142909663003652,0.05043077332004172,3.2010037919819663,0.001369497298218292
M1_controls,"C(sector)[T.시멘트, 석회, 플라스터 및 그 제품 제조업]",-0.08169751670752379,0.07615632349122661,-1.0727607762858395,0.2833784636743023
M1_controls,C(sector)[T.신발 및 신발 부분품 제조업],-0.2237902260701811,0.04825733766687886,-4.637434157992893,3.5276092937755193e-06
M1_controls,C(sector)[T.악기 제조업],0.08854115003840887,0.04813401887780344,1.8394713780951044,0.06584588396885185
M1_controls,C(sector)[T.알코올음료 제조업],-0.030347482761651293,0.07840984137371455,-0.3870366554755552,0.6987290714475876
M1_controls,C(sector)[T.어로 어업],0.05468917784926705,0.16374289746434154,0.3339941988090004,0.7383839362430888
M1_controls,C(sector)[T.여행사 및 기타 여행보조 서비스업],0.15475889325742395,0.0517281557005838,2.991772878066816,0.002773625305528628
M1_controls,C(sector)[T.연료 소매업],0.008987172527799908,0.09299880788642799,0.09663750248041053,0.9230142731871681
M1_controls,C(sector)[T.연료용 가스 제조 및 배관공급업],-0.06815347696760482,0.08701129938405916,-0.7832715687508837,0.43346765522972186
M1_controls,C(sector)[T.영상 및 음향기기 제조업],0.03670342296506747,0.09344717144643579,0.3927718987846089,0.6944879616170303
M1_controls,"C(sector)[T.영화, 비디오물, 방송프로그램 제작 및 배급업]",0.00965663805603006,0.14074584670347992,0.06861046547522244,0.9452996882552507
M1_controls,C(sector)[T.오디오물 출판 및 원판 녹음업],0.17755222486957642,0.04933387148999235,3.598992325295084,0.00031945261579582976
M1_controls,C(sector)[T.운송장비 임대업],0.15203655794548035,0.2576624562861394,0.5900609663390024,0.5551497767989421
M1_controls,C(sector)[T.유리 및 유리제품 제조업],0.14483113954922766,0.062320022832993004,2.323990476340972,0.020126004477387112
M1_controls,C(sector)[T.유원지 및 기타 오락관련 서비스업],-0.020963949816505453,0.07035935168763845,-0.2979554147908478,0.7657371927036334
M1_controls,C(sector)[T.육상 여객 운송업],0.02829099834849294,0.07504552788545474,0.37698446723800416,0.706185148136744
M1_controls,C(sector)[T.음·식료품 및 담배 도매업],-0.033069484663766066,0.06249624714349537,-0.529143527415917,0.5967058883128764
M1_controls,C(sector)[T.음식점업],-0.07895963684360313,0.048125804772882856,-1.640692290055875,0.10086130617674027
M1_controls,C(sector)[T.의료용 기기 제조업],0.019903898238543355,0.10333327224241964,0.19261848392692774,0.8472577679298641
M1_controls,C(sector)[T.의료용품 및 기타 의약 관련제품 제조업],0.16351609085034274,0.05327137968123294,3.0694923208070786,0.0021442291803955736
M1_controls,C(sector)[T.의약품 제조업],0.049033217742242695,0.05815371559119143,0.8431656901673499,0.3991357840714813
M1_controls,C(sector)[T.일반 목적용 기계 제조업],0.03139822624512622,0.06967386295631789,0.45064569284483874,0.6522449288813518
M1_controls,C(sector)[T.일반 및 생활 숙박시설 운영업],0.06527138488137602,0.048025952885827734,1.3590856809555847,0.17411943969748078
M1_controls,C(sector)[T.일차전지 및 이차전지 제조업],0.04677317034843753,0.08766902397026285,0.5335199165021262,0.5936737279695254
M1_controls,C(sector)[T.자동차 부품 및 내장품 판매업],0.0008883869662453599,0.04931871829651103,0.018013180328496237,0.9856283387358014
M1_controls,C(sector)[T.자동차 신품 부품 제조업],0.013556595744060202,0.0566989458572637,0.23909784457348016,0.8110297130945062
M1_controls,C(sector)[T.자동차 판매업],0.10140335263918385,0.11765597122848805,0.8618632066047749,0.388762798045566
M1_controls,C(sector)[T.자동차용 엔진 및 자동차 제조업],-0.0897412237991522,0.06673330545296319,-1.344774145234063,0.1786981820825193
M1_controls,"C(sector)[T.자료처리, 호스팅, 포털 및 기타 인터넷 정보매개 서비스업]",-0.010757944235843718,0.07792629951462464,-0.13805280505876896,0.8901986846385719
M1_controls,C(sector)[T.자연과학 및 공학 연구개발업],-0.0882470635781801,0.11654025495918993,-0.7572238760682518,0.4489157482090135
M1_controls,C(sector)[T.전구 및 조명장치 제조업],-0.0010234514048549342,0.05632032132009633,-0.018171973825187395,0.9855016605917625
M1_controls,C(sector)[T.전기 및 통신 공사업],-0.037086553025621374,0.054886503705947234,-0.6756953079815659,0.49923411556951136
M1_controls,C(sector)[T.전기 통신업],-0.09443731733410683,0.05632769312300913,-1.6765699445186477,0.09362660812363033
M1_controls,C(sector)[T.전기업],0.20784895696403063,0.12697713033352143,1.6369007270686395,0.10165121400816397
M1_controls,"C(sector)[T.전동기, 발전기 및 전기 변환 · 공급 · 제어 장치 제조업]",0.05701971448521876,0.07777414618135034,0.7331448467754657,0.4634700898793891
M1_controls,C(sector)[T.전자부품 제조업],0.0004720950281040219,0.0585154567681787,0.008067868802158132,0.9935628418772317
M1_controls,C(sector)[T.절연선 및 케이블 제조업],-0.06335050183134856,0.08715894266011087,-0.7268388061841591,0.4673247076020187
M1_controls,C(sector)[T.제재 및 목재 가공업],0.11823324952544237,0.12397935081817063,0.9536527554402543,0.3402594421338827
M1_controls,C(sector)[T.종합 소매업],-0.07013776865499535,0.06635246692212304,-1.0570483948594567,0.29048950125073236
M1_controls,"C(sector)[T.증기, 냉·온수 및 공기조절 공급업]",0.003418111839502134,0.049790926408151075,0.06864929187062824,0.9452687821444012
M1_controls,C(sector)[T.직물직조 및 직물제품 제조업],0.21928615058162532,0.12937181972635786,1.695007081491554,0.09007407742103579
M1_controls,C(sector)[T.초등 교육기관],-0.07693314081349173,0.11332271848544728,-0.6788854154021319,0.497210467432011
M1_controls,"C(sector)[T.측정, 시험, 항해, 제어 및 기타 정밀기기 제조업; 광학기기 제외]",0.05290786021966048,0.09694304427337821,0.5457623145241958,0.5852293311001289
M1_controls,C(sector)[T.컴퓨터 및 주변장치 제조업],-0.15358334116951544,0.050471197630735105,-3.0429898314120614,0.0023424024825469836
M1_controls,"C(sector)[T.컴퓨터 프로그래밍, 시스템 통합 및 관리업]",0.03753978771193213,0.06886477887847664,0.5451231866754024,0.5856687966147549
M1_controls,C(sector)[T.텔레비전 방송업],-0.024422816504268197,0.08790031562108043,-0.2778467441408261,0.78113000671025
M1_controls,C(sector)[T.토목 건설업],0.07151778994199523,0.06481079594516329,1.1034857526284165,0.2698162753515294
M1_controls,C(sector)[T.통신 및 방송 장비 제조업],-0.02524701490938897,0.09259228983358407,-0.27266865259262274,0.7851079334979011
M1_controls,C(sector)[T.특수 목적용 기계 제조업],0.009592132655565863,0.05881195420044568,0.16309834940824283,0.8704409993779879
M1_controls,"C(sector)[T.펄프, 종이 및 판지 제조업]",-0.0648028241924971,0.07810767248440506,-0.8296601618161852,0.40673095151185557
M1_controls,C(sector)[T.편조원단 제조업],0.21607935407290446,0.05169223999685488,4.180112026216149,2.9136552221553885e-05
M1_controls,C(sector)[T.플라스틱제품 제조업],-0.03782248498507998,0.05663820208820922,-0.6677910595780326,0.5042669742753811
M1_controls,C(sector)[T.합성고무 및 플라스틱 물질 제조업],0.2935484097501147,0.06224584930560263,4.715951553796101,2.4058368086468033e-06
M1_controls,C(sector)[T.항공 여객 운송업],0.0702413313787507,0.1041442395983446,0.6744619928058624,0.5000176414618007
M1_controls,"C(sector)[T.항공기,우주선 및 부품 제조업]",0.2984265721541486,0.050044767486111426,5.963192300513112,2.4735702404810283e-09
M1_controls,C(sector)[T.해상 운송업],0.013996845831440109,0.07735912257812562,0.18093335814796216,0.8564198849371327
M1_controls,C(sector)[T.화학섬유 제조업],-0.03256272805089894,0.0768294738020899,-0.423831199661466,0.6716889226430043
M1_controls,LogAssets_w,0.021953718684039326,0.005623334818070218,3.9040390434324643,9.460050936355589e-05
M1_controls,Leverage_w,0.10259743153611105,0.04508808332420137,2.2754888647271705,0.022876619916045927
M1_controls,ROA_w,-0.3637576708469263,0.13709535347845989,-2.653318742156196,0.007970456568019361
M1_controls,Loss,0.013719432364253999,0.021695910400265524,0.6323510795880727,0.5271574929538011
M2_audit,Intercept,-0.10407255653413688,0.3380258960124125,-0.307883383379347,0.7581710701793294
M2_audit,C(year)[T.2019],-0.03591562065384998,0.024778447161867157,-1.4494701955787772,0.14720631783688948
M2_audit,C(year)[T.2020],0.03632563677877371,0.24457248129949996,0.14852708115713906,0.8819268153007827
M2_audit,C(sector)[T.1차 철강 제조업],0.15135634121638708,0.09567814934193183,1.5819321575240144,0.11366505884814959
M2_audit,C(sector)[T.가구 제조업],0.16180382220640166,0.15507302342744594,1.0434040597790037,0.2967611940672036
M2_audit,C(sector)[T.가전제품 및 정보통신장비 소매업],0.3435352568551028,0.08129640258954224,4.225712896419039,2.3818551432597048e-05
M2_audit,C(sector)[T.가정용 기기 제조업],-0.10731341420153126,0.07507851527544067,-1.429349179426769,0.15290389743584964
M2_audit,"C(sector)[T.가죽, 가방 및 유사제품 제조업]",-0.052686454602986786,0.08034853909220734,-0.6557238650291356,0.5120018107583563
M2_audit,C(sector)[T.개인 및 가정용품 임대업],-0.10696509541864258,0.07985680974006533,-1.3394611651381387,0.180420588840712
M2_audit,C(sector)[T.건물 건설업],0.090379602599175,0.17133371228047997,0.5275062414524706,0.5978420832960848
M2_audit,C(sector)[T.건물설비 설치 공사업],-0.07148590860074164,0.07814090801422642,-0.9148333493607066,0.3602791242851142
M2_audit,"C(sector)[T.건축기술, 엔지니어링 및 관련 기술 서비스업]",0.01860238235712669,0.11486270124806804,0.1619532028674067,0.8713427059611074
M2_audit,"C(sector)[T.건축자재, 철물 및 난방장치 도매업]",-0.09297130229518981,0.08279354276114437,-1.1229293879041728,0.26146748508879447
M2_audit,"C(sector)[T.경비, 경호 및 탐정업]",-0.11974834115337292,0.07887319146288668,-1.5182388202171304,0.12895420443993097
M2_audit,C(sector)[T.고무제품 제조업],0.07666596536111035,0.21683602523487058,0.353566550014316,0.7236637463004265
M2_audit,"C(sector)[T.곡물가공품, 전분 및 전분제품 제조업]",0.05469445221429456,0.15037078644469376,0.36373057232370815,0.7160592114381243
M2_audit,"C(sector)[T.골판지, 종이 상자 및 종이용기 제조업]",-0.002090297771924682,0.10316942471339487,-0.02026082609001202,0.9838353056186335
M2_audit,C(sector)[T.광고업],0.224665664419285,0.1222618195839299,1.8375782822785265,0.06612457144403992
M2_audit,"C(sector)[T.구조용 금속제품, 탱크 및 증기발생기 제조업]",0.01695873147813915,0.13536598789353943,0.12528059479369807,0.900301414250139
M2_audit,C(sector)[T.귀금속 및 장신용품 제조업],-0.10672106987747557,0.07652341666322093,-1.394619771711897,0.1631305296017065
M2_audit,C(sector)[T.그외 기타 개인 서비스업],0.38283549754418067,0.08411241673422892,4.551474234224311,5.327132240159647e-06
M2_audit,C(sector)[T.그외 기타 운송장비 제조업],0.011328438503213717,0.2200180496557896,0.05148867795590705,0.9589361235679685
M2_audit,C(sector)[T.금속 주조업],-0.12480571778899348,0.07646347912379409,-1.6322265115210555,0.10263177778313858
M2_audit,C(sector)[T.기계장비 및 관련 물품 도매업],0.09656950189500464,0.11999047061130656,0.8048097603336261,0.42092946846336976
M2_audit,C(sector)[T.기반조성 및 시설물 축조관련 전문공사업],-0.08341185574774698,0.07498001389259082,-1.1124545251116493,0.26594277215759055
M2_audit,C(sector)[T.기초 의약물질 제조업],0.381370514986829,0.07752897965342224,4.919070477796424,8.69561583253598e-07
M2_audit,C(sector)[T.기초 화학물질 제조업],-0.009555635632046158,0.08784088239490734,-0.10878346587055865,0.9133742383068417
M2_audit,C(sector)[T.기타 금속 가공제품 제조업],0.3006110177672917,0.19855629258533078,1.513983837294415,0.13002993884403655
M2_audit,C(sector)[T.기타 비금속 광물제품 제조업],-0.1322299456137344,0.08771802532518475,-1.5074432549471657,0.13169707858678145
M2_audit,C(sector)[T.기타 사업지원 서비스업],-0.12174568869866237,0.08117043284965614,-1.4998772881273126,0.13364619215668966
M2_audit,C(sector)[T.기타 상품 전문 소매업],-0.17802819330063502,0.08010934282806322,-2.2223149886865596,0.026262025903491804
M2_audit,C(sector)[T.기타 식품 제조업],0.005131445285943045,0.09938500702760598,0.051631985944496576,0.9588219322244623
M2_audit,C(sector)[T.기타 운송관련 서비스업],0.0020193078487423946,0.1448840899943808,0.01393740229738622,0.9888799219051031
M2_audit,C(sector)[T.기타 전기장비 제조업],-0.11434787657514252,0.08425158249854783,-1.3572193326708544,0.17471152970662995
M2_audit,C(sector)[T.기타 전문 도매업],0.08247961243044513,0.10903383768118112,0.7564588588692851,0.449374130038244
M2_audit,C(sector)[T.기타 정보 서비스업],0.12346682762429506,0.19328814892244103,0.6387708108986934,0.5229720395799528
M2_audit,C(sector)[T.기타 종이 및 판지 제품 제조업],0.40553902522973595,0.08289097015568249,4.892439121753176,9.959392742868602e-07
M2_audit,C(sector)[T.기타 화학제품 제조업],0.029812439954975387,0.09222564127322075,0.32325543681128,0.7465018000208314
M2_audit,C(sector)[T.나무제품 제조업],-0.1668180418886351,0.07853483652859129,-2.1241279572524934,0.033659445314595235
M2_audit,"C(sector)[T.내화, 비내화 요업제품 제조업]",0.24822123271889823,0.13813924911055064,1.7968914288816695,0.07235285760279991
M2_audit,C(sector)[T.담배 제조업],0.8793913612475568,0.0881262295158081,9.978769840479915,1.8879282630614422e-23
M2_audit,C(sector)[T.도로 화물 운송업],0.1957181339485709,0.1349308373264221,1.4505070733022527,0.14691716816082556
M2_audit,"C(sector)[T.도축, 육류 가공 및 저장 처리업]",-0.22865483081005156,0.09556643166449491,-2.3926270639965934,0.016728234694356064
M2_audit,C(sector)[T.동·식물성 유지 및 낙농제품 제조업],0.15610932001295097,0.19726069006529445,0.7913858557489476,0.4287188612401974
M2_audit,C(sector)[T.동물용 사료 및 조제식품 제조업],-0.16419239458373638,0.0772354095313715,-2.1258694111933814,0.03351413449536608
M2_audit,"C(sector)[T.떡, 빵 및 과자류 제조업]",-0.15055963881208698,0.08059792722381613,-1.8680336330981677,0.06175738307011998
M2_audit,C(sector)[T.무기 및 총포탄 제조업],-0.18185825787754423,0.08977817501655197,-2.025639949174907,0.04280169457245891
M2_audit,C(sector)[T.무점포 소매업],-0.12071673292677007,0.07833094220732235,-1.5411117181159797,0.12328959838637935
M2_audit,C(sector)[T.반도체 제조업],0.24968917218743059,0.14739333802593796,1.6940329565199943,0.0902590207183161
M2_audit,C(sector)[T.방적 및 가공사 제조업],0.11255793894887339,0.1686612529896496,0.6673609792035687,0.5045415842675691
M2_audit,C(sector)[T.봉제의복 제조업],0.00935724526626426,0.1001237353649232,0.0934568135333715,0.925540657289412
M2_audit,"C(sector)[T.비료, 농약 및 살균, 살충제 제조업]",0.2380699867499384,0.2156400595019399,1.1040155864351202,0.26958637653941775
M2_audit,C(sector)[T.비알코올음료 및 얼음 제조업],-0.17902071882575601,0.0866464044955237,-2.066106722697357,0.03881840360796577
M2_audit,C(sector)[T.산업용 농·축산물 및 동·식물 도매업],-0.21156287741731633,0.08350555418614145,-2.5335186321346184,0.011292373673350514
M2_audit,C(sector)[T.상품 종합 도매업],0.10945556568143672,0.11475668144343155,0.9538056024684891,0.34018205298467474
M2_audit,C(sector)[T.상품 중개업],-0.18812332572843787,0.08287727598167882,-2.269902376738651,0.023213506885948348
M2_audit,C(sector)[T.생활용품 도매업],0.03560250930222719,0.19089194320865985,0.18650608665715587,0.8520479061387979
M2_audit,"C(sector)[T.서적, 잡지 및 기타 인쇄물 출판업]",0.13580423049343712,0.20115075909952693,0.6751365547979009,0.49958901098571884
M2_audit,C(sector)[T.석유 정제품 제조업],0.1018584363404209,0.16836871020602123,0.6049724810256236,0.5451972816834716
M2_audit,C(sector)[T.선박 및 보트 건조업],-0.024124663553897197,0.15963742901788008,-0.151121599128204,0.8798797945309053
M2_audit,"C(sector)[T.섬유, 의복, 신발 및 가죽제품 소매업]",0.07862002790409771,0.19710609737522286,0.39887161762648043,0.6899878032606799
M2_audit,C(sector)[T.소프트웨어 개발 및 공급업],0.6607851266683092,0.14903249467462712,4.433832555181728,9.257253435234709e-06
M2_audit,C(sector)[T.수산물 가공 및 저장 처리업],-0.05031294723988095,0.14133731735169525,-0.35597779965417947,0.7218571909270138
M2_audit,C(sector)[T.스포츠 서비스업],-0.13057270637482707,0.09195544279880885,-1.4199562570810484,0.15562041624849254
M2_audit,"C(sector)[T.시멘트, 석회, 플라스터 및 그 제품 제조업]",0.001451169813369263,0.12344365655974748,0.011755726084368603,0.9906205036932773
M2_audit,C(sector)[T.신발 및 신발 부분품 제조업],-0.12734735982131862,0.07658448354022103,-1.6628350017459828,0.09634546813597755
M2_audit,C(sector)[T.악기 제조업],0.868978675345581,0.07636790920258048,11.378845963170852,5.3300366784834464e-30
M2_audit,C(sector)[T.알코올음료 제조업],0.1986239512773504,0.14985802534982157,1.3254141766094405,0.18503381754705928
M2_audit,C(sector)[T.어로 어업],0.1369184545433486,0.20603366373901236,0.6645440946814711,0.5063421367769649
M2_audit,C(sector)[T.여행사 및 기타 여행보조 서비스업],-0.19403224856142115,0.08252289970804687,-2.3512534005455086,0.018710287036303747
M2_audit,C(sector)[T.연료 소매업],0.07617178218710768,0.18945408861359098,0.40205932078070394,0.6876403696778826
M2_audit,C(sector)[T.연료용 가스 제조 및 배관공급업],-0.004945418376377075,0.15688872663034317,-0.03152182111866668,0.9748533900542228
M2_audit,C(sector)[T.영상 및 음향기기 제조업],-0.15382524818464263,0.07944350194324612,-1.9362848366696412,0.052832824900229156
M2_audit,"C(sector)[T.영화, 비디오물, 방송프로그램 제작 및 배급업]",0.289318418589147,0.08073523629914568,3.583545820280314,0.00033896127026454873
M2_audit,C(sector)[T.유원지 및 기타 오락관련 서비스업],0.043374352897050175,0.17449120441333937,0.24857615627607144,0.8036886542040225
M2_audit,C(sector)[T.육상 여객 운송업],0.1764854100356295,0.19340380059943157,0.9125229674320485,0.3614934847477338
M2_audit,C(sector)[T.음·식료품 및 담배 도매업],0.1689161684618166,0.19635067759381594,0.8602780012363788,0.38963581639609635
M2_audit,C(sector)[T.음식점업],-0.16581041589386858,0.07670295499524454,-2.1617213561609008,0.030639660488710137
M2_audit,C(sector)[T.의료용 기기 제조업],-0.13137063761281542,0.07715701554930648,-1.7026402158966896,0.08863541919405649
M2_audit,C(sector)[T.의약품 제조업],0.1787571308396443,0.09466705704531442,1.8882717644225318,0.05898947586327122
M2_audit,C(sector)[T.일반 목적용 기계 제조업],0.07961310600316225,0.11262883198748976,0.7068625732708058,0.479651884407175
M2_audit,C(sector)[T.일반 및 생활 숙박시설 운영업],0.3450868344138077,0.07670876274576371,4.498662500365583,6.838231661256654e-06
M2_audit,C(sector)[T.일차전지 및 이차전지 제조업],0.12414869243901372,0.13903136573268438,0.8929545630567596,0.3718815055807567
M2_audit,C(sector)[T.자동차 부품 및 내장품 판매업],-0.08593886283880639,0.0790915419366792,-1.0865746290242915,0.27722484260161917
M2_audit,C(sector)[T.자동차 신품 부품 제조업],0.021472720597484465,0.08754438013287574,0.24527811568136018,0.8062410954421386
M2_audit,C(sector)[T.자동차 판매업],-0.13551818999371074,0.08096762084443673,-1.6737331365346912,0.09418305831361783
M2_audit,C(sector)[T.자동차용 엔진 및 자동차 제조업],-0.21137328858178134,0.08534946359563507,-2.4765625895813055,0.013265436378560353
M2_audit,"C(sector)[T.자료처리, 호스팅, 포털 및 기타 인터넷 정보매개 서비스업]",0.12246510489677787,0.12167526095349289,1.006491409486986,0.31417924193644853
M2_audit,C(sector)[T.전구 및 조명장치 제조업],-0.26085836025699816,0.0980428685693022,-2.6606561401516813,0.0077988557985219364
M2_audit,C(sector)[T.전기 및 통신 공사업],-0.11116325621811447,0.07969138527499164,-1.3949218705952044,0.16303940113608384
M2_audit,C(sector)[T.전기 통신업],-0.1609716911529184,0.08093151083943037,-1.9889866071114037,0.04670268125552835
M2_audit,C(sector)[T.전기업],0.26597510167149185,0.09418288976103543,2.8240278286887825,0.004742426701642669
M2_audit,"C(sector)[T.전동기, 발전기 및 전기 변환 · 공급 · 제어 장치 제조업]",0.14161922062269094,0.12162423301328339,1.1643997015563812,0.24426206849007936
M2_audit,C(sector)[T.전자부품 제조업],0.1372306402306238,0.1107681747714452,1.2388995351217102,0.21538270587255337
M2_audit,C(sector)[T.절연선 및 케이블 제조업],-0.02831164087958137,0.15124623438867535,-0.187189062881563,0.8515123998310818
M2_audit,C(sector)[T.제재 및 목재 가공업],0.853033164137271,0.08186915113277657,10.419469999802606,2.0207612096251971e-25
M2_audit,C(sector)[T.종합 소매업],-0.07720783403879738,0.09897897461661848,-0.7800427751232155,0.43536569772366973
M2_audit,"C(sector)[T.증기, 냉·온수 및 공기조절 공급업]",0.25540064814570396,0.08286998625416517,3.081943894166715,0.002056535956782184
M2_audit,C(sector)[T.직물직조 및 직물제품 제조업],0.36327623084636934,0.28123945509907766,1.2916972503676307,0.19646201007086928
M2_audit,C(sector)[T.초등 교육기관],-0.16546778316250152,0.07878465010028268,-2.1002540844172364,0.03570649599512535
M2_audit,"C(sector)[T.측정, 시험, 항해, 제어 및 기타 정밀기기 제조업; 광학기기 제외]",0.10475456026793749,0.2102939580431383,0.4981339513636851,0.6183896318953142
M2_audit,C(sector)[T.컴퓨터 및 주변장치 제조업],-0.13042857889432685,0.08582503390568245,-1.5197032026536865,0.12858558632659323
M2_audit,"C(sector)[T.컴퓨터 프로그래밍, 시스템 통합 및 관리업]",0.08154948326660547,0.12290487595258837,0.6635170706983496,0.5069994501481596
M2_audit,C(sector)[T.텔레비전 방송업],0.030477339567057393,0.1546607997414208,0.19705923943244064,0.8437811801604478
M2_audit,C(sector)[T.토목 건설업],-0.0716282824700205,0.09774123128841308,-0.7328358925483662,0.46365852699330845
M2_audit,C(sector)[T.통신 및 방송 장비 제조업],0.2244243077299638,0.21374118597342634,1.0499815779906154,0.293726582615614
M2_audit,C(sector)[T.특수 목적용 기계 제조업],-0.025242923234765666,0.11183417584739049,-0.2257174342592044,0.8214211974164327
M2_audit,"C(sector)[T.펄프, 종이 및 판지 제조업]",-0.041243661614280766,0.10641225405298743,-0.38758376073627476,0.6983240883812292
M2_audit,C(sector)[T.편조원단 제조업],0.34055390014693954,0.08551358806465789,3.982453641045239,6.82074321833604e-05
M2_audit,C(sector)[T.플라스틱제품 제조업],-0.03666088193024466,0.08845902790637296,-0.41443912281115464,0.6785525421084742
M2_audit,C(sector)[T.합성고무 및 플라스틱 물질 제조업],0.799542387799447,0.0774631535168972,10.321583249577376,5.62872268962755e-25
M2_audit,C(sector)[T.항공 여객 운송업],0.10695746282443985,0.19129998331291656,0.5591085841836458,0.5760876166243493
M2_audit,"C(sector)[T.항공기,우주선 및 부품 제조업]",0.5351706615618017,0.22051917100771484,2.426866830290591,0.015229845020555683
M2_audit,C(sector)[T.해상 운송업],0.16273701278692893,0.12718690686214348,1.279510735828475,0.20071726148851377
M2_audit,C(sector)[T.화학섬유 제조업],0.1672390523637796,0.173657693239161,0.963038545798592,0.33552817984090944
M2_audit,LogAssets_w,0.010650381248437604,0.012791430065305287,0.832618494887844,0.4050599248564173
M2_audit,Leverage_w,0.12459554100497497,0.08982000671525582,1.3871691348227495,0.16539019474629268
M2_audit,ROA_w,-0.3139278572809214,0.28202008751998436,-1.1131400604883366,0.26564828074323044
M2_audit,Loss,0.022353094339252956,0.041096380373425154,0.5439188107599743,0.5864973438473966
M2_audit,NonAuditFeeRatio_w,-0.03655361972380024,0.05625924824603756,-0.6497353033218813,0.5158632157407803
M2_audit,LogAuditFee_w,-0.0026755124553271233,0.002708711936160715,-0.9877434435200046,0.3232783122646702
M2_audit,Big4Auditor,0.026960511624861745,0.031100901703923274,0.8668723460664411,0.386011957018881
M2_audit,CleanOpinion,-0.07479013988986284,0.05128374552988906,-1.458359546813402,0.1447414648677508
