model,variable,coef,std_err,t_or_z,p_value,nobs
M1_controls,Intercept,-0.4288870831780378,0.15563985877302344,-2.7556378331305416,0.0058577818001372545,4610.0
M1_controls,C(year)[T.2019],-0.030050569459693748,0.022933719816754017,-1.3103225163560506,0.19008675344347314,4610.0
M1_controls,C(year)[T.2020],-0.09959028293729837,0.02107584206787427,-4.725328772941557,2.2974334943419e-06,4610.0
M1_controls,C(year)[T.2021],0.01769767252802022,0.022764750227098077,0.7774156250989194,0.43691359678671526,4610.0
M1_controls,C(year)[T.2022],0.04514441836343856,0.02428448480071968,1.8589819275103867,0.06302970009563567,4610.0
M1_controls,C(year)[T.2023],-0.06372397902610034,0.02131294140123118,-2.989919496631245,0.0027905098112303663,4610.0
M1_controls,C(year)[T.2024],-0.00310537351845702,0.022459572402643506,-0.1382650329572399,0.8900309596958192,4610.0
M1_controls,C(sector)[T.1차 철강 제조업],0.004802887511705985,0.05732544953036044,0.08378281463213476,0.9332291119095752,4610.0
M1_controls,C(sector)[T.가구 제조업],0.015148490678765362,0.06928242928965138,0.21864837642215978,0.8269239655091847,4610.0
M1_controls,C(sector)[T.가전제품 및 정보통신장비 소매업],-0.1122022681488882,0.05029999639386899,-2.2306615545317294,0.02570355608348163,4610.0
M1_controls,C(sector)[T.가정용 기기 제조업],0.1026025461254963,0.04794212455424864,2.1401334855195446,0.03234398063835391,4610.0
M1_controls,"C(sector)[T.가죽, 가방 및 유사제품 제조업]",0.07326782454389554,0.07126433406457502,1.0281135087504654,0.3038964369018814,4610.0
M1_controls,C(sector)[T.개인 및 가정용품 임대업],0.29042543491476736,0.04949831768335163,5.8673799132460145,4.427354425735244e-09,4610.0
M1_controls,C(sector)[T.건물 건설업],0.015486075044150095,0.06985700366660391,0.22168249754968267,0.8245610560626929,4610.0
M1_controls,C(sector)[T.건물설비 설치 공사업],0.0021557878304436545,0.050522628264204436,0.042669748279327784,0.9659647949728811,4610.0
M1_controls,"C(sector)[T.건축기술, 엔지니어링 및 관련 기술 서비스업]",0.09652587865092777,0.08742226642727906,1.1041337933193647,0.26953510404010395,4610.0
M1_controls,"C(sector)[T.건축자재, 철물 및 난방장치 도매업]",-0.14870963596185288,0.04906099747061954,-3.031117254615716,0.002436506090131021,4610.0
M1_controls,"C(sector)[T.경비, 경호 및 탐정업]",-0.17410276816306056,0.04910123661548189,-3.545791922237759,0.0003914351593989848,4610.0
M1_controls,C(sector)[T.고무제품 제조업],0.03867801708340649,0.13918702866557334,0.2778852128263957,0.7811004754773748,4610.0
M1_controls,"C(sector)[T.곡물가공품, 전분 및 전분제품 제조업]",0.014989145903476438,0.06899757069908631,0.21724164708417668,0.8280200299094875,4610.0
M1_controls,"C(sector)[T.골판지, 종이 상자 및 종이용기 제조업]",-0.012598411036716746,0.07651684810462862,-0.16464884987800024,0.8692203792465295,4610.0
M1_controls,C(sector)[T.광고업],0.12013696007340044,0.06351629442056275,1.8914352792361155,0.05856626289479681,4610.0
M1_controls,"C(sector)[T.구조용 금속제품, 탱크 및 증기발생기 제조업]",0.06889429874520003,0.05610219129900044,1.2280143992597934,0.21944156265279624,4610.0
M1_controls,C(sector)[T.귀금속 및 장신용품 제조업],-0.18722895411173077,0.04876475673548639,-3.839431725811998,0.0001233194158373531,4610.0
M1_controls,C(sector)[T.그외 기타 개인 서비스업],0.2318497754394777,0.04931726994866498,4.7011883601994455,2.5865178180341487e-06,4610.0
M1_controls,C(sector)[T.그외 기타 운송장비 제조업],0.041099412788475904,0.09812454286939133,0.4188494701389975,0.675326147839792,4610.0
M1_controls,C(sector)[T.금속 주조업],0.09882368224079835,0.04814476897431109,2.0526359217452748,0.04010790094501489,4610.0
M1_controls,C(sector)[T.기계장비 및 관련 물품 도매업],-0.024761971205055015,0.05593790807388292,-0.4426688815811515,0.6580052538975067,4610.0
M1_controls,C(sector)[T.기반조성 및 시설물 축조관련 전문공사업],-0.01681160481167647,0.049011127897239,-0.3430160768167822,0.73158636554798,4610.0
M1_controls,C(sector)[T.기초 의약물질 제조업],0.036652348230155736,0.08045437688876152,0.4555668646944131,0.6487014751620026,4610.0
M1_controls,C(sector)[T.기초 화학물질 제조업],0.05558438696069837,0.06548096790127376,0.8488632459511509,0.39595739242976247,4610.0
M1_controls,C(sector)[T.기타 금속 가공제품 제조업],0.08606028389562329,0.07839829535095186,1.097731570697709,0.2723217197129977,4610.0
M1_controls,C(sector)[T.기타 비금속 광물제품 제조업],-0.1574060872332049,0.0530214794274103,-2.968723033251149,0.00299039999075127,4610.0
M1_controls,C(sector)[T.기타 사업지원 서비스업],-0.15708235774489565,0.05007130557996167,-3.1371731958145577,0.0017058532648107758,4610.0
M1_controls,C(sector)[T.기타 상품 전문 소매업],-0.12192621161978548,0.049246352673108805,-2.4758424736369125,0.013292221096597522,4610.0
M1_controls,C(sector)[T.기타 식품 제조업],-0.030504172430643628,0.06276595825180852,-0.4859986731703358,0.6269681066741458,4610.0
M1_controls,C(sector)[T.기타 운송관련 서비스업],-0.09261221140868546,0.053954267725866305,-1.7164946409658357,0.08607154798147397,4610.0
M1_controls,C(sector)[T.기타 전기장비 제조업],-0.20370385555860646,0.04985198514786614,-4.086173398198683,4.3854608388116345e-05,4610.0
M1_controls,C(sector)[T.기타 전문 도매업],0.054440824936500466,0.06816269190960535,0.7986894797039079,0.42447048843513835,4610.0
M1_controls,C(sector)[T.기타 정보 서비스업],-0.0635271027291683,0.08475331409764725,-0.7495530222685629,0.4535239533253441,4610.0
M1_controls,C(sector)[T.기타 종이 및 판지 제품 제조업],0.17278158749258749,0.050003882131501184,3.4553634663445347,0.0005495514446776854,4610.0
M1_controls,C(sector)[T.기타 화학제품 제조업],-0.006783753257277441,0.0555031051152036,-0.12222295028714009,0.9027224510148849,4610.0
M1_controls,C(sector)[T.나무제품 제조업],-0.19880965324881048,0.04801983229272747,-4.140157175828369,3.470679361343094e-05,4610.0
M1_controls,"C(sector)[T.내화, 비내화 요업제품 제조업]",0.1088989708774841,0.07944595819146656,1.3707301586700622,0.17045908973941304,4610.0
M1_controls,C(sector)[T.담배 제조업],0.22329473799080501,0.05190801690746668,4.301738946969583,1.6946289505734032e-05,4610.0
M1_controls,C(sector)[T.도로 화물 운송업],0.12088428368786588,0.05573516309471986,2.1689051753993702,0.030089883754843935,4610.0
M1_controls,"C(sector)[T.도축, 육류 가공 및 저장 처리업]",-0.09095462936586607,0.049886517315315154,-1.8232306895864028,0.06826845876690274,4610.0
M1_controls,C(sector)[T.동·식물성 유지 및 낙농제품 제조업],0.037773243874028584,0.06381400390338676,0.5919271878194101,0.553899346987527,4610.0
M1_controls,C(sector)[T.동물용 사료 및 조제식품 제조업],-0.21901425414304593,0.04840497577282457,-4.5246227406647,6.0503332154778225e-06,4610.0
M1_controls,"C(sector)[T.떡, 빵 및 과자류 제조업]",0.12106926314439771,0.04822856129791286,2.510322926627237,0.012062079985735118,4610.0
M1_controls,C(sector)[T.무기 및 총포탄 제조업],0.196171518649698,0.19972671223217828,0.9821997090787364,0.3260014708920469,4610.0
M1_controls,C(sector)[T.무점포 소매업],0.08749323290374264,0.049272717511232425,1.7756932704959352,0.07578348718475653,4610.0
M1_controls,C(sector)[T.반도체 제조업],0.08483741468150274,0.0656141830883954,1.2929737244036068,0.19602014698070458,4610.0
M1_controls,C(sector)[T.방적 및 가공사 제조업],0.1787343623379465,0.06580046707934033,2.716308413471195,0.006601439029942472,4610.0
M1_controls,C(sector)[T.봉제의복 제조업],0.048302946388184546,0.07084757602008836,0.6817868599271282,0.49537373424120346,4610.0
M1_controls,"C(sector)[T.비료, 농약 및 살균, 살충제 제조업]",-0.04344972124636475,0.06787178177516744,-0.6401735759685316,0.5220597596593676,4610.0
M1_controls,C(sector)[T.비알코올음료 및 얼음 제조업],0.03179520604768257,0.0488523833425763,0.6508424742498102,0.5151481788580028,4610.0
M1_controls,C(sector)[T.산업용 기계 및 장비 임대업],0.18336994130441597,0.04924333940079665,3.7237511414883744,0.00019628441452124932,4610.0
M1_controls,C(sector)[T.산업용 농·축산물 및 동·식물 도매업],-0.0485024217136519,0.048420664425579796,-1.001688479268965,0.31649407260789164,4610.0
M1_controls,C(sector)[T.상품 종합 도매업],0.00857557007419457,0.06393510302865296,0.1341292915466386,0.8933003376149973,4610.0
M1_controls,C(sector)[T.상품 중개업],-0.09511841736577285,0.07020103213745285,-1.354943288861224,0.17543562616356245,4610.0
M1_controls,C(sector)[T.생활용품 도매업],0.08726148315936906,0.08207850093513731,1.0631466482109317,0.28771545261078457,4610.0
M1_controls,"C(sector)[T.서적, 잡지 및 기타 인쇄물 출판업]",0.12910743712428246,0.10086813197667906,1.279962606565693,0.20055828730228087,4610.0
M1_controls,C(sector)[T.석유 정제품 제조업],-0.07889061338138376,0.08998738456840093,-0.8766852571586595,0.38065761661775765,4610.0
M1_controls,C(sector)[T.선박 및 보트 건조업],-0.12591767196420434,0.07079373167727498,-1.7786556659877886,0.07529623179539652,4610.0
M1_controls,"C(sector)[T.섬유, 의복, 신발 및 가죽제품 소매업]",-0.00011628047120756756,0.056410280438939094,-0.002061334747899978,0.9983552939947579,4610.0
M1_controls,C(sector)[T.소프트웨어 개발 및 공급업],0.07825834437324,0.08755555410750146,0.8938135926494593,0.37142163529720684,4610.0
M1_controls,C(sector)[T.수산물 가공 및 저장 처리업],-0.04779805290472121,0.06443164980129305,-0.741841207731452,0.458183550317503,4610.0
M1_controls,C(sector)[T.스포츠 서비스업],0.16142909663003652,0.05043077332004172,3.2010037919819663,0.001369497298218292,4610.0
M1_controls,"C(sector)[T.시멘트, 석회, 플라스터 및 그 제품 제조업]",-0.08169751670752379,0.07615632349122661,-1.0727607762858395,0.2833784636743023,4610.0
M1_controls,C(sector)[T.신발 및 신발 부분품 제조업],-0.2237902260701811,0.04825733766687886,-4.637434157992893,3.5276092937755193e-06,4610.0
M1_controls,C(sector)[T.악기 제조업],0.08854115003840887,0.04813401887780344,1.8394713780951044,0.06584588396885185,4610.0
M1_controls,C(sector)[T.알코올음료 제조업],-0.030347482761651293,0.07840984137371455,-0.3870366554755552,0.6987290714475876,4610.0
M1_controls,C(sector)[T.어로 어업],0.05468917784926705,0.16374289746434154,0.3339941988090004,0.7383839362430888,4610.0
M1_controls,C(sector)[T.여행사 및 기타 여행보조 서비스업],0.15475889325742395,0.0517281557005838,2.991772878066816,0.002773625305528628,4610.0
M1_controls,C(sector)[T.연료 소매업],0.008987172527799908,0.09299880788642799,0.09663750248041053,0.9230142731871681,4610.0
M1_controls,C(sector)[T.연료용 가스 제조 및 배관공급업],-0.06815347696760482,0.08701129938405916,-0.7832715687508837,0.43346765522972186,4610.0
M1_controls,C(sector)[T.영상 및 음향기기 제조업],0.03670342296506747,0.09344717144643579,0.3927718987846089,0.6944879616170303,4610.0
M1_controls,"C(sector)[T.영화, 비디오물, 방송프로그램 제작 및 배급업]",0.00965663805603006,0.14074584670347992,0.06861046547522244,0.9452996882552507,4610.0
M1_controls,C(sector)[T.오디오물 출판 및 원판 녹음업],0.17755222486957642,0.04933387148999235,3.598992325295084,0.00031945261579582976,4610.0
M1_controls,C(sector)[T.운송장비 임대업],0.15203655794548035,0.2576624562861394,0.5900609663390024,0.5551497767989421,4610.0
M1_controls,C(sector)[T.유리 및 유리제품 제조업],0.14483113954922766,0.062320022832993004,2.323990476340972,0.020126004477387112,4610.0
M1_controls,C(sector)[T.유원지 및 기타 오락관련 서비스업],-0.020963949816505453,0.07035935168763845,-0.2979554147908478,0.7657371927036334,4610.0
M1_controls,C(sector)[T.육상 여객 운송업],0.02829099834849294,0.07504552788545474,0.37698446723800416,0.706185148136744,4610.0
M1_controls,C(sector)[T.음·식료품 및 담배 도매업],-0.033069484663766066,0.06249624714349537,-0.529143527415917,0.5967058883128764,4610.0
M1_controls,C(sector)[T.음식점업],-0.07895963684360313,0.048125804772882856,-1.640692290055875,0.10086130617674027,4610.0
M1_controls,C(sector)[T.의료용 기기 제조업],0.019903898238543355,0.10333327224241964,0.19261848392692774,0.8472577679298641,4610.0
M1_controls,C(sector)[T.의료용품 및 기타 의약 관련제품 제조업],0.16351609085034274,0.05327137968123294,3.0694923208070786,0.0021442291803955736,4610.0
M1_controls,C(sector)[T.의약품 제조업],0.049033217742242695,0.05815371559119143,0.8431656901673499,0.3991357840714813,4610.0
M1_controls,C(sector)[T.일반 목적용 기계 제조업],0.03139822624512622,0.06967386295631789,0.45064569284483874,0.6522449288813518,4610.0
M1_controls,C(sector)[T.일반 및 생활 숙박시설 운영업],0.06527138488137602,0.048025952885827734,1.3590856809555847,0.17411943969748078,4610.0
M1_controls,C(sector)[T.일차전지 및 이차전지 제조업],0.04677317034843753,0.08766902397026285,0.5335199165021262,0.5936737279695254,4610.0
M1_controls,C(sector)[T.자동차 부품 및 내장품 판매업],0.0008883869662453599,0.04931871829651103,0.018013180328496237,0.9856283387358014,4610.0
M1_controls,C(sector)[T.자동차 신품 부품 제조업],0.013556595744060202,0.0566989458572637,0.23909784457348016,0.8110297130945062,4610.0
M1_controls,C(sector)[T.자동차 판매업],0.10140335263918385,0.11765597122848805,0.8618632066047749,0.388762798045566,4610.0
M1_controls,C(sector)[T.자동차용 엔진 및 자동차 제조업],-0.0897412237991522,0.06673330545296319,-1.344774145234063,0.1786981820825193,4610.0
M1_controls,"C(sector)[T.자료처리, 호스팅, 포털 및 기타 인터넷 정보매개 서비스업]",-0.010757944235843718,0.07792629951462464,-0.13805280505876896,0.8901986846385719,4610.0
M1_controls,C(sector)[T.자연과학 및 공학 연구개발업],-0.0882470635781801,0.11654025495918993,-0.7572238760682518,0.4489157482090135,4610.0
M1_controls,C(sector)[T.전구 및 조명장치 제조업],-0.0010234514048549342,0.05632032132009633,-0.018171973825187395,0.9855016605917625,4610.0
M1_controls,C(sector)[T.전기 및 통신 공사업],-0.037086553025621374,0.054886503705947234,-0.6756953079815659,0.49923411556951136,4610.0
M1_controls,C(sector)[T.전기 통신업],-0.09443731733410683,0.05632769312300913,-1.6765699445186477,0.09362660812363033,4610.0
M1_controls,C(sector)[T.전기업],0.20784895696403063,0.12697713033352143,1.6369007270686395,0.10165121400816397,4610.0
M1_controls,"C(sector)[T.전동기, 발전기 및 전기 변환 · 공급 · 제어 장치 제조업]",0.05701971448521876,0.07777414618135034,0.7331448467754657,0.4634700898793891,4610.0
M1_controls,C(sector)[T.전자부품 제조업],0.0004720950281040219,0.0585154567681787,0.008067868802158132,0.9935628418772317,4610.0
M1_controls,C(sector)[T.절연선 및 케이블 제조업],-0.06335050183134856,0.08715894266011087,-0.7268388061841591,0.4673247076020187,4610.0
M1_controls,C(sector)[T.제재 및 목재 가공업],0.11823324952544237,0.12397935081817063,0.9536527554402543,0.3402594421338827,4610.0
M1_controls,C(sector)[T.종합 소매업],-0.07013776865499535,0.06635246692212304,-1.0570483948594567,0.29048950125073236,4610.0
M1_controls,"C(sector)[T.증기, 냉·온수 및 공기조절 공급업]",0.003418111839502134,0.049790926408151075,0.06864929187062824,0.9452687821444012,4610.0
M1_controls,C(sector)[T.직물직조 및 직물제품 제조업],0.21928615058162532,0.12937181972635786,1.695007081491554,0.09007407742103579,4610.0
M1_controls,C(sector)[T.초등 교육기관],-0.07693314081349173,0.11332271848544728,-0.6788854154021319,0.497210467432011,4610.0
M1_controls,"C(sector)[T.측정, 시험, 항해, 제어 및 기타 정밀기기 제조업; 광학기기 제외]",0.05290786021966048,0.09694304427337821,0.5457623145241958,0.5852293311001289,4610.0
M1_controls,C(sector)[T.컴퓨터 및 주변장치 제조업],-0.15358334116951544,0.050471197630735105,-3.0429898314120614,0.0023424024825469836,4610.0
M1_controls,"C(sector)[T.컴퓨터 프로그래밍, 시스템 통합 및 관리업]",0.03753978771193213,0.06886477887847664,0.5451231866754024,0.5856687966147549,4610.0
M1_controls,C(sector)[T.텔레비전 방송업],-0.024422816504268197,0.08790031562108043,-0.2778467441408261,0.78113000671025,4610.0
M1_controls,C(sector)[T.토목 건설업],0.07151778994199523,0.06481079594516329,1.1034857526284165,0.2698162753515294,4610.0
M1_controls,C(sector)[T.통신 및 방송 장비 제조업],-0.02524701490938897,0.09259228983358407,-0.27266865259262274,0.7851079334979011,4610.0
M1_controls,C(sector)[T.특수 목적용 기계 제조업],0.009592132655565863,0.05881195420044568,0.16309834940824283,0.8704409993779879,4610.0
M1_controls,"C(sector)[T.펄프, 종이 및 판지 제조업]",-0.0648028241924971,0.07810767248440506,-0.8296601618161852,0.40673095151185557,4610.0
M1_controls,C(sector)[T.편조원단 제조업],0.21607935407290446,0.05169223999685488,4.180112026216149,2.9136552221553885e-05,4610.0
M1_controls,C(sector)[T.플라스틱제품 제조업],-0.03782248498507998,0.05663820208820922,-0.6677910595780326,0.5042669742753811,4610.0
M1_controls,C(sector)[T.합성고무 및 플라스틱 물질 제조업],0.2935484097501147,0.06224584930560263,4.715951553796101,2.4058368086468033e-06,4610.0
M1_controls,C(sector)[T.항공 여객 운송업],0.0702413313787507,0.1041442395983446,0.6744619928058624,0.5000176414618007,4610.0
M1_controls,"C(sector)[T.항공기,우주선 및 부품 제조업]",0.2984265721541486,0.050044767486111426,5.963192300513112,2.4735702404810283e-09,4610.0
M1_controls,C(sector)[T.해상 운송업],0.013996845831440109,0.07735912257812562,0.18093335814796216,0.8564198849371327,4610.0
M1_controls,C(sector)[T.화학섬유 제조업],-0.03256272805089894,0.0768294738020899,-0.423831199661466,0.6716889226430043,4610.0
M1_controls,LogAssets_w,0.021953718684039326,0.005623334818070218,3.9040390434324643,9.460050936355589e-05,4610.0
M1_controls,Leverage_w,0.10259743153611105,0.04508808332420137,2.2754888647271705,0.022876619916045927,4610.0
M1_controls,ROA_w,-0.3637576708469263,0.13709535347845989,-2.653318742156196,0.007970456568019361,4610.0
M1_controls,Loss,0.013719432364253999,0.021695910400265524,0.6323510795880727,0.5271574929538011,4610.0
M5_material_controls,Intercept,-0.4430841498056109,0.08982416445341808,-4.93279456037011,8.106140177749679e-07,4610.0
M5_material_controls,C(year)[T.2019],-0.0026159831260116023,0.0007963555223752948,-3.284943787680272,0.0010200271989909732,4610.0
M5_material_controls,C(year)[T.2020],-0.0025234138090597744,0.0019756672600652046,-1.2772463562394065,0.20151528576421374,4610.0
M5_material_controls,C(year)[T.2021],-0.0011903076064115302,0.0020592795230109182,-0.5780213871457116,0.5632496799775064,4610.0
M5_material_controls,C(year)[T.2022],0.10890831624868412,0.012557056412998882,8.673076927164539,4.205976026476381e-18,4610.0
M5_material_controls,C(year)[T.2023],0.1608015226438603,0.014438432674198682,11.137048339825057,8.281882637918969e-29,4610.0
M5_material_controls,C(year)[T.2024],0.21520636747805516,0.01594437461612305,13.497322576731055,1.6216302486028542e-41,4610.0
M5_material_controls,C(sector)[T.1차 철강 제조업],-0.026626170136410453,0.03430483358069392,-0.7761638042574598,0.4376522746630225,4610.0
M5_material_controls,C(sector)[T.가구 제조업],0.014519861241688322,0.03994633016973315,0.36348423447142697,0.7162431878310791,4610.0
M5_material_controls,C(sector)[T.가전제품 및 정보통신장비 소매업],-0.11298447668730169,0.0328150042974436,-3.443073652015446,0.0005751426560115521,4610.0
M5_material_controls,C(sector)[T.가정용 기기 제조업],0.07736572187797759,0.030937583791748702,2.5007034291608656,0.012394692488522405,4610.0
M5_material_controls,"C(sector)[T.가죽, 가방 및 유사제품 제조업]",-0.02279529721621613,0.04932585621036471,-0.4621368784557705,0.6439831653984067,4610.0
M5_material_controls,C(sector)[T.개인 및 가정용품 임대업],0.0860630224063869,0.03176709225177011,2.709187914471188,0.006744812637961674,4610.0
M5_material_controls,C(sector)[T.건물 건설업],-0.0005004575241559924,0.04579304219778571,-0.01092868043128595,0.9912803481877444,4610.0
M5_material_controls,C(sector)[T.건물설비 설치 공사업],0.09069184592251367,0.032778112929534725,2.7668415847330787,0.005660225245792818,4610.0
M5_material_controls,"C(sector)[T.건축기술, 엔지니어링 및 관련 기술 서비스업]",0.03290337314307023,0.047585122903813455,0.6914634477162055,0.48927434359385613,4610.0
M5_material_controls,"C(sector)[T.건축자재, 철물 및 난방장치 도매업]",-0.04032372293778981,0.031709916578895984,-1.2716439299820361,0.20349966079070958,4610.0
M5_material_controls,"C(sector)[T.경비, 경호 및 탐정업]",-0.07823045037184984,0.031660548559687064,-2.470912663574616,0.013476872782310589,4610.0
M5_material_controls,C(sector)[T.고무제품 제조업],-0.021438262977486345,0.05119430073270466,-0.4187626878511274,0.6753895762534019,4610.0
M5_material_controls,"C(sector)[T.곡물가공품, 전분 및 전분제품 제조업]",0.024918242570925377,0.042100167464235984,0.5918798919765196,0.5539310197204479,4610.0
M5_material_controls,"C(sector)[T.골판지, 종이 상자 및 종이용기 제조업]",0.012178254179212927,0.05609345502748618,0.21710650865141928,0.8281253417688645,4610.0
M5_material_controls,C(sector)[T.광고업],-0.028927511893079676,0.04785211607792587,-0.6045189693590982,0.5454986613861933,4610.0
M5_material_controls,"C(sector)[T.구조용 금속제품, 탱크 및 증기발생기 제조업]",-0.030615472010433846,0.041317255928377886,-0.7409851240727304,0.45870246007782467,4610.0
M5_material_controls,C(sector)[T.귀금속 및 장신용품 제조업],-0.07183475140954028,0.03184124773601402,-2.2560281558405024,0.024068867873107695,4610.0
M5_material_controls,C(sector)[T.그외 기타 개인 서비스업],0.2057617319518554,0.031521941255985834,6.527571708889675,6.684450802938381e-11,4610.0
M5_material_controls,C(sector)[T.그외 기타 운송장비 제조업],-0.042456773923494284,0.05936555229952288,-0.7151752536434418,0.47450075815352954,4610.0
M5_material_controls,C(sector)[T.금속 주조업],0.08267392077497991,0.031209401890716817,2.64900689428371,0.008072868477066775,4610.0
M5_material_controls,C(sector)[T.기계장비 및 관련 물품 도매업],0.008062751626074387,0.0419882838394965,0.19202384305333567,0.8477235289022478,4610.0
M5_material_controls,C(sector)[T.기반조성 및 시설물 축조관련 전문공사업],0.015304157862048397,0.06258297674514075,0.24454186518439594,0.8068111822161653,4610.0
M5_material_controls,C(sector)[T.기초 의약물질 제조업],-0.0921105019852421,0.03377534793744747,-2.7271518314432273,0.006388363618696998,4610.0
M5_material_controls,C(sector)[T.기초 화학물질 제조업],0.02539735641552654,0.039128749845872675,0.6490715015318965,0.5162921612286928,4610.0
M5_material_controls,C(sector)[T.기타 금속 가공제품 제조업],-0.002699343446770218,0.05674375099088314,-0.04757076153114929,0.9620583345563386,4610.0
M5_material_controls,C(sector)[T.기타 비금속 광물제품 제조업],-0.053767100025182965,0.032465056832797504,-1.6561529616934254,0.09769084626541878,4610.0
M5_material_controls,C(sector)[T.기타 사업지원 서비스업],-0.03679865535968167,0.03190531534703685,-1.1533706832049628,0.24875826928559652,4610.0
M5_material_controls,C(sector)[T.기타 상품 전문 소매업],-0.10024267241593701,0.03157913103207608,-3.17433283120162,0.001501813716540949,4610.0
M5_material_controls,C(sector)[T.기타 식품 제조업],-0.0006960696192677029,0.041721613508452014,-0.016683669703394674,0.9866889750381653,4610.0
M5_material_controls,C(sector)[T.기타 운송관련 서비스업],-0.03619204832595246,0.03737814778558517,-0.9682675699599506,0.33291075661519354,4610.0
M5_material_controls,C(sector)[T.기타 전기장비 제조업],-0.05748805426614427,0.03179653647286572,-1.8079973683675572,0.0706069101636791,4610.0
M5_material_controls,C(sector)[T.기타 전문 도매업],0.0028907161890104156,0.037947507684785185,0.07617670738806992,0.9392785136452738,4610.0
M5_material_controls,C(sector)[T.기타 정보 서비스업],-0.052467737829536155,0.03134665570300896,-1.6737906054998968,0.09417175931262942,4610.0
M5_material_controls,C(sector)[T.기타 종이 및 판지 제품 제조업],0.10746991583362203,0.032246245671952216,3.3327884717785725,0.0008598028505074158,4610.0
M5_material_controls,C(sector)[T.기타 화학제품 제조업],-0.018945682579547957,0.03465230535267584,-0.5467365702433699,0.5845597259520124,4610.0
M5_material_controls,C(sector)[T.나무제품 제조업],-0.06669810534547009,0.031131073537835594,-2.1424929424424635,0.032153835989374435,4610.0
M5_material_controls,"C(sector)[T.내화, 비내화 요업제품 제조업]",0.024615471780240587,0.04924607299079993,0.4998463894743284,0.6171832434851856,4610.0
M5_material_controls,C(sector)[T.담배 제조업],-0.10546467746943765,0.033081581737548195,-3.188017982517847,0.001432516273659738,4610.0
M5_material_controls,C(sector)[T.도로 화물 운송업],0.11031969566862866,0.04227716968763838,2.60943900653041,0.009069081181286283,4610.0
M5_material_controls,"C(sector)[T.도축, 육류 가공 및 저장 처리업]",-0.07547164684699482,0.032467815979833205,-2.324506424881571,0.020098367619871296,4610.0
M5_material_controls,C(sector)[T.동·식물성 유지 및 낙농제품 제조업],-0.008133703667083778,0.06770183470414673,-0.1201400774827981,0.9043721850536937,4610.0
M5_material_controls,C(sector)[T.동물용 사료 및 조제식품 제조업],-0.0767829474567393,0.031089228109460087,-2.4697604966710367,0.013520353920202713,4610.0
M5_material_controls,"C(sector)[T.떡, 빵 및 과자류 제조업]",0.09128419366883211,0.03111239593826631,2.934013627557312,0.0033460951681801064,4610.0
M5_material_controls,C(sector)[T.무기 및 총포탄 제조업],-0.004801429478209602,0.05042558717788523,-0.09521811736711575,0.9241415797906675,4610.0
M5_material_controls,C(sector)[T.무점포 소매업],-0.09114209519334779,0.03181539144681364,-2.864717077132672,0.004173819690947047,4610.0
M5_material_controls,C(sector)[T.반도체 제조업],0.004272260652381204,0.047662346443838495,0.08963596992471394,0.9285764995791224,4610.0
M5_material_controls,C(sector)[T.방적 및 가공사 제조업],0.07297112072956859,0.03155230212198568,2.312703537366366,0.0207389444087355,4610.0
M5_material_controls,C(sector)[T.봉제의복 제조업],0.0022563383608835527,0.04580723798594187,0.04925724536318949,0.9607142913891379,4610.0
M5_material_controls,"C(sector)[T.비료, 농약 및 살균, 살충제 제조업]",-0.054637782136148,0.0315907171560654,-1.7295518131552634,0.08371038168960442,4610.0
M5_material_controls,C(sector)[T.비알코올음료 및 얼음 제조업],0.03999977141793386,0.03153588856684511,1.2683889129411483,0.20465909898611923,4610.0
M5_material_controls,C(sector)[T.산업용 기계 및 장비 임대업],0.057162803702547345,0.03141325008025114,1.819703582294543,0.06880415749844296,4610.0
M5_material_controls,C(sector)[T.산업용 농·축산물 및 동·식물 도매업],-0.060446182721090605,0.03140716298328468,-1.9245986259013872,0.05427959145394483,4610.0
M5_material_controls,C(sector)[T.상품 종합 도매업],-0.01355152157347573,0.04646460359412348,-0.2916525812175364,0.7705522682897374,4610.0
M5_material_controls,C(sector)[T.상품 중개업],-0.002710355222795565,0.04332061172111081,-0.06256502655697188,0.950112879597346,4610.0
M5_material_controls,C(sector)[T.생활용품 도매업],0.05137052249336705,0.04899786722616706,1.0484236437526588,0.2944434648751627,4610.0
M5_material_controls,"C(sector)[T.서적, 잡지 및 기타 인쇄물 출판업]",0.015423282766981211,0.06640799429185162,0.232250392915024,0.8163435397129422,4610.0
M5_material_controls,C(sector)[T.석유 정제품 제조업],-0.07912885982040638,0.038035161257359944,-2.080413417600396,0.03748762961775031,4610.0
M5_material_controls,C(sector)[T.선박 및 보트 건조업],-0.005723619799930362,0.050122621355590716,-0.11419234758941722,0.909085317967929,4610.0
M5_material_controls,"C(sector)[T.섬유, 의복, 신발 및 가죽제품 소매업]",0.06413258802197862,0.10336898624414072,0.6204238848827238,0.5349787514051896,4610.0
M5_material_controls,C(sector)[T.소프트웨어 개발 및 공급업],-0.04873471064990853,0.04606180299611425,-1.0580287240171593,0.29004234721230915,4610.0
M5_material_controls,C(sector)[T.수산물 가공 및 저장 처리업],-0.037175277121115666,0.03969398028077134,-0.9365469740791958,0.3489916388430364,4610.0
M5_material_controls,C(sector)[T.스포츠 서비스업],-0.03571572282511552,0.03260699122530376,-1.0953394190323,0.27336796400717434,4610.0
M5_material_controls,"C(sector)[T.시멘트, 석회, 플라스터 및 그 제품 제조업]",-0.05130872407687456,0.03494095483858302,-1.4684408114748393,0.14198452269696013,4610.0
M5_material_controls,C(sector)[T.신발 및 신발 부분품 제조업],-0.08291152705426673,0.031241008198417984,-2.6539325020395883,0.007955973966216652,4610.0
M5_material_controls,C(sector)[T.악기 제조업],-0.06652465223155485,0.03106020882688428,-2.1417966827696984,0.03220984649113339,4610.0
M5_material_controls,C(sector)[T.알코올음료 제조업],-0.0754503718444839,0.03196583445086545,-2.3603441968786503,0.018257985934314262,4610.0
M5_material_controls,C(sector)[T.어로 어업],0.01596820091659491,0.05292054270720515,0.30173917536981026,0.7628509017190912,4610.0
M5_material_controls,C(sector)[T.여행사 및 기타 여행보조 서비스업],0.116433378095128,0.06802457023443881,1.7116370995634937,0.08696356691075659,4610.0
M5_material_controls,C(sector)[T.연료 소매업],-0.06770202717377971,0.036699627250298954,-1.844760621464574,0.06507236805532106,4610.0
M5_material_controls,C(sector)[T.연료용 가스 제조 및 배관공급업],-0.007096107461727071,0.03767121095754378,-0.1883695076785434,0.850587001147087,4610.0
M5_material_controls,C(sector)[T.영상 및 음향기기 제조업],0.05950713737320701,0.05245413485880988,1.1344603725403462,0.2566014871190071,4610.0
M5_material_controls,"C(sector)[T.영화, 비디오물, 방송프로그램 제작 및 배급업]",-0.007296925932382214,0.09191644424238532,-0.07938651231046415,0.9367251963988527,4610.0
M5_material_controls,C(sector)[T.오디오물 출판 및 원판 녹음업],0.271020959388812,0.032088329003679916,8.446091392223355,3.012179154025985e-17,4610.0
M5_material_controls,C(sector)[T.운송장비 임대업],0.11630605016363058,0.18626358403526913,0.6244164728496148,0.5323541095914064,4610.0
M5_material_controls,C(sector)[T.유리 및 유리제품 제조업],8.099676637483383e-05,0.06125266995519897,0.0013223385435128944,0.9989449267994563,4610.0
M5_material_controls,C(sector)[T.유원지 및 기타 오락관련 서비스업],-0.04668904513242027,0.05641672911473449,-0.8275744777310455,0.40791152716251433,4610.0
M5_material_controls,C(sector)[T.육상 여객 운송업],0.08531935589396265,0.03260847407183809,2.6164780267239696,0.008884208230650385,4610.0
M5_material_controls,C(sector)[T.음·식료품 및 담배 도매업],-0.06403694733331915,0.03282551505875578,-1.9508284095069555,0.05107746111980953,4610.0
M5_material_controls,C(sector)[T.음식점업],0.06498228308772877,0.031113945783498118,2.088525947171682,0.036750417327038286,4610.0
M5_material_controls,C(sector)[T.의료용 기기 제조업],0.04062381404840381,0.05668007708040988,0.7167212209463361,0.47354612919583483,4610.0
M5_material_controls,C(sector)[T.의료용품 및 기타 의약 관련제품 제조업],0.15944430268507281,0.03466420918937225,4.599680950862629,4.231385015828449e-06,4610.0
M5_material_controls,C(sector)[T.의약품 제조업],-0.0019686038107030535,0.035508447617135355,-0.055440435806409685,0.955787582241976,4610.0
M5_material_controls,C(sector)[T.일반 목적용 기계 제조업],0.006316627372609401,0.0453452797159135,0.1393006595655124,0.8892125687056905,4610.0
M5_material_controls,C(sector)[T.일반 및 생활 숙박시설 운영업],-0.08159246167324076,0.031207458648258548,-2.6145179776692204,0.008935345801177523,4610.0
M5_material_controls,C(sector)[T.일차전지 및 이차전지 제조업],0.07899405388136775,0.05735844381891503,1.3772000881118391,0.16845039461655198,4610.0
M5_material_controls,C(sector)[T.자동차 부품 및 내장품 판매업],0.08627415556746057,0.0318976811547541,2.7047155919859733,0.006836289233027742,4610.0
M5_material_controls,C(sector)[T.자동차 신품 부품 제조업],-6.590334443065234e-05,0.03412139085694533,-0.0019314378099929614,0.9984589365493997,4610.0
M5_material_controls,C(sector)[T.자동차 판매업],0.11520073296249762,0.14742822584259166,0.7814021521597692,0.434566005728814,4610.0
M5_material_controls,C(sector)[T.자동차용 엔진 및 자동차 제조업],-0.006955773086037251,0.057804431386309994,-0.12033286928386963,0.9042194673570978,4610.0
M5_material_controls,"C(sector)[T.자료처리, 호스팅, 포털 및 기타 인터넷 정보매개 서비스업]",-0.019019951263135985,0.04063036414126394,-0.46812160474386305,0.6396976300609765,4610.0
M5_material_controls,C(sector)[T.자연과학 및 공학 연구개발업],-0.0009248939337499866,0.09853267040873268,-0.009386672764610426,0.9925106287049202,4610.0
M5_material_controls,C(sector)[T.전구 및 조명장치 제조업],0.054340786930730425,0.03597245082389748,1.5106223147473277,0.13088470527016555,4610.0
M5_material_controls,C(sector)[T.전기 및 통신 공사업],-0.020121186652892694,0.0632015674418821,-0.3183653106609329,0.7502078484899724,4610.0
M5_material_controls,C(sector)[T.전기 통신업],0.009451403178039957,0.048242982120355576,0.1959124988264779,0.8446786541939019,4610.0
M5_material_controls,C(sector)[T.전기업],0.09029178678547124,0.041516417193550655,2.1748453476736325,0.029641707558383586,4610.0
M5_material_controls,"C(sector)[T.전동기, 발전기 및 전기 변환 · 공급 · 제어 장치 제조업]",0.05960343873597972,0.0525241260028446,1.134782113894703,0.25646662216443783,4610.0
M5_material_controls,C(sector)[T.전자부품 제조업],-0.018373100194500468,0.03517783572075685,-0.5222919437212373,0.6014670775894577,4610.0
M5_material_controls,C(sector)[T.절연선 및 케이블 제조업],-0.035402068562505856,0.04469909330084821,-0.7920086504715314,0.4283556322954415,4610.0
M5_material_controls,C(sector)[T.제재 및 목재 가공업],0.00898581712017088,0.07429836939713512,0.12094231936828166,0.9037367221624542,4610.0
M5_material_controls,C(sector)[T.종합 소매업],-0.03025970158998346,0.04002695558554826,-0.7559830905778089,0.4496593339816096,4610.0
M5_material_controls,"C(sector)[T.증기, 냉·온수 및 공기조절 공급업]",0.02838229415270997,0.03188768369021564,0.8900707379200058,0.3734279042040536,4610.0
M5_material_controls,C(sector)[T.직물직조 및 직물제품 제조업],0.04756632167503131,0.07259995818763114,0.655183871485138,0.512349377231956,4610.0
M5_material_controls,C(sector)[T.초등 교육기관],-0.014383909218798807,0.057362891347222764,-0.25075286271278946,0.802005187462068,4610.0
M5_material_controls,"C(sector)[T.측정, 시험, 항해, 제어 및 기타 정밀기기 제조업; 광학기기 제외]",0.002074954939608217,0.04481668608028212,0.04629871418630235,0.9630721641427336,4610.0
M5_material_controls,C(sector)[T.컴퓨터 및 주변장치 제조업],-0.06279357140848232,0.033943707736662526,-1.8499325970998484,0.06432326495999685,4610.0
M5_material_controls,"C(sector)[T.컴퓨터 프로그래밍, 시스템 통합 및 관리업]",0.01791826942292474,0.0597280622473541,0.29999750115312845,0.7641790616823082,4610.0
M5_material_controls,C(sector)[T.텔레비전 방송업],0.007184531573374927,0.047952882268635755,0.14982481205460446,0.8809028331218233,4610.0
M5_material_controls,C(sector)[T.토목 건설업],0.07328384703501173,0.043368325818353225,1.689801154463713,0.09106600288939277,4610.0
M5_material_controls,C(sector)[T.통신 및 방송 장비 제조업],-0.10121613093836683,0.037864758794112184,-2.6730958855099196,0.0075154765447740714,4610.0
M5_material_controls,C(sector)[T.특수 목적용 기계 제조업],0.0137043272398351,0.0391816514019912,0.34976390094519216,0.7265158927507098,4610.0
M5_material_controls,"C(sector)[T.펄프, 종이 및 판지 제조업]",-0.05473173470342108,0.03542540038883809,-1.544985634676583,0.12234973812372789,4610.0
M5_material_controls,C(sector)[T.편조원단 제조업],0.08561237493606615,0.03340890440320523,2.5625615824699883,0.010390315931531178,4610.0
M5_material_controls,C(sector)[T.플라스틱제품 제조업],1.2011177146263239e-05,0.03878104072265787,0.00030971776214467847,0.9997528809833292,4610.0
M5_material_controls,C(sector)[T.합성고무 및 플라스틱 물질 제조업],-0.011369960869784326,0.05297900041069106,-0.21461259709780953,0.8300693717143135,4610.0
M5_material_controls,C(sector)[T.항공 여객 운송업],-0.01218802468867074,0.06351422661693401,-0.19189440441712313,0.8478249206202471,4610.0
M5_material_controls,"C(sector)[T.항공기,우주선 및 부품 제조업]",0.17498776179984782,0.10255891155083685,1.7062170332522408,0.08796767852918361,4610.0
M5_material_controls,C(sector)[T.해상 운송업],-0.014990601895116275,0.05678963637143356,-0.2639672104443493,0.7918051851401833,4610.0
M5_material_controls,C(sector)[T.화학섬유 제조업],-0.0684325360330648,0.037398753916227066,-1.8298079178347273,0.06727866641894685,4610.0
M5_material_controls,LogAssets_w,0.016504548002755196,0.003203982463794264,5.151260404593462,2.587416276698798e-07,4610.0
M5_material_controls,Leverage_w,-0.00316192831262832,0.024759877339503827,-0.1277037147346257,0.8983834502330831,4610.0
M5_material_controls,ROA_w,-0.18254798329144306,0.07891550160557885,-2.3132081730129688,0.02071119643062985,4610.0
M5_material_controls,Loss,0.008395335465061637,0.012722662002329636,0.6598725536781826,0.509335618605427,4610.0
P1_count_controls,Intercept,-4.334611883883455,0.5783057640861515,-7.495363444514653,6.611490565725782e-14,4610.0
P1_count_controls,C(year)[T.2019],-0.33008305345230465,0.09773824087038928,-3.377215003184147,0.0007322378999903226,4610.0
P1_count_controls,C(year)[T.2020],-0.7063165782019637,0.10881060108401994,-6.4912478303154435,8.512830674671702e-11,4610.0
P1_count_controls,C(year)[T.2021],-0.022139530748221375,0.09016569931336228,-0.24554271654099358,0.8060362372469644,4610.0
P1_count_controls,C(year)[T.2022],-0.052250421345289046,0.09027613148298347,-0.5787844526228724,0.5627346230129366,4610.0
P1_count_controls,C(year)[T.2023],-0.5310865238459612,0.10162365757168612,-5.226012687757559,1.7320447925793997e-07,4610.0
P1_count_controls,C(year)[T.2024],-0.2173747369692347,0.09308480274047934,-2.335233363229828,0.019531233127209537,4610.0
P1_count_controls,C(sector)[T.1차 철강 제조업],-0.08607433733762734,0.2559891153116778,-0.33624217667547357,0.73668825012786,4610.0
P1_count_controls,C(sector)[T.가구 제조업],0.255827276883015,0.3538437142641317,0.7229951149903685,0.4696828854173797,4610.0
P1_count_controls,C(sector)[T.가전제품 및 정보통신장비 소매업],-0.30308433381333466,0.74226451003565,-0.40832389224533705,0.6830359007122856,4610.0
P1_count_controls,C(sector)[T.가정용 기기 제조업],0.6228740218693468,0.6175610962463464,1.008603076934887,0.31316503108728366,4610.0
P1_count_controls,"C(sector)[T.가죽, 가방 및 유사제품 제조업]",0.9264529348583095,0.37329945254073754,2.4817955894462695,0.013072223994195983,4610.0
P1_count_controls,C(sector)[T.개인 및 가정용품 임대업],1.1915140444060595,0.5471787293387583,2.1775591420484353,0.029438874197137404,4610.0
P1_count_controls,C(sector)[T.건물 건설업],0.20329237643835685,0.30683145679656265,0.6625538937917472,0.507616307437138,4610.0
P1_count_controls,C(sector)[T.건물설비 설치 공사업],-0.38016868572490137,1.0254198499142662,-0.37074441825627497,0.7108279032893856,4610.0
P1_count_controls,"C(sector)[T.건축기술, 엔지니어링 및 관련 기술 서비스업]",0.6936685694862655,0.29914627183992165,2.318827392431819,0.02040439729760837,4610.0
P1_count_controls,"C(sector)[T.건축자재, 철물 및 난방장치 도매업]",-30.74121240697767,3967791.874254511,-7.747687726880454e-06,0.9999938182395809,4610.0
P1_count_controls,"C(sector)[T.경비, 경호 및 탐정업]",-20.538344677047508,23470.41901257801,-0.0008750736263396415,0.999301792353087,4610.0
P1_count_controls,C(sector)[T.고무제품 제조업],0.2433737983701213,0.33288262510498245,0.731109946917078,0.464711999128808,4610.0
P1_count_controls,"C(sector)[T.곡물가공품, 전분 및 전분제품 제조업]",-0.21335001583093527,0.3987758635524374,-0.5350123599014679,0.5926413105412914,4610.0
P1_count_controls,"C(sector)[T.골판지, 종이 상자 및 종이용기 제조업]",0.3409790268172267,0.36265173864529304,0.9402382243939432,0.34709537892169584,4610.0
P1_count_controls,C(sector)[T.광고업],0.20432371527743495,0.43771802065439097,0.46679301659084044,0.6406479726499265,4610.0
P1_count_controls,"C(sector)[T.구조용 금속제품, 탱크 및 증기발생기 제조업]",0.15456206270682973,0.41576069326161424,0.371757275788389,0.7100735763583423,4610.0
P1_count_controls,C(sector)[T.귀금속 및 장신용품 제조업],-23.27464702117521,85363.78434923041,-0.0002726524743321673,0.999782454802961,4610.0
P1_count_controls,C(sector)[T.그외 기타 개인 서비스업],0.6033442130859932,0.6187323695364918,0.9751295435504267,0.3294960055663936,4610.0
P1_count_controls,C(sector)[T.그외 기타 운송장비 제조업],0.2432538670767955,0.4169120407620854,0.5834656793124632,0.5595798546942763,4610.0
P1_count_controls,C(sector)[T.금속 주조업],0.16266108485489156,0.7404243101617534,0.21968631043375192,0.8261154669220764,4610.0
P1_count_controls,C(sector)[T.기계장비 및 관련 물품 도매업],0.14817705685800076,0.3469773482317362,0.42705109602439395,0.6693421116506606,4610.0
P1_count_controls,C(sector)[T.기반조성 및 시설물 축조관련 전문공사업],-0.3891533903225252,0.7403129492017424,-0.5256606557296314,0.5991240048582712,4610.0
P1_count_controls,C(sector)[T.기초 의약물질 제조업],0.6304811668620185,0.36359278590337624,1.7340310130068617,0.08291258062473313,4610.0
P1_count_controls,C(sector)[T.기초 화학물질 제조업],0.29088383951501395,0.2511098819918735,1.1583926415306411,0.24670384068889428,4610.0
P1_count_controls,C(sector)[T.기타 금속 가공제품 제조업],0.12064686289125061,0.49854719772204864,0.24199687299920192,0.808782586217285,4610.0
P1_count_controls,C(sector)[T.기타 비금속 광물제품 제조업],-26.21801262354455,233546.06371842787,-0.00011226056310310584,0.9999104290301011,4610.0
P1_count_controls,C(sector)[T.기타 사업지원 서비스업],-113.6905507532843,4.09817612057992e+24,-2.774174349959276e-23,1.0,4610.0
P1_count_controls,C(sector)[T.기타 상품 전문 소매업],-0.9479658641139809,1.0247213112753877,-0.9250962712331263,0.35491583248192304,4610.0
P1_count_controls,C(sector)[T.기타 식품 제조업],-0.029203098898019378,0.2913680464625783,-0.10022752752941308,0.9201636922376164,4610.0
P1_count_controls,C(sector)[T.기타 운송관련 서비스업],0.3187288959186194,0.3846850855734018,0.8285449784036473,0.4073619334646623,4610.0
P1_count_controls,C(sector)[T.기타 전기장비 제조업],-38.927900681189854,207190600.9219405,-1.8788449141984014e-07,0.999999850089865,4610.0
P1_count_controls,C(sector)[T.기타 전문 도매업],0.4110180363158977,0.2829252144127487,1.452744454639802,0.14629471921251516,4610.0
P1_count_controls,C(sector)[T.기타 정보 서비스업],-0.3610188287750303,0.6176984660675205,-0.5844580302641829,0.5589121942528454,4610.0
P1_count_controls,C(sector)[T.기타 종이 및 판지 제품 제조업],0.9347630676391266,0.6194901552625949,1.5089232003096016,0.13131841018664386,4610.0
P1_count_controls,C(sector)[T.기타 화학제품 제조업],0.4341124817365246,0.24385600422123252,1.780200094407708,0.07504321996745658,4610.0
P1_count_controls,C(sector)[T.나무제품 제조업],-20.818832856571134,24518.23459756594,-0.0008491163086692193,0.9993225032883992,4610.0
P1_count_controls,"C(sector)[T.내화, 비내화 요업제품 제조업]",0.3437472294237395,0.3727200039562621,0.9222666499651505,0.3563895052304278,4610.0
P1_count_controls,C(sector)[T.담배 제조업],1.9332279106715997,0.36796467227136936,5.253841078650801,1.4895942604975327e-07,4610.0
P1_count_controls,C(sector)[T.도로 화물 운송업],0.23913119178764947,0.3385633827934845,0.7063114440037176,0.47999447818592167,4610.0
P1_count_controls,"C(sector)[T.도축, 육류 가공 및 저장 처리업]",-0.9232465145482431,1.0250202802058799,-0.9007104858089295,0.36774227199699094,4610.0
P1_count_controls,C(sector)[T.동·식물성 유지 및 낙농제품 제조업],0.7517147088653016,0.43933476387603443,1.711029426019677,0.08707568085485001,4610.0
P1_count_controls,C(sector)[T.동물용 사료 및 조제식품 제조업],-44.57542666032778,3367379372.8274593,-1.3237423445668821e-08,0.9999999894380642,4610.0
P1_count_controls,"C(sector)[T.떡, 빵 및 과자류 제조업]",0.7025314035116087,0.6179121714095891,1.1369437858927185,0.25556178621332737,4610.0
P1_count_controls,C(sector)[T.무기 및 총포탄 제조업],0.2776226682476739,0.46531013713643954,0.5966400602320611,0.5507477190904917,4610.0
P1_count_controls,C(sector)[T.무점포 소매업],0.8294860275422653,0.5469753000819096,1.516496316045806,0.12939390114396818,4610.0
P1_count_controls,C(sector)[T.반도체 제조업],0.444137953051352,0.29656978621582225,1.4975832795325288,0.1342415536263337,4610.0
P1_count_controls,C(sector)[T.방적 및 가공사 제조업],0.4047166709421765,0.49782106885499383,0.8129761801223866,0.4162317151941842,4610.0
P1_count_controls,C(sector)[T.봉제의복 제조업],0.06511849881512571,0.28490862207579326,0.22855924240089323,0.8192115058677764,4610.0
P1_count_controls,"C(sector)[T.비료, 농약 및 살균, 살충제 제조업]",-0.6021504493574736,0.5460833473739004,-1.1026713271027186,0.27016992280015306,4610.0
P1_count_controls,C(sector)[T.비알코올음료 및 얼음 제조업],-0.19255242285737986,0.741040026743595,-0.25984078579874653,0.7949865886770755,4610.0
P1_count_controls,C(sector)[T.산업용 기계 및 장비 임대업],0.2655921301606244,0.6192993691870294,0.42885903550858473,0.6680258132476284,4610.0
P1_count_controls,C(sector)[T.산업용 농·축산물 및 동·식물 도매업],-0.6226958473846113,1.0239600344801114,-0.6081251478733432,0.5431044743918807,4610.0
P1_count_controls,C(sector)[T.상품 종합 도매업],-0.25305202575572955,0.353886282722297,-0.7150659353312813,0.4745683017887199,4610.0
P1_count_controls,C(sector)[T.상품 중개업],-0.509617655829878,0.546845816821685,-0.931922015590829,0.35137682907680867,4610.0
P1_count_controls,C(sector)[T.생활용품 도매업],0.405796121027451,0.3271630690669264,1.2403481914532322,0.2148466347889486,4610.0
P1_count_controls,"C(sector)[T.서적, 잡지 및 기타 인쇄물 출판업]",0.304123904952296,0.5461885049621936,0.5568112514073269,0.5776563956851091,4610.0
P1_count_controls,C(sector)[T.석유 정제품 제조업],-0.8523888545567035,0.5467900825621705,-1.5588959671004752,0.11902100501979755,4610.0
P1_count_controls,C(sector)[T.선박 및 보트 건조업],-0.621505218962011,0.46670832817787633,-1.3316780126647687,0.1829660173797525,4610.0
P1_count_controls,"C(sector)[T.섬유, 의복, 신발 및 가죽제품 소매업]",-0.37998645057974334,0.6181845824760467,-0.6146812155323641,0.5387652675260377,4610.0
P1_count_controls,C(sector)[T.소프트웨어 개발 및 공급업],0.24184232420329504,0.355320040958436,0.6806323773659163,0.4961041346353754,4610.0
P1_count_controls,C(sector)[T.수산물 가공 및 저장 처리업],-0.37901204645238296,0.46322901492945634,-0.8181958259028776,0.41324537821867013,4610.0
P1_count_controls,C(sector)[T.스포츠 서비스업],0.750662464313342,0.6209355387830472,1.20892172766362,0.22669291783472856,4610.0
P1_count_controls,"C(sector)[T.시멘트, 석회, 플라스터 및 그 제품 제조업]",-0.6332563393386915,0.372338845951995,-1.7007528121853182,0.0889894135189998,4610.0
P1_count_controls,C(sector)[T.신발 및 신발 부분품 제조업],-25.535068807916616,241793.0570532528,-0.00010560712172265865,0.9999157377082233,4610.0
P1_count_controls,C(sector)[T.악기 제조업],0.1120700380259626,0.7405712318475618,0.1513291810517303,0.8797160511977345,4610.0
P1_count_controls,C(sector)[T.알코올음료 제조업],0.20959842606848222,0.384869312693421,0.5445963581810536,0.5860311600276675,4610.0
P1_count_controls,C(sector)[T.어로 어업],0.31327684963088,0.5460864850538697,0.5736762549616591,0.5661868994305149,4610.0
P1_count_controls,C(sector)[T.여행사 및 기타 여행보조 서비스업],0.11906333753329738,0.4403879233945914,0.27036013298351874,0.7868832076558112,4610.0
P1_count_controls,C(sector)[T.연료 소매업],-0.2974596345998596,0.6190386493676499,-0.480518679897799,0.6308586238053508,4610.0
P1_count_controls,C(sector)[T.연료용 가스 제조 및 배관공급업],-0.5435120705764283,0.39997694044936055,-1.3588585131078077,0.17419142739457238,4610.0
P1_count_controls,C(sector)[T.영상 및 음향기기 제조업],-0.22536182787888312,0.4189946443667674,-0.537863266055526,0.5906714504214023,4610.0
P1_count_controls,"C(sector)[T.영화, 비디오물, 방송프로그램 제작 및 배급업]",-0.027713745803840315,0.402131634393309,-0.06891709936138622,0.9450556075579427,4610.0
P1_count_controls,C(sector)[T.오디오물 출판 및 원판 녹음업],0.3374805609108549,0.7412733373821342,0.4552714145941015,0.6489139886173005,4610.0
P1_count_controls,C(sector)[T.운송장비 임대업],0.6466736306700402,0.4998275614861262,1.2937934609834236,0.19573677196852934,4610.0
P1_count_controls,C(sector)[T.유리 및 유리제품 제조업],0.534405706108973,0.4977564499382619,1.0736288925542938,0.2829890427869526,4610.0
P1_count_controls,C(sector)[T.유원지 및 기타 오락관련 서비스업],-0.4012888812008414,0.5469486793229129,-0.7336865347176833,0.4631398070199102,4610.0
P1_count_controls,C(sector)[T.육상 여객 운송업],-0.22098421518829714,0.6191423163145501,-0.35691990252533146,0.7211517696382799,4610.0
P1_count_controls,C(sector)[T.음·식료품 및 담배 도매업],-0.5355470406725255,0.7409765756328196,-0.7227583951829378,0.4698283322254241,4610.0
P1_count_controls,C(sector)[T.음식점업],-0.03362554967339444,0.7404862482824359,-0.045410093369578686,0.9637804359425041,4610.0
P1_count_controls,C(sector)[T.의료용 기기 제조업],-0.10677046422726036,0.6175543474664315,-0.17289241775285877,0.8627359916607963,4610.0
P1_count_controls,C(sector)[T.의료용품 및 기타 의약 관련제품 제조업],1.238684121867634,0.7439362095921006,1.6650407735184758,0.09590462148013151,4610.0
P1_count_controls,C(sector)[T.의약품 제조업],0.32978854437675403,0.23987829442513625,1.3748161131755834,0.16918846133669563,4610.0
P1_count_controls,C(sector)[T.일반 목적용 기계 제조업],0.1304791589283067,0.28038007893507333,0.4653652977910792,0.6416698808010873,4610.0
P1_count_controls,C(sector)[T.일반 및 생활 숙박시설 운영업],-0.0249379535116648,0.7402406357489595,-0.03368898207869001,0.9731251650142374,4610.0
P1_count_controls,C(sector)[T.일차전지 및 이차전지 제조업],-0.0935695557864551,0.35478294325524196,-0.26373746981161444,0.7919822206982556,4610.0
P1_count_controls,C(sector)[T.자동차 부품 및 내장품 판매업],-0.28704084663191193,1.0244365298087443,-0.2801938805183964,0.7793287613531946,4610.0
P1_count_controls,C(sector)[T.자동차 신품 부품 제조업],0.29873703592605044,0.23755296771754006,1.2575596878303819,0.20855104005141623,4610.0
P1_count_controls,C(sector)[T.자동차 판매업],0.17698934560994348,0.6187448458620047,0.28604576958272787,0.7748430663585238,4610.0
P1_count_controls,C(sector)[T.자동차용 엔진 및 자동차 제조업],0.5173782797018104,0.3255905250054133,1.5890458719374847,0.11205003671760523,4610.0
P1_count_controls,"C(sector)[T.자료처리, 호스팅, 포털 및 기타 인터넷 정보매개 서비스업]",0.5029822609967123,0.3064440379742843,1.6413511071111808,0.10072455289258529,4610.0
P1_count_controls,C(sector)[T.자연과학 및 공학 연구개발업],-0.9739130871356021,1.0256680511592955,-0.9495402396855439,0.3423459161772885,4610.0
P1_count_controls,C(sector)[T.전구 및 조명장치 제조업],-0.5782920325549284,0.7468157073610897,-0.7743436926338253,0.4387275720215553,4610.0
P1_count_controls,C(sector)[T.전기 및 통신 공사업],-0.10223987280773468,0.6179951949032131,-0.16543797371069674,0.8685992667522874,4610.0
P1_count_controls,C(sector)[T.전기 통신업],-0.8288369788603759,0.49955917536261973,-1.6591367344193813,0.09708824250394023,4610.0
P1_count_controls,C(sector)[T.전기업],0.24310983852219792,0.4217625537591004,0.5764139949253433,0.5643353871765797,4610.0
P1_count_controls,"C(sector)[T.전동기, 발전기 및 전기 변환 · 공급 · 제어 장치 제조업]",0.5356124250152061,0.29921480965617714,1.7900598758152033,0.07344428626415568,4610.0
P1_count_controls,C(sector)[T.전자부품 제조업],0.30766760360119616,0.25630753616089436,1.2003845388613976,0.22999003073001334,4610.0
P1_count_controls,C(sector)[T.절연선 및 케이블 제조업],-0.6505978826093026,0.5460361161401266,-1.1914924001883107,0.2334603383617252,4610.0
P1_count_controls,C(sector)[T.제재 및 목재 가공업],0.22322816960517267,0.6177353269857936,0.3613653936458557,0.7178263144599919,4610.0
P1_count_controls,C(sector)[T.종합 소매업],-0.4669323440209871,0.3336252163560413,-1.399571498584453,0.16164167382202344,4610.0
P1_count_controls,"C(sector)[T.증기, 냉·온수 및 공기조절 공급업]",-0.36720676461392165,0.742194128533005,-0.49475837991298816,0.6207706865473201,4610.0
P1_count_controls,C(sector)[T.직물직조 및 직물제품 제조업],0.4514734065063698,0.3734951039410735,1.2087799859823571,0.2267473826393137,4610.0
P1_count_controls,C(sector)[T.초등 교육기관],-0.7639138904318946,0.7404324933097879,-1.0317130830079366,0.3022065466987257,4610.0
P1_count_controls,"C(sector)[T.측정, 시험, 항해, 제어 및 기타 정밀기기 제조업; 광학기기 제외]",0.7645267091487881,0.33964501007470327,2.2509581665299137,0.024388187092355785,4610.0
P1_count_controls,C(sector)[T.컴퓨터 및 주변장치 제조업],-30.022180967591208,1935008.592081303,-1.5515270108077005e-05,0.9999876206055246,4610.0
P1_count_controls,"C(sector)[T.컴퓨터 프로그래밍, 시스템 통합 및 관리업]",0.0804309814912771,0.34527923218962586,0.23294474151027061,0.81580431523937,4610.0
P1_count_controls,C(sector)[T.텔레비전 방송업],-0.4205607986177719,0.5459782627297394,-0.7702885395383416,0.44112875307252686,4610.0
P1_count_controls,C(sector)[T.토목 건설업],0.3571314417546381,0.2700617028118796,1.3224068353127798,0.18603271397184928,4610.0
P1_count_controls,C(sector)[T.통신 및 방송 장비 제조업],-0.18257163247794717,0.4169696680550204,-0.4378535094160765,0.6614924787317175,4610.0
P1_count_controls,C(sector)[T.특수 목적용 기계 제조업],0.11190992266535461,0.2830717827249637,0.3953411448787454,0.6925911381054033,4610.0
P1_count_controls,"C(sector)[T.펄프, 종이 및 판지 제조업]",-0.4592276605039738,0.3850574532783751,-1.1926211441802108,0.23301778113696614,4610.0
P1_count_controls,C(sector)[T.편조원단 제조업],0.9259604753132508,0.46889419509469166,1.9747748745881917,0.048293701555385954,4610.0
P1_count_controls,C(sector)[T.플라스틱제품 제조업],-0.35038812737283154,0.312991540704313,-1.1194811418365058,0.26293493166486115,4610.0
P1_count_controls,C(sector)[T.합성고무 및 플라스틱 물질 제조업],0.7502078257662521,0.415983816684112,1.8034543548984785,0.071316887804884,4610.0
P1_count_controls,C(sector)[T.항공 여객 운송업],0.18691604260076108,0.3081492100387071,0.6065764133462561,0.544132057206445,4610.0
P1_count_controls,"C(sector)[T.항공기,우주선 및 부품 제조업]",0.6385266866714142,0.3887723836721031,1.6424178092082742,0.10050344662021883,4610.0
P1_count_controls,C(sector)[T.해상 운송업],0.1210148374671684,0.3543674661444665,0.34149533754837913,0.732730714249058,4610.0
P1_count_controls,C(sector)[T.화학섬유 제조업],0.30109919934689383,0.3271242298225948,0.9204429751663006,0.35734131971412086,4610.0
P1_count_controls,LogAssets_w,0.10878263511116992,0.020080382369883187,5.417358748821611,6.04859000759958e-08,4610.0
P1_count_controls,Leverage_w,0.5630974855754289,0.16023386410774215,3.514222718842997,0.0004410428565918032,4610.0
P1_count_controls,ROA_w,-2.6753591902682023,0.47221607610605265,-5.665540259301458,1.4656200657556451e-08,4610.0
P1_count_controls,Loss,0.08199990731132532,0.08251239581827859,0.9937889513221512,0.320325626235079,4610.0
