tail_type,contamination,overlap,nuisance,learner,estimator,clip_quantile,mean_theta_hat,bias,sd,rmse,coverage,mean_ci_length,mean_share_top1pct,mean_share_top0_5pct,mean_share_top0_1pct,mean_max_abs_score,mean_p99_abs_score,reps
normal,0.0,strong,linear,lasso,covariate_winsorized_dml,,1.0071696395394003,0.007169639539400406,0.029589821675858358,0.03015709082451173,0.96,0.12430378122044956,0.0688978535799757,0.038808980476094365,0.009472821621810505,6.229725792229926,3.6347600222969687,50
normal,0.0,strong,linear,lasso,outcome_winsorized_dml,,0.9853372963516657,-0.0146627036483344,0.029159492503781557,0.0323769263719614,0.9,0.12125940960309699,0.0673880087890588,0.0379377473085172,0.009210797716765225,5.9492723304166075,3.4917982023101173,50
normal,0.0,strong,linear,lasso,score_clipped_dml,0.95,1.0038168403745344,0.0038168403745345693,0.02924527963242833,0.029201865070711253,0.96,0.12438786917112374,0.0641920006395753,0.03418503769251246,0.007021879173509502,4.5705784490292665,3.620810366110409,50
normal,0.0,strong,linear,lasso,score_clipped_dml,0.97,1.0036977610966433,0.003697761096643348,0.029334924588092837,0.029274570563975155,0.96,0.12398728401354617,0.06719868390102468,0.037176940275818235,0.008308983143684633,5.428375248688605,3.622061909095147,50
normal,0.0,strong,linear,lasso,score_clipped_dml,0.99,1.003906263696424,0.003906263696423978,0.029250228125896793,0.029218542478615602,0.96,0.12392778035905745,0.06851906249615841,0.03853723700625435,0.009335780485779021,6.112286307670468,3.6220212013352016,50
normal,0.0,strong,linear,lasso,score_clipped_dml,0.995,1.0039162987250154,0.003916298725015446,0.029199760427297036,0.02917037683223974,0.96,0.12396595732993891,0.06864846323667716,0.0386708739354151,0.009473731385300325,6.205267842459694,3.6221084426191483,50
normal,0.0,strong,linear,lasso,score_clipped_dml,0.999,1.0038577032952087,0.0038577032952086298,0.029160575019340187,0.02912411762548798,0.96,0.12396251084431854,0.06874319944028066,0.03876821182223622,0.00957279320294565,6.270928425172883,3.6221165918688967,50
normal,0.0,strong,linear,lasso,standard_dml,,1.0038577032952085,0.0038577032952085786,0.02916057501934017,0.02912411762548795,0.96,0.12396251084431854,0.06874319944028066,0.03876821182223622,0.00957279320294565,6.270928425172883,3.6221165918688967,50
normal,0.0,strong,nonlinear,lasso,covariate_winsorized_dml,,0.9009306499035924,-0.0990693500964076,0.05511772181999731,0.113101459415777,0.52,0.20360054435227545,0.10401750324051404,0.06463300230250703,0.01986020650124601,24.837059566218137,8.64960060986214,50
normal,0.0,strong,nonlinear,lasso,outcome_winsorized_dml,,0.891644055869844,-0.10835594413015599,0.053491573498281715,0.12060320101453824,0.34,0.191323796496667,0.09645233083552548,0.05935154550205275,0.01767026060480929,21.58456392153313,7.970155034678166,50
normal,0.0,strong,nonlinear,lasso,score_clipped_dml,0.95,0.9296248239263802,-0.0703751760736197,0.04954798280068843,0.08578209577189137,0.72,0.1862060691213666,0.05669501003121078,0.02834750501560539,0.005669501003121078,6.654634548238976,6.654634548238976,50
normal,0.0,strong,nonlinear,lasso,score_clipped_dml,0.97,0.9245676208907431,-0.07543237910925697,0.05020209163813683,0.09033210294701258,0.72,0.1885596499407411,0.06958494387200759,0.034873687773254745,0.006974737554650949,8.378838797484967,8.141792664570977,50
normal,0.0,strong,nonlinear,lasso,score_clipped_dml,0.99,0.917571647340959,-0.08242835265904101,0.05213825814405512,0.09725463138140744,0.66,0.19277492423919404,0.08855540459339178,0.04854792797820656,0.010053272272664641,12.351714779304293,8.724535645715129,50
normal,0.0,strong,nonlinear,lasso,score_clipped_dml,0.995,0.9152604471468124,-0.08473955285318753,0.052542047055547984,0.09942959917635107,0.66,0.19518662397832942,0.09383005372091455,0.053836890520525975,0.011958367948457876,14.77990376074033,8.71908253710101,50
normal,0.0,strong,nonlinear,lasso,score_clipped_dml,0.999,0.9122448446265062,-0.08775515537349378,0.05295978153084805,0.10222333875013712,0.64,0.19862040306390097,0.09944602707157052,0.0597309178054824,0.015230430933495798,18.954682253787713,8.714462636263614,50
normal,0.0,strong,nonlinear,lasso,standard_dml,,0.9084949219025692,-0.09150507809743083,0.05543010179087057,0.1066968864516311,0.6,0.204324663227445,0.10445403185637979,0.06498495701255545,0.020041990530395792,25.21162895389331,8.707105573962519,50
normal,0.0,weak,linear,lasso,covariate_winsorized_dml,,1.0153630043936388,0.015363004393638668,0.036724256574306675,0.03946795541342064,0.94,0.12541191441389482,0.07170938540062317,0.04069199390605261,0.01006337752569852,6.664629163965307,3.7684073207543998,50
normal,0.0,weak,linear,lasso,outcome_winsorized_dml,,0.9869751554887235,-0.01302484451127654,0.03647188126335587,0.038382818226043454,0.88,0.12547249979603087,0.07152634545682283,0.040625240975333494,0.01026823866440218,6.714820200059992,3.7100869066073225,50
normal,0.0,weak,linear,lasso,score_clipped_dml,0.95,1.006830740071221,0.006830740071221102,0.0372272430584263,0.0374807855192112,0.94,0.12573721811151303,0.06493550259318778,0.03414903002759932,0.006957616577815693,4.52148522178989,3.7181468458075586,50
normal,0.0,weak,linear,lasso,score_clipped_dml,0.97,1.0064947973010023,0.006494797301002362,0.03717317321711667,0.03736830612792439,0.94,0.1253008477230141,0.06868067918271781,0.0377349905085172,0.008182091066798599,5.3369957489382935,3.719132342920574,50
normal,0.0,weak,linear,lasso,score_clipped_dml,0.99,1.0061902221264836,0.006190222126483607,0.03729272976998922,0.03743329520358446,0.94,0.12501925117565413,0.07015428863436007,0.03925542471179827,0.00926693836308594,6.050516322411343,3.7180441430789335,50
normal,0.0,weak,linear,lasso,score_clipped_dml,0.995,1.0061628213392688,0.0061628213392687205,0.03726155120662128,0.03739833019289676,0.94,0.12493119350879812,0.07027743348340224,0.039381957595996234,0.009396916669464524,6.138030810939157,3.7181998135800147,50
normal,0.0,weak,linear,lasso,score_clipped_dml,0.999,1.0061628213392688,0.006162821339268727,0.03726155120662129,0.03739833019289677,0.94,0.12493119350879812,0.07027743348340224,0.039381957595996234,0.009396916669464524,6.138030810939157,3.7181998135800147,50
normal,0.0,weak,linear,lasso,standard_dml,,1.0061628213392688,0.0061628213392687205,0.037261551206621314,0.037398330192896796,0.94,0.12493119350879812,0.07027743348340224,0.039381957595996234,0.009396916669464524,6.138030810939157,3.7181998135800147,50
normal,0.0,weak,nonlinear,lasso,covariate_winsorized_dml,,0.9130353312422453,-0.08696466875775476,0.03054969518225777,0.09207318724992795,0.2,0.13118942384654375,0.12848031481165967,0.08009085299415146,0.022606470311606314,48.734797986224024,17.97107496039065,50
normal,0.0,weak,nonlinear,lasso,outcome_winsorized_dml,,0.8853044474091406,-0.11469555259085931,0.03041250209396808,0.11858116065406796,0.04,0.12249694184457009,0.12094820117332987,0.07551081424966594,0.02139536201099684,45.0618886467668,16.514939823962546,50
normal,0.0,weak,nonlinear,lasso,score_clipped_dml,0.95,0.9246239670729753,-0.07537603292702472,0.026964873676736285,0.07996317067231772,0.3,0.12297494603770374,0.0832624539434429,0.041721657452316034,0.008344331490463206,17.113773071195205,16.698978367280677,50
normal,0.0,weak,nonlinear,lasso,score_clipped_dml,0.97,0.9223568336644962,-0.07764316633550374,0.027555347103735767,0.08229564076869389,0.26,0.1251834878524109,0.10304127906825286,0.0543776880005213,0.010978852612740652,23.08317070976792,18.219402437148247,50
normal,0.0,weak,nonlinear,lasso,score_clipped_dml,0.99,0.9210600950111548,-0.07893990498884515,0.02884749656786049,0.08394666816923686,0.32,0.1298448222847004,0.12361606714483492,0.07437999433333259,0.017768934463062745,38.33340434087178,18.351274583725687,50
normal,0.0,weak,nonlinear,lasso,score_clipped_dml,0.995,0.9212827193820157,-0.07871728061798432,0.03003080564080699,0.08414405843300937,0.34,0.13166053222089885,0.12831616119743738,0.0793767820977031,0.021141109975275175,45.95498952402849,18.359121291808414,50
normal,0.0,weak,nonlinear,lasso,score_clipped_dml,0.999,0.921259792384714,-0.07874020761528597,0.030618741634552166,0.08437284804838656,0.32,0.13184855377941898,0.12976611596226215,0.0809185859354053,0.02259261336983148,49.35471699863268,18.351962597272973,50
normal,0.0,weak,nonlinear,lasso,standard_dml,,0.9212552137522585,-0.07874478624774155,0.030625955197605505,0.08437968659774063,0.32,0.13175132709707119,0.12977253948460457,0.08092573369248736,0.022600736252758796,49.37350788039902,18.35205046560913,50
normal,0.05,strong,linear,lasso,covariate_winsorized_dml,,0.36659356255487924,-0.6334064374451208,0.16653953692917542,0.6545108280313567,0.08,0.6984601261352128,0.25299741152847144,0.13955123893321086,0.03176373040726364,137.7955918799366,90.74029137639226,50
normal,0.05,strong,linear,lasso,outcome_winsorized_dml,,0.3624104177229209,-0.6375895822770792,0.15512461369608257,0.6558222688252755,0.0,0.6453368470876673,0.24823100928950254,0.13742436116160972,0.031162730853038306,126.9644196618753,82.61820082750846,50
normal,0.05,strong,linear,lasso,score_clipped_dml,0.95,0.9794163365347,-0.02058366346530006,0.09582848192897764,0.09707277265788213,0.92,0.3680734119576614,0.10214153810424403,0.05107076905212202,0.010214153810424403,14.320778077207821,14.320778077207821,50
normal,0.05,strong,linear,lasso,score_clipped_dml,0.97,0.6140324306669812,-0.38596756933301873,0.20582107289766624,0.4364470556030939,0.62,0.850480999522365,0.18328602483454584,0.09164301241727292,0.018328602483454585,60.80803913233369,60.80803913233369,50
normal,0.05,strong,linear,lasso,score_clipped_dml,0.99,0.43801949477658353,-0.5619805052234165,0.19643884909569362,0.5946751594412921,0.22,0.8050571069161201,0.21999737581927994,0.11014722590500607,0.022029445181001216,88.9674079367008,87.96999306283973,50
normal,0.05,strong,linear,lasso,score_clipped_dml,0.995,0.405039182279987,-0.5949608177200131,0.18787638600244264,0.6233538002700062,0.14,0.7712823226845245,0.23484525263290026,0.1192466592478835,0.023866878855472298,99.72339383296574,91.4483207889005,50
normal,0.05,strong,linear,lasso,score_clipped_dml,0.999,0.3789012075913229,-0.6210987924086772,0.17646939117806762,0.6451994474841246,0.12,0.7327789514684926,0.24740356974527467,0.1322173366247374,0.027536055618622088,118.00772749849945,91.15082499909799,50
normal,0.05,strong,linear,lasso,standard_dml,,0.36488383081397807,-0.635116169186022,0.16733279693986422,0.6563633201166951,0.08,0.6991097005076786,0.25307328591598816,0.13951490514970916,0.03176315808998782,137.69604799222074,90.78721613910166,50
normal,0.05,strong,nonlinear,lasso,covariate_winsorized_dml,,0.3570579081471364,-0.6429420918528637,0.15325877768587368,0.6606005005713732,0.0,0.6406603368190013,0.2302740962939789,0.1275476849504353,0.029697247281800513,143.28354882629122,91.42739982389452,50
normal,0.05,strong,nonlinear,lasso,outcome_winsorized_dml,,0.36081795071339234,-0.6391820492866076,0.13646432983436158,0.653302192848781,0.0,0.5877723139695737,0.22240951971965045,0.1232475461634647,0.028626841747128748,130.69046944455522,82.84875428816838,50
normal,0.05,strong,nonlinear,lasso,score_clipped_dml,0.95,0.8460522271017155,-0.1539477728982845,0.10956140007427427,0.18831766555172744,0.78,0.44374083166107026,0.09708771292017802,0.04854385646008901,0.009708771292017802,22.472369822483152,22.472369822483152,50
normal,0.05,strong,nonlinear,lasso,score_clipped_dml,0.97,0.5799722522670159,-0.4200277477329841,0.16664403826596447,0.4512628276796571,0.34,0.7435627516595467,0.15718039008029097,0.0785901950401455,0.015718039008029098,60.24396597357506,60.24396597357506,50
normal,0.05,strong,nonlinear,lasso,score_clipped_dml,0.99,0.4242313642889671,-0.5757686357110329,0.16573956515538252,0.5986900143290194,0.1,0.7297026301093728,0.1961659733148435,0.09824448981690939,0.019648897963381876,89.14921132814953,87.72015870937022,50
normal,0.05,strong,nonlinear,lasso,score_clipped_dml,0.995,0.39240201471870345,-0.6075979852812966,0.16300357924813658,0.628660540537292,0.04,0.6957478208100892,0.21310516757330583,0.10886785099281178,0.021810457742152213,102.26455445475703,91.65747641532992,50
normal,0.05,strong,nonlinear,lasso,score_clipped_dml,0.999,0.3726434488827347,-0.6273565511172653,0.15709062641179292,0.6463436839933306,0.02,0.6645001808113971,0.22490057220647383,0.12096274063833969,0.025210437567688603,120.69472801158189,91.50108279954677,50
normal,0.05,strong,nonlinear,lasso,standard_dml,,0.36173556461382167,-0.6382644353861783,0.1528907307954223,0.6559645977724196,0.0,0.6394056769437415,0.23019570906850365,0.12755649740979708,0.029739441628726045,143.79440215926542,91.37171270099172,50
normal,0.05,weak,linear,lasso,covariate_winsorized_dml,,0.39533491381063224,-0.6046650861893678,0.18797876780611228,0.6326524822202011,0.08,0.6894640043751022,0.2536584348381149,0.13999568203500945,0.03211941936487872,136.9883264840809,89.14927719705061,50
normal,0.05,weak,linear,lasso,outcome_winsorized_dml,,0.3753688075340523,-0.6246311924659477,0.16678881651807517,0.646085339355895,0.04,0.626166426817186,0.2529000532903644,0.14096454363907535,0.032760595732685326,128.31150212243818,79.80026615615253,50
normal,0.05,weak,linear,lasso,score_clipped_dml,0.95,0.9820056903072227,-0.017994309692777266,0.09828638972127628,0.09894849820827661,0.94,0.375648027690866,0.10454959644352682,0.05227479822176341,0.010454959644352682,14.987012354529844,14.987012354529844,50
normal,0.05,weak,linear,lasso,score_clipped_dml,0.97,0.6333456809704101,-0.36665431902958984,0.20704752172645396,0.42005558250195574,0.64,0.8374543617645164,0.18468320809726296,0.09234160404863151,0.0184683208097263,60.59871357371442,60.59871357371442,50
normal,0.05,weak,linear,lasso,score_clipped_dml,0.99,0.46222338105492894,-0.537776618945071,0.208599894266514,0.576061914601402,0.2,0.8090695518332532,0.2200388118837815,0.11020259880444094,0.022040519760888187,87.22436723813696,85.70761478543713,50
normal,0.05,weak,linear,lasso,score_clipped_dml,0.995,0.4272949349100152,-0.5727050650899849,0.2032299158417564,0.6070151911599166,0.16,0.7722211002316115,0.23581698319693092,0.1201341808904649,0.02405626852969305,98.72457181852873,89.41526050799655,50
normal,0.05,weak,linear,lasso,score_clipped_dml,0.999,0.4015320698195175,-0.5984679301804825,0.19410388750516988,0.6285591907022267,0.1,0.7235478599322414,0.24845763608306265,0.13304241844761508,0.027787540736960846,117.05609762540999,89.28901564709862,50
normal,0.05,weak,linear,lasso,standard_dml,,0.38846492263656834,-0.6115350773634316,0.1878921813306099,0.6391968031952049,0.08,0.6920259473096014,0.25361487828384205,0.14001185994200407,0.032113318113279166,136.57528576957574,88.96983022109175,50
normal,0.05,weak,nonlinear,lasso,covariate_winsorized_dml,,0.6242737816537415,-0.37572621834625847,0.08632664640504781,0.385322508082167,0.0,0.37597951175735583,0.22263745089978182,0.12644475549849638,0.030611316977291823,177.46879255481173,100.13092899803154,50
normal,0.05,weak,nonlinear,lasso,outcome_winsorized_dml,,0.6188139954352,-0.3811860045648,0.08004610396065301,0.38933533266346354,0.0,0.3432935007485826,0.22064079628797564,0.12660497186202022,0.03122483084081217,171.70092481746997,91.42390993859078,50
normal,0.05,weak,nonlinear,lasso,score_clipped_dml,0.95,0.8532393987212515,-0.14676060127874854,0.057828081274912846,0.15753056634177054,0.38,0.25729751057957084,0.10372344524272163,0.051861722621360816,0.010372344524272164,40.286607460848515,40.286607460848515,50
normal,0.05,weak,nonlinear,lasso,score_clipped_dml,0.97,0.7813548349257311,-0.21864516507426887,0.07117659077866896,0.22971829083407988,0.16,0.318192058074627,0.13522963174795669,0.06761481587397834,0.013522963174795668,62.333375948915936,62.333375948915936,50
normal,0.05,weak,nonlinear,lasso,score_clipped_dml,0.99,0.6908648085149461,-0.3091351914850539,0.08085398364808775,0.3193292751265234,0.0,0.36982903433872655,0.17829471867378424,0.08928799843878911,0.017857599687757825,95.57181676094768,94.25160323678783,50
normal,0.05,weak,nonlinear,lasso,score_clipped_dml,0.995,0.6649341656048386,-0.3350658343951613,0.08262661825058724,0.34490539030520145,0.0,0.3771494146508542,0.19711557437456018,0.10080551489441739,0.0202304695697275,112.4761299787555,100.7406794777667,50
normal,0.05,weak,nonlinear,lasso,score_clipped_dml,0.999,0.6431147334035908,-0.35688526659640907,0.08736497708980981,0.3672153046253041,0.0,0.3754330444175082,0.21485631604545646,0.1173985227253107,0.024919076251587666,143.3430049734056,100.90469759800861,50
normal,0.05,weak,nonlinear,lasso,standard_dml,,0.6330397106808714,-0.36696028931912855,0.08567046186819963,0.3766331018553135,0.0,0.3733276855893584,0.22242806872991092,0.12628251871648133,0.030588988689992568,178.18587446126696,100.6827893522794,50
t3,0.0,strong,linear,lasso,covariate_winsorized_dml,,1.0009496042199313,0.0009496042199311572,0.029579853089937026,0.029297953901600764,1.0,0.11571124942321312,0.14723802047832957,0.09773303715365735,0.036920731668913326,48.86318072584566,10.84186856051537,50
t3,0.0,strong,linear,lasso,outcome_winsorized_dml,,0.8181472356923135,-0.18185276430768657,0.16621214199890563,0.24524350044650334,0.36,0.2795280569731464,0.245907107560088,0.20282970668508593,0.1246548099881435,258.08647371400366,11.691515146044642,50
t3,0.0,strong,linear,lasso,score_clipped_dml,0.95,0.9998624591588449,-0.00013754084115511934,0.028233514429988314,0.027950091731691617,0.94,0.11126153606725499,0.09326919134750307,0.04736637597150554,0.009493422334562466,11.493938103220604,10.413967148215274,50
t3,0.0,strong,linear,lasso,score_clipped_dml,0.97,1.0007473815422159,0.0007473815422157148,0.028706775026367745,0.02842808352555349,0.96,0.11046388561952825,0.11564508927264702,0.06470064172706678,0.013581979354869931,16.8913549466571,10.72479748966023,50
t3,0.0,strong,linear,lasso,score_clipped_dml,0.99,1.0007550171932402,0.0007550171932402017,0.02841469717618595,0.028139246014492855,0.96,0.11403536663581104,0.13590547469871364,0.08584584939145458,0.025466271578698362,32.53620311587743,10.742198618397277,50
t3,0.0,strong,linear,lasso,score_clipped_dml,0.995,1.0006425980158378,0.0006425980158377298,0.02885617034357894,0.028573377955181462,0.98,0.11728934902365902,0.14134686075804312,0.091494199625957,0.030839122333680368,39.8359477403183,10.774091687840805,50
t3,0.0,strong,linear,lasso,score_clipped_dml,0.999,0.9998504207363933,-0.00014957926360661844,0.028864386227064467,0.028574676032738278,0.98,0.11503054860419175,0.14695330520398708,0.0973563202401948,0.03635263232103808,47.959930075644195,10.758578777318354,50
t3,0.0,strong,linear,lasso,standard_dml,,0.9996717301392387,-0.0003282698607612855,0.029213088084508586,0.02892134482049679,0.98,0.1154205465283548,0.14726469985879054,0.0976815275711812,0.0366699809901694,48.41340531509637,10.759483698572314,50
t3,0.0,strong,nonlinear,lasso,covariate_winsorized_dml,,0.9631201828358829,-0.036879817164117076,0.036858483182833954,0.05187964669258239,0.9,0.1532338127604127,0.12472743802447313,0.0775957207326796,0.024916974624667024,47.813043978313836,15.781131754225363,50
t3,0.0,strong,nonlinear,lasso,outcome_winsorized_dml,,0.8733342987789291,-0.1266657012210709,0.07765740570703887,0.1481696968808072,0.28,0.20788215194065335,0.14998855642622635,0.10826926216936628,0.05512732876174709,119.05242449464608,14.292869012754041,50
t3,0.0,strong,nonlinear,lasso,score_clipped_dml,0.95,0.9647154774232763,-0.03528452257672363,0.045258951426727374,0.05702984099600183,0.9,0.15184677937659544,0.0749992853308241,0.03752396416191601,0.007504792832383201,13.51593977178107,13.415510276697455,50
t3,0.0,strong,nonlinear,lasso,score_clipped_dml,0.97,0.9636437859495739,-0.036356214050426196,0.04460348454647603,0.05719664078505291,0.9,0.1512403399832523,0.09722842619929091,0.050876227376617005,0.010268076343158121,19.04965874354826,15.738837461798171,50
t3,0.0,strong,nonlinear,lasso,score_clipped_dml,0.99,0.9639763041734026,-0.03602369582659737,0.04203503977270929,0.055039189113999444,0.88,0.15249170483978702,0.1180553132809303,0.07064432021769361,0.018548828745182242,35.23885349086581,15.839173385662484,50
t3,0.0,strong,nonlinear,lasso,score_clipped_dml,0.995,0.9645104320794037,-0.03548956792059633,0.04097765325595973,0.053898925186212907,0.88,0.1522994005229344,0.12137421981758029,0.07417463822248341,0.022006350636418773,42.05026016806788,15.841748642955766,50
t3,0.0,strong,nonlinear,lasso,score_clipped_dml,0.999,0.9659387305088424,-0.03406126949115763,0.03659763216196779,0.04972694466398186,0.9,0.15328281981956485,0.12435602603089863,0.07732932109678642,0.02463990011530534,47.48495753558392,15.81000044057011,50
t3,0.0,strong,nonlinear,lasso,standard_dml,,0.9658371554919387,-0.03416284450806133,0.036668685955824225,0.049847774514157624,0.9,0.1535532349446613,0.12449071669655584,0.07746847890487515,0.02479084256818187,47.78746651493751,15.810960774885954,50
t3,0.0,weak,linear,lasso,covariate_winsorized_dml,,1.0150957443337685,0.015095744333768455,0.030416895498355564,0.03368330859807609,0.92,0.12099306033483512,0.14251229441562435,0.09211907333742571,0.030796616670671764,40.96160477593929,11.305091448876134,50
t3,0.0,weak,linear,lasso,outcome_winsorized_dml,,0.893166551288917,-0.10683344871108297,0.0878232532085489,0.13773906886411652,0.68,0.23957796235052747,0.21568044113806326,0.16936719906936518,0.10214183186434676,168.70764757187436,11.2952367724897,50
t3,0.0,weak,linear,lasso,score_clipped_dml,0.95,1.0102019143851189,0.010201914385118922,0.03005619999467436,0.03145451815047817,0.96,0.10895664054118116,0.09445506430485733,0.04799540358065954,0.009606907652840873,11.736712457323334,10.531101890304779,50
t3,0.0,weak,linear,lasso,score_clipped_dml,0.97,1.0107739092395034,0.010773909239503303,0.030491532978234766,0.032050211106895606,0.98,0.11215972662781767,0.1165097837659319,0.0655392595374658,0.013833586751541338,17.312817283057985,11.006546813435044,50
t3,0.0,weak,linear,lasso,score_clipped_dml,0.99,1.010999353328081,0.010999353328080946,0.02943534153719171,0.031146369265435514,0.96,0.11630403741421069,0.13616050320411918,0.08523521044073565,0.023774660060525497,30.52440954676576,11.099624221114134,50
t3,0.0,weak,linear,lasso,score_clipped_dml,0.995,1.0104760702567293,0.01047607025672911,0.028571687152179726,0.030162269951240668,0.96,0.11666662807308366,0.14040502661920976,0.08970565740701474,0.027992828280054814,36.34479796494739,11.149973452680806,50
t3,0.0,weak,linear,lasso,score_clipped_dml,0.999,1.0112894937304946,0.011289493730494513,0.02890491572249717,0.030760964525792182,0.96,0.12048207894749872,0.14310496604057155,0.09243871639175842,0.030783534190639207,40.49150223736613,11.20386344483062,50
t3,0.0,weak,linear,lasso,standard_dml,,1.0111022444637165,0.011102244463716578,0.029063849333791733,0.03083947184157867,0.96,0.12108250957890247,0.14340439112623543,0.09273573727534831,0.03109534446103103,40.99551801304116,11.191262384689049,50
t3,0.0,weak,nonlinear,lasso,covariate_winsorized_dml,,0.9348360526281632,-0.06516394737183694,0.03448084827946696,0.07356283271591518,0.48,0.1297724870641034,0.13172469570520198,0.08212869985991256,0.024855162666890595,74.92732534536394,25.784796844091975,50
t3,0.0,weak,nonlinear,lasso,outcome_winsorized_dml,,0.8826478407904932,-0.11735215920950676,0.04589589679447852,0.12584050995943816,0.08,0.1405500094990478,0.136581670169762,0.09162749029303108,0.036763696574750086,114.18912095452608,23.422845435662268,50
t3,0.0,weak,nonlinear,lasso,score_clipped_dml,0.95,0.9426715601535366,-0.057328439846463394,0.032642498073400625,0.06580860158134419,0.52,0.12142401149159289,0.08700275094000086,0.04374996248648911,0.00874999249729782,25.143130472532008,24.253635068909933,50
t3,0.0,weak,nonlinear,lasso,score_clipped_dml,0.97,0.9412621846430754,-0.05873781535692455,0.03264998951412029,0.06704351073646787,0.46,0.1229808985314617,0.10728562596413264,0.057483978864818736,0.0116777939455491,34.39076968104883,25.90082098704539,50
t3,0.0,weak,nonlinear,lasso,score_clipped_dml,0.99,0.9398392515220502,-0.06016074847794989,0.03391155163058749,0.06889346213350923,0.46,0.1263018582960177,0.12516945639849314,0.0751881370201058,0.018691769069562623,56.2902308428646,25.96034351095651,50
t3,0.0,weak,nonlinear,lasso,score_clipped_dml,0.995,0.939658217240292,-0.06034178275970795,0.03466310739907725,0.06941636075802701,0.48,0.12793503699026815,0.12900821269814192,0.07926423254300424,0.02207455058937172,66.90683478059303,25.938704774930805,50
t3,0.0,weak,nonlinear,lasso,score_clipped_dml,0.999,0.939986792074775,-0.06001320792522503,0.034805620361493206,0.06920106726091524,0.52,0.12882330383634394,0.13063750072251654,0.08098387745330124,0.02374700848237275,72.07553614297676,25.940131816738784,50
t3,0.0,weak,nonlinear,lasso,standard_dml,,0.9399249342803552,-0.060075065719644855,0.034922456068203774,0.06931233584506122,0.52,0.1295661700256715,0.1314354694654327,0.0818274263249414,0.024633679251046682,74.99152236244443,25.939345452914576,50
t3,0.05,strong,linear,lasso,covariate_winsorized_dml,,0.5956803910612531,-0.40431960893874686,0.12629479048000414,0.42320882882180233,0.04,0.48253590008431785,0.25054288853157614,0.1438551496655428,0.03880637689586006,202.21268465462535,99.15818824991251,50
t3,0.05,strong,linear,lasso,outcome_winsorized_dml,,0.5568177648543634,-0.44318223514563665,0.1100071678147953,0.45636612383031044,0.02,0.44081920857474544,0.24047080663193512,0.136665717272163,0.03505751281430166,172.69374065160852,90.17589176610761,50
t3,0.05,strong,linear,lasso,score_clipped_dml,0.95,0.8925235698685968,-0.1074764301314032,0.09108740399739079,0.1402931213475365,0.86,0.35227389374054374,0.13402553367398923,0.06701276683699461,0.013402553367398923,41.22855207403168,41.22855207403168,50
t3,0.05,strong,linear,lasso,score_clipped_dml,0.97,0.7770904521274339,-0.22290954787256612,0.11610810590843558,0.25079899709776243,0.58,0.4499828771315865,0.16351229858133107,0.08175614929066553,0.016351229858133108,63.134479072000275,63.134479072000275,50
t3,0.05,strong,linear,lasso,score_clipped_dml,0.99,0.6519070580687009,-0.34809294193129914,0.1292189541999349,0.37085345297626826,0.12,0.5120908068915191,0.20267041138211384,0.10139701755592208,0.020279403511184416,94.67949027902287,93.35324256484888,50
t3,0.05,strong,linear,lasso,score_clipped_dml,0.995,0.6216141349272198,-0.37838586507278016,0.1271233144742975,0.3987643329438438,0.04,0.5126543898515119,0.21970414817973524,0.11157693286774231,0.02237217902697755,108.99026725295283,98.94439543798231,50
t3,0.05,strong,linear,lasso,score_clipped_dml,0.999,0.5986378982288366,-0.4013621017711634,0.12669522526816487,0.42050229873545486,0.06,0.4998201727202225,0.24251624938419283,0.13434443725790612,0.031478284928325974,161.83050731708363,99.08323365644169,50
t3,0.05,strong,linear,lasso,standard_dml,,0.5952667578736515,-0.4047332421263486,0.12640327253032344,0.42363572658872056,0.04,0.4827150150150046,0.2506024280783949,0.1438595605740299,0.038747624880769056,201.58186399791205,99.00546642205244,50
t3,0.05,strong,nonlinear,lasso,covariate_winsorized_dml,,0.6223964039249782,-0.3776035960750218,0.11017217455977192,0.3930389620064053,0.06,0.4497959849162278,0.23018789838561848,0.13178115182741862,0.033754533015552673,191.65868175920582,100.1694161474019,50
t3,0.05,strong,nonlinear,lasso,outcome_winsorized_dml,,0.5823615249991003,-0.4176384750008997,0.09436471773930181,0.42795852807954987,0.04,0.4066657792883226,0.21804449821297187,0.12400140675905426,0.03054785979827501,164.26172858740168,90.25760829275309,50
t3,0.05,strong,nonlinear,lasso,score_clipped_dml,0.95,0.880836911640401,-0.11916308835959892,0.07589513713418791,0.14087126048702206,0.8,0.32955943572026875,0.11193369414933894,0.05596684707466947,0.011193369414933894,40.990214974260496,40.990214974260496,50
t3,0.05,strong,nonlinear,lasso,score_clipped_dml,0.97,0.7762224380204654,-0.2237775619795346,0.09381590735950651,0.24228452948902496,0.4,0.41757636925998975,0.14562510725231761,0.07281255362615881,0.014562510725231763,65.17667786691352,65.17667786691352,50
t3,0.05,strong,nonlinear,lasso,score_clipped_dml,0.99,0.673123511843402,-0.32687648815659803,0.10402521248889764,0.3427142518867339,0.12,0.4716727204164901,0.18494161473043152,0.09301442431704258,0.018624059516914558,96.8184327211432,94.02182033750329,50
t3,0.05,strong,nonlinear,lasso,score_clipped_dml,0.995,0.6432241651892192,-0.35677583481078073,0.10623667344254159,0.3719536294666097,0.1,0.4711002143095751,0.20588659799255105,0.10609022378930204,0.021495055094076364,116.78909737712586,99.96535903922448,50
t3,0.05,strong,nonlinear,lasso,score_clipped_dml,0.999,0.6259264499626997,-0.37407355003730025,0.10809268057519719,0.3890775859382825,0.08,0.4565835089599916,0.2244789095539683,0.12532200338464183,0.02877619986758674,161.61729313753824,100.20341394555224,50
t3,0.05,strong,nonlinear,lasso,standard_dml,,0.6238656336144857,-0.37613436638551434,0.10927553890907836,0.39138137680787066,0.06,0.44924063146982357,0.2299686758298159,0.13161962330946467,0.03371366145925561,191.75454358700776,100.20777145505065,50
t3,0.05,weak,linear,lasso,covariate_winsorized_dml,,0.6168153604826501,-0.38318463951735,0.12455836880484879,0.40253566234133803,0.1,0.4818249779630603,0.2523717778793393,0.14470963722333158,0.037145833037411195,193.78693344310042,100.87118243892037,50
t3,0.05,weak,linear,lasso,outcome_winsorized_dml,,0.5738062393613924,-0.42619376063860753,0.1124821751324854,0.44050007552253967,0.02,0.43375915714522184,0.2420146543340875,0.1378213401722058,0.03292263538171507,159.15982143033008,89.79301786503105,50
t3,0.05,weak,linear,lasso,score_clipped_dml,0.95,0.9096417581893274,-0.09035824181067266,0.09341223835329075,0.1292901435214787,0.9,0.34510411404676394,0.13265917541952396,0.06632958770976198,0.013265917541952396,41.00761454448016,41.00761454448016,50
t3,0.05,weak,linear,lasso,score_clipped_dml,0.97,0.7913935017159548,-0.20860649828404518,0.11537758379875852,0.23782854797670125,0.58,0.4535651277367771,0.1660426270543294,0.0830213135271647,0.01660426270543294,64.98082194237571,64.98082194237571,50
t3,0.05,weak,linear,lasso,score_clipped_dml,0.99,0.6733335547951791,-0.32666644520482085,0.12795380265250225,0.35036509318670006,0.22,0.5149346167210314,0.20413392647942918,0.10229705083389139,0.020459410166778276,95.41107901004919,93.74235981924235,50
t3,0.05,weak,linear,lasso,score_clipped_dml,0.995,0.6408171441138966,-0.35918285588610344,0.128091379570815,0.38090888339922563,0.18,0.5148424925683409,0.22292811943914098,0.11411913892212912,0.022896042398180327,111.96529617694995,99.84006042327793,50
t3,0.05,weak,linear,lasso,score_clipped_dml,0.999,0.6158015365042184,-0.3841984634957816,0.12346129237204455,0.4031703067593289,0.12,0.49806476222983653,0.24507881645130594,0.1363192930178961,0.030907612745218332,159.0468374073765,100.49324062627042,50
t3,0.05,weak,linear,lasso,standard_dml,,0.6138781607238483,-0.3861218392761518,0.12517956647463552,0.4055201599816223,0.1,0.4835679127856155,0.2528779270504782,0.14509791555988982,0.03732639338329955,194.4483704019098,100.45545786390994,50
t3,0.05,weak,nonlinear,lasso,covariate_winsorized_dml,,0.7008384627247479,-0.2991615372752521,0.07994417408923252,0.3094525406848122,0.0,0.3144661430026049,0.2162910702635838,0.12704918105642948,0.03251542154867268,216.20275088824192,103.37766673281396,50
t3,0.05,weak,nonlinear,lasso,outcome_winsorized_dml,,0.673894739923301,-0.3261052600766991,0.07057678625857794,0.33350577469229636,0.0,0.285306984192521,0.20860901418887653,0.12366607121760152,0.031653585771732586,200.34191181709488,94.72568685029468,50
t3,0.05,weak,nonlinear,lasso,score_clipped_dml,0.95,0.8632277923072372,-0.1367722076927627,0.054901082655275886,0.14717500839592032,0.28,0.22069094471741565,0.09982076277748174,0.04991038138874087,0.009982076277748175,48.12187933018101,48.12187933018101,50
t3,0.05,weak,nonlinear,lasso,score_clipped_dml,0.97,0.8164411911971375,-0.18355880880286246,0.06555328872275076,0.19469238628730906,0.14,0.2579996130796237,0.12522240075688934,0.06261120037844467,0.012522240075688933,67.91755575321992,67.91755575321992,50
t3,0.05,weak,nonlinear,lasso,score_clipped_dml,0.99,0.7502152126380157,-0.24978478736198417,0.07511281453484053,0.2606176053275567,0.02,0.299562923921379,0.16950514692390584,0.08526893398806273,0.017053786797612543,105.21068387300699,99.13841139369246,50
t3,0.05,weak,nonlinear,lasso,score_clipped_dml,0.995,0.7284026665093276,-0.2715973334906724,0.07608874913106835,0.28184893001160666,0.02,0.3087663100344842,0.19124971254147538,0.10095203739821124,0.02049208513436074,131.31483062543924,103.34990264065549,50
t3,0.05,weak,nonlinear,lasso,score_clipped_dml,0.999,0.7095886687956471,-0.2904113312043529,0.07711864607457881,0.3002783394665906,0.02,0.3130890754258655,0.2120236494551481,0.12252895475319808,0.029123369565731395,193.49866625052312,103.7164508697394,50
t3,0.05,weak,nonlinear,lasso,standard_dml,,0.7070912676223295,-0.2929087323776705,0.07937236871795397,0.30326473411967086,0.02,0.3128618982871957,0.21576721042985003,0.12680864481136497,0.032495560735741884,216.8407287478462,103.65361396323722,50
t5,0.0,strong,linear,lasso,covariate_winsorized_dml,,1.0029537886608286,0.00295378866082878,0.035195691420835104,0.03496693907323992,0.94,0.12139568121318783,0.09899612794655241,0.05969384291593112,0.01684982156689941,15.738592173051137,6.5154503019234395,50
t5,0.0,strong,linear,lasso,outcome_winsorized_dml,,0.9556998993373476,-0.04430010066265237,0.03794022814980386,0.05807900319856669,0.78,0.13632253683458442,0.11299955640830833,0.07513057122455305,0.0303437633762361,28.89651086216073,6.263543388214699,50
t5,0.0,strong,linear,lasso,score_clipped_dml,0.95,1.002185835086222,0.002185835086222001,0.03511680888061021,0.03483251836520465,0.88,0.11925352420791661,0.07983260630417935,0.04152396502256637,0.008365034212680582,7.629620640314171,6.466318095076275,50
t5,0.0,strong,linear,lasso,score_clipped_dml,0.97,1.0020431304530641,0.0020431304530640084,0.03512712992738396,0.03483405422635795,0.88,0.11969706283091862,0.0904894056105006,0.0509493369692454,0.011086990643741136,10.232214600356954,6.498161988113436,50
t5,0.0,strong,linear,lasso,score_clipped_dml,0.99,1.001751786475976,0.0017517864759760981,0.03512866431977542,0.03481969775301112,0.9,0.12050716986657878,0.09736577666924628,0.058120977131117406,0.015284202603287562,14.225814530445811,6.502599683670423,50
t5,0.0,strong,linear,lasso,score_clipped_dml,0.995,1.0014816716245554,0.0014816716245553696,0.0351595901310934,0.03483774093459224,0.9,0.1209110694320343,0.09830381887892722,0.0590977015737922,0.016248045334353367,15.133961762785436,6.503582908359829,50
t5,0.0,strong,linear,lasso,score_clipped_dml,0.999,1.001300105540559,0.0013001055405592087,0.03530475204721429,0.03497409442987152,0.92,0.12118112961706014,0.09874327104542592,0.059554483030047844,0.016733978291161675,15.598573573226647,6.504079715604956,50
t5,0.0,strong,linear,lasso,standard_dml,,1.001290658215938,0.0012906582159379787,0.03531279855335693,0.03498170472499784,0.92,0.12114163708962082,0.0987572601656733,0.05956880119790508,0.016748699594931235,15.612670420588886,6.504039367659818,50
t5,0.0,strong,nonlinear,lasso,covariate_winsorized_dml,,0.9409397710223242,-0.059060228977675884,0.0454902743573159,0.07427037368141688,0.68,0.1718173144333233,0.10556179936870169,0.06436599452972844,0.018093889892097946,27.96094352147854,11.110816982129833,50
t5,0.0,strong,nonlinear,lasso,outcome_winsorized_dml,,0.9073919054830354,-0.09260809451696456,0.04712065639825958,0.10369285560865717,0.48,0.17171016291245159,0.10197435500229785,0.06451142624532032,0.02238923170292078,34.84851172872791,10.126130262020247,50
t5,0.0,strong,nonlinear,lasso,score_clipped_dml,0.95,0.9482478697518695,-0.05175213024813048,0.04362664336655881,0.06740549915566026,0.72,0.16507025315398377,0.06606731772946743,0.0330922100373202,0.00661844200746404,9.743235093585469,9.607329544195828,50
t5,0.0,strong,nonlinear,lasso,score_clipped_dml,0.97,0.946588725040476,-0.05341127495952401,0.04389162182519638,0.06885280872933952,0.68,0.16687533643873112,0.0817917514892596,0.042376830042642144,0.008511977105427731,12.802915750597641,10.947456916235614,50
t5,0.0,strong,nonlinear,lasso,score_clipped_dml,0.99,0.9456101656995369,-0.05438983430046304,0.044902140463917016,0.07024337868517098,0.68,0.17046594888581512,0.09978724788154604,0.05824031630174582,0.013487138344345138,20.729319925847957,11.17166323574929,50
t5,0.0,strong,nonlinear,lasso,score_clipped_dml,0.995,0.945820596806046,-0.05417940319395392,0.04529316818092547,0.07032673312931088,0.68,0.1717978438576353,0.10312290858883749,0.06172781898468894,0.01565249795882042,24.177610064599072,11.167334444233227,50
t5,0.0,strong,nonlinear,lasso,score_clipped_dml,0.999,0.9459659455304927,-0.05403405446950726,0.04584238118746108,0.07056325160514808,0.68,0.17206358902513014,0.10565577544149198,0.06437978644386963,0.017946250504198194,27.878200468505057,11.164240688310544,50
t5,0.0,strong,nonlinear,lasso,standard_dml,,0.9458069117039326,-0.05419308829606734,0.04584219609591118,0.07068498866876477,0.68,0.17225924264349568,0.10583965181267116,0.06456921418113747,0.01814519885884742,28.1779445334605,11.164108712876954,50
t5,0.0,weak,linear,lasso,covariate_winsorized_dml,,1.0086551778734674,0.008655177873467423,0.035646322192219825,0.0363339948827028,0.9,0.12297150038735577,0.10184230489869252,0.06173243160350592,0.017603694998064613,16.6727166135137,6.529034957721894,50
t5,0.0,weak,linear,lasso,outcome_winsorized_dml,,0.9676316634500983,-0.0323683365499017,0.04000428958681674,0.051147292525085604,0.86,0.136493902028107,0.11146671780824079,0.07260753594185082,0.028398779264780908,27.499344070775226,6.345558933431034,50
t5,0.0,weak,linear,lasso,score_clipped_dml,0.95,1.0041276932727343,0.004127693272734307,0.032256922067173614,0.03219839580750157,0.92,0.12035374615505709,0.0801646062748085,0.0412302673946948,0.008268709895209767,7.530153170445129,6.41166230024518,50
t5,0.0,weak,linear,lasso,score_clipped_dml,0.97,1.0040938809435422,0.0040938809435420945,0.03319117739850306,0.03311164497781438,0.92,0.12053337911183118,0.09115045170598281,0.050756267862679415,0.010774445816134105,9.947175663141323,6.441144539470246,50
t5,0.0,weak,linear,lasso,score_clipped_dml,0.99,1.0036601906339082,0.003660190633908218,0.03422049617087094,0.03407372164136948,0.92,0.12175118703678961,0.09933204263800727,0.05923633883964405,0.015311569568944128,14.276857110523803,6.4368809188175815,50
t5,0.0,weak,linear,lasso,score_clipped_dml,0.995,1.0038118611257194,0.003811861125719407,0.03469575863475714,0.0345579229575255,0.92,0.12237004201326514,0.10077056603688844,0.060749410145458385,0.016793528170381936,15.728917887620742,6.4365417728802825,50
t5,0.0,weak,linear,lasso,score_clipped_dml,0.999,1.003517979690638,0.003517979690637958,0.035003887515997,0.034830200681472676,0.92,0.12271184144851544,0.10124745984813815,0.061252606698230884,0.01732048228936921,16.24603610434762,6.434534412130449,50
t5,0.0,weak,linear,lasso,standard_dml,,1.0034472539594237,0.003447253959423664,0.035081767361723505,0.03489984746468687,0.92,0.12270831736839494,0.10134861422515919,0.061359269039410025,0.01743218323356751,16.357615654910475,6.434125655208302,50
t5,0.0,weak,nonlinear,lasso,covariate_winsorized_dml,,0.9139254717517069,-0.08607452824829313,0.03206838127381613,0.09174223601558117,0.24,0.12881298916786568,0.12329347009656294,0.07492042908166119,0.02144801584832924,54.3621246918111,21.42877432995027,50
t5,0.0,weak,nonlinear,lasso,outcome_winsorized_dml,,0.883619436101086,-0.11638056389891402,0.031612027221925854,0.12051460290440902,0.08,0.1227369592241997,0.1192389954368469,0.07346261115489017,0.021529853799002185,53.37583821422089,19.695531930769565,50
t5,0.0,weak,nonlinear,lasso,score_clipped_dml,0.95,0.9263700313233005,-0.07362996867669952,0.031281515979851154,0.07987699834426355,0.34,0.12259629145041963,0.0840789914902593,0.04225694973826398,0.008461791967319386,20.630928561370148,20.00547015569529,50
t5,0.0,weak,nonlinear,lasso,score_clipped_dml,0.97,0.9242975994849623,-0.07570240051503771,0.03078539410377602,0.08160661201190436,0.32,0.12524100623429352,0.1034988576929009,0.05473044381410266,0.011142938382100048,27.83739860081408,21.68563355265871,50
t5,0.0,weak,nonlinear,lasso,score_clipped_dml,0.99,0.9223510531533905,-0.07764894684660952,0.030887238421601466,0.08345238171409002,0.28,0.12777859785173679,0.11936724174345112,0.07029256528940675,0.01730342656112126,43.98953592805879,21.802044118776926,50
t5,0.0,weak,nonlinear,lasso,score_clipped_dml,0.995,0.9216255901073686,-0.07837440989263147,0.030880598486782034,0.08412542577403109,0.26,0.1283463721995799,0.12215138877298685,0.07325232958433978,0.019652154456640945,50.15794773175321,21.817690706534023,50
t5,0.0,weak,nonlinear,lasso,score_clipped_dml,0.999,0.9208719650845523,-0.07912803491544779,0.031647693928198335,0.08510458806629517,0.24,0.12899760737388463,0.12364817234009806,0.0748366879929235,0.021044393855109624,53.826367390977175,21.821548049029598,50
t5,0.0,weak,nonlinear,lasso,standard_dml,,0.92086404033287,-0.07913595966713002,0.031647112367539816,0.08511174442588548,0.24,0.1291311147796855,0.12391954870175616,0.07512504492306252,0.02133804966147262,54.635242963495365,21.82310207018241,50
t5,0.05,strong,linear,lasso,covariate_winsorized_dml,,0.4943086987706613,-0.5056913012293387,0.14848325370921048,0.5266213281271981,0.06,0.5864977181943246,0.25015577375210885,0.14055009204347063,0.03333517831227704,156.54461478741777,92.88071342013451,50
t5,0.05,strong,linear,lasso,outcome_winsorized_dml,,0.479944911807413,-0.5200550881925871,0.14057862174167943,0.5383534124234506,0.06,0.5394422358454694,0.24638485979168995,0.13846204941224557,0.03264864451145169,144.0313914090895,84.75350157933002,50
t5,0.05,strong,linear,lasso,score_clipped_dml,0.95,0.9210399037682369,-0.07896009623176316,0.121266861763382,0.14368797974649694,0.9,0.4147305169936321,0.12993960700502413,0.06496980350251207,0.012993960700502414,31.399814746647042,31.399814746647042,50
t5,0.05,strong,linear,lasso,score_clipped_dml,0.97,0.7239203868554701,-0.27607961314452995,0.1593137384661671,0.3179515729050861,0.7,0.596915820437046,0.17239946098054712,0.08619973049027356,0.017239946098054713,61.05262010527056,61.05262010527056,50
t5,0.05,strong,linear,lasso,score_clipped_dml,0.99,0.5696853701499879,-0.4303146298500121,0.1587133553427399,0.45810131111340513,0.14,0.6346718168271177,0.21197629272858542,0.10617596216723177,0.021235192433446355,91.46276391340241,89.57903691410519,50
t5,0.05,strong,linear,lasso,score_clipped_dml,0.995,0.5373590878131949,-0.46264091218680514,0.15664014095000275,0.4879364965963697,0.1,0.6302950747975116,0.22759878069837733,0.11591130927411288,0.023210884943159846,103.70396513350323,93.33476451898697,50
t5,0.05,strong,linear,lasso,score_clipped_dml,0.999,0.5077089250659106,-0.4922910749340894,0.15012820133986604,0.5142355586310166,0.08,0.6086890405113585,0.24365935457817223,0.131799347616924,0.027636563164231923,127.94606869558461,92.98431960843683,50
t5,0.05,strong,linear,lasso,standard_dml,,0.4925578973365534,-0.5074421026634466,0.1483587411146151,0.5282684897846085,0.06,0.5870790434248889,0.2502802706748821,0.14063237162639322,0.03329693215305752,156.20079548810614,92.58995221552392,50
t5,0.05,strong,nonlinear,lasso,covariate_winsorized_dml,,0.5184700359969382,-0.4815299640030618,0.11467117286870622,0.49472981976239616,0.0,0.547459192686015,0.23402022136501427,0.1318810277116312,0.03113156774377024,159.0744559813308,93.95089392255933,50
t5,0.05,strong,nonlinear,lasso,outcome_winsorized_dml,,0.5030335093178882,-0.4969664906821118,0.10247202004662757,0.5072141534455453,0.0,0.5006302522176833,0.22650297962084742,0.12774697319954492,0.030376707965949854,146.7806010698462,84.48778260590767,50
t5,0.05,strong,nonlinear,lasso,score_clipped_dml,0.95,0.8879436547744802,-0.11205634522551983,0.08557284447279524,0.14047377684907164,0.82,0.37938979696228453,0.10496212537442184,0.05248106268721092,0.010496212537442186,30.828565784624775,30.828565784624775,50
t5,0.05,strong,nonlinear,lasso,score_clipped_dml,0.97,0.7346450151730731,-0.2653549848269268,0.111726343166773,0.2874828485575613,0.52,0.5293834532656958,0.14964831582800472,0.07482415791400236,0.014964831582800472,59.264442589036086,59.264442589036086,50
t5,0.05,strong,nonlinear,lasso,score_clipped_dml,0.99,0.5982487964260897,-0.4017512035739103,0.12335848366040554,0.41990117736708027,0.16,0.585678285821321,0.19022532026807618,0.09513950213704687,0.019027900427409376,89.2399225764226,88.49518573342121,50
t5,0.05,strong,nonlinear,lasso,score_clipped_dml,0.995,0.5626841140930875,-0.4373158859069125,0.11942812945572688,0.4530154529480597,0.08,0.5800687989991706,0.2093911046661947,0.10649343322919813,0.0213607205136652,104.21199137772277,93.7754075281017,50
t5,0.05,strong,nonlinear,lasso,score_clipped_dml,0.999,0.5336917160046764,-0.46630828399532365,0.11571387699787827,0.48017218060394323,0.04,0.5631225253836858,0.22722082805904883,0.12362869250464296,0.026100443458645425,131.9946862653666,93.9728275613617,50
t5,0.05,strong,nonlinear,lasso,standard_dml,,0.5220809390878309,-0.477919060912169,0.11481009822466567,0.49124775853375635,0.0,0.5467767127435446,0.23390326911165782,0.1318113042886157,0.031067906753823416,158.9692455914042,93.89231848306004,50
t5,0.05,weak,linear,lasso,covariate_winsorized_dml,,0.45051954880184525,-0.5494804511981548,0.15419501474539316,0.5702888274986747,0.04,0.579143534107714,0.23936874115003146,0.13301299831341237,0.030842895642256382,147.44098692764084,93.04735141131343,50
t5,0.05,weak,linear,lasso,outcome_winsorized_dml,,0.435849178084759,-0.564150821915241,0.13343033515980268,0.5794080868625171,0.0,0.5287288209636379,0.2372262471754209,0.1326628308057388,0.030931356768782083,137.33132792631298,83.58559593306913,50
t5,0.05,weak,linear,lasso,score_clipped_dml,0.95,0.8840885461113085,-0.11591145388869145,0.1225528327173485,0.16779236577835036,0.86,0.4246183040725289,0.1280040788914615,0.06400203944573075,0.01280040788914615,31.550111421932517,31.550111421932517,50
t5,0.05,weak,linear,lasso,score_clipped_dml,0.97,0.6702611139857773,-0.3297388860142227,0.16318485055495158,0.36718448018881406,0.5,0.6178027092938292,0.1667811041484321,0.08339055207421606,0.01667811041484321,60.285599271883946,60.285599271883946,50
t5,0.05,weak,linear,lasso,score_clipped_dml,0.99,0.5136942875138482,-0.48630571248615184,0.16722373620158837,0.5137097900438513,0.16,0.6489085838805123,0.20248093099932965,0.10125882310807315,0.02025176462161463,89.27396148751264,88.76811923699948,50
t5,0.05,weak,linear,lasso,score_clipped_dml,0.995,0.48135325934256507,-0.5186467406574349,0.16194036059063818,0.5428578344051432,0.08,0.6311434640465227,0.218858687209854,0.11112100355284828,0.022253900349610934,101.94411868968251,93.10090203038466,50
t5,0.05,weak,linear,lasso,score_clipped_dml,0.999,0.45517788677562016,-0.5448221132243798,0.15698794161874646,0.5665540085426067,0.06,0.6023888963777709,0.23399018098509575,0.12613694872371276,0.026465335625273242,124.95534104769487,93.117452645341,50
t5,0.05,weak,linear,lasso,standard_dml,,0.4451547311627643,-0.5548452688372357,0.1545129823564822,0.575543264084834,0.04,0.5806851427362508,0.2392745034953692,0.1329366276292257,0.03076697335913785,146.73767029778014,92.98430788274382,50
t5,0.05,weak,nonlinear,lasso,covariate_winsorized_dml,,0.6786249189987628,-0.3213750810012372,0.08319561001791682,0.3317604889438765,0.0,0.34615001777449345,0.2157725137576541,0.12379058543643301,0.030563056136873278,184.85504499992823,100.86659928749755,50
t5,0.05,weak,nonlinear,lasso,outcome_winsorized_dml,,0.6681950600292574,-0.33180493997074256,0.07969508348883432,0.3410554183628146,0.0,0.31838866412280786,0.21412207262484323,0.12391552744972356,0.030747191710622027,177.56791544431238,91.70240355094265,50
t5,0.05,weak,nonlinear,lasso,score_clipped_dml,0.95,0.8740184787389651,-0.12598152126103485,0.061500901535803815,0.1399216115229055,0.44,0.23826168255013871,0.10029434574726015,0.050147172873630075,0.010029434574726015,42.83381054429989,42.83381054429989,50
t5,0.05,weak,nonlinear,lasso,score_clipped_dml,0.97,0.8166465587051888,-0.18335344129481126,0.07187680033862764,0.1966759603333116,0.26,0.28668310615055675,0.1298743418890921,0.06493717094454605,0.012987434188909212,63.61142941141743,63.61142941141743,50
t5,0.05,weak,nonlinear,lasso,score_clipped_dml,0.99,0.7397077679102957,-0.2602922320897043,0.07964267966633247,0.2719708502435249,0.1,0.33521466705666164,0.1720273940033283,0.0861605512156107,0.017232110243122142,96.57591350717978,94.83816880549536,50
t5,0.05,weak,nonlinear,lasso,score_clipped_dml,0.995,0.7142973640302711,-0.28570263596972884,0.08361318756047831,0.2974514044871778,0.06,0.3419252252036791,0.19276366686018112,0.09962029512802607,0.020029374333778063,116.85464801483046,100.70426884168546,50
t5,0.05,weak,nonlinear,lasso,score_clipped_dml,0.999,0.6947334399132002,-0.3052665600867998,0.08188158439163422,0.31584517519262884,0.02,0.34426087541623107,0.2091018737165893,0.11597343615420982,0.025380263097603935,152.60690877380773,101.34211448357559,50
t5,0.05,weak,nonlinear,lasso,standard_dml,,0.6858858981680163,-0.3141141018319836,0.08275719723607543,0.3246220072487339,0.02,0.34447255100575447,0.21556085146466208,0.12372413131735606,0.030585698633394342,185.8817453712432,101.05164940979296,50
