stock_code,corp_name,market,market_raw,sector,main_products,listing_date,fiscal_month,region,is_financial_narrow,is_financial_conservative,exclude_reason,is_standard_stock_code,corp_code,corp_name_dart,modify_date,dart_matched
217590,티엠씨,KOSPI,유가,절연선 및 케이블 제조업,"선박용케이블, 해양용케이블, 전력용케이블, 광케이블 등",2025-12-15,12월,충청남도,False,False,,True,00949161,티엠씨,20251215,True
001200,삼양바이오팜,KOSPI,유가,의약품 제조업,의료기기 및 의약품,2025-11-24,12월,경기도,False,False,,True,00131054,유진증권,20230110,True
317450,명인제약,KOSPI,유가,의약품 제조업,"신경정신계열, 구강계열 완제의약품",2025-10-01,12월,경기도,False,False,,True,00179489,명인제약,20260327,True
439260,대한조선,KOSPI,유가,선박 및 보트 건조업,선박 및 보트 건조업,2025-08-01,12월,전라남도,False,False,,True,00182696,대한조선,20260420,True
483650,달바글로벌,KOSPI,유가,기타 화학제품 제조업,"기초 화장품, 건강기능식품 등",2025-05-22,12월,서울특별시,False,False,,True,01649204,달바글로벌,20250522,True
480370,씨케이솔루션,KOSPI,유가,일반 목적용 기계 제조업,"드라이룸/클린룸 등 건물용 기계, 장비 설치 공사업",2025-03-17,12월,경기도,False,False,,True,01210677,씨케이솔루션,20260507,True
064400,LG씨엔에스,KOSPI,유가,"컴퓨터 프로그래밍, 시스템 통합 및 관리업","컨설팅, 시스템 구축/운영, 토탈 아웃소싱 및 AI, 클라우드·스마트팩토리 등 IT신기술 기반의 DX사업",2025-02-05,12월,서울특별시,False,False,,True,00139834,LG씨엔에스,20251222,True
484870,엠앤씨솔루션,KOSPI,유가,특수 목적용 기계 제조업,방위산업용 유압식/전기식 부품 및 시스템,2024-12-16,12월,경상남도,False,False,,True,01519790,엠앤씨솔루션,20250220,True
475560,더본코리아,KOSPI,유가,상품 종합 도매업,프랜차이즈,2024-11-06,12월,서울특별시,False,False,,True,00968607,더본코리아,20260323,True
489790,한화비전,KOSPI,유가,통신 및 방송 장비 제조업,비금융지주회사,2024-09-27,12월,경기도,False,False,,True,01867758,한화비전,20250804,True
079900,전진건설로봇,KOSPI,유가,특수 목적용 기계 제조업,콘크리트 펌프카,2024-08-19,12월,충청북도,False,False,,True,00372129,전진건설로봇,20250901,True
062040,산일전기,KOSPI,유가,"전동기, 발전기 및 전기 변환 · 공급 · 제어 장치 제조업","유입, 몰드, 주상, 건식 변압기 등",2024-07-29,12월,경기도,False,False,,True,00366438,산일전기,20250507,True
462870,시프트업,KOSPI,유가,소프트웨어 개발 및 공급업,게임 소프트웨어,2024-07-11,12월,서울특별시,False,False,,True,01384787,시프트업,20260226,True
034230,파라다이스,KOSPI,유가,유원지 및 기타 오락관련 서비스업,"카지노, 호텔, 복합리조트",2024-06-24,12월,서울특별시,False,False,,True,00171265,파라다이스,20260331,True
443060,HD현대마린솔루션,KOSPI,유가,"건축기술, 엔지니어링 및 관련 기술 서비스업","AM(After Market) 솔루션, 친환경 Retrofit, 디지털 제어",2024-05-08,12월,경기도,False,False,,True,01194689,HD현대마린솔루션,20260325,True
475150,SK이터닉스,KOSPI,유가,건물 건설업,부동산 개발,2024-03-29,12월,경기도,False,False,,True,01817081,SK이터닉스,20240411,True
278470,에이피알,KOSPI,유가,기타 화학제품 제조업,"화장품, 피부미용기기 등",2024-02-27,12월,서울특별시,False,False,,True,01190568,에이피알,20240924,True
066970,엘앤에프,KOSPI,유가,일차전지 및 이차전지 제조업,이차전지 양극활물질,2024-01-29,12월,대구광역시,False,False,,True,00398701,엘앤에프,20251223,True
022100,포스코DX,KOSPI,유가,"건축기술, 엔지니어링 및 관련 기술 서비스업",EIC 자동화 엔지니어링 및 IT서비스,2024-01-02,12월,경상북도,False,False,,True,00155212,포스코DX,20250325,True
017860,DS단석,KOSPI,유가,기타 화학제품 제조업,바이오에너지,2023-12-22,12월,경기도,False,False,,True,00108612,DS단석,20231222,True
111380,동인기연,KOSPI,유가,"가죽, 가방 및 유사제품 제조업","스포츠용품(등산용가방,골프백),금속압형제품,유아용품 제조,도소매,통신 판매/부동산 임대",2023-11-21,12월,경기도,False,False,,True,00367710,동인기연,20231121,True
450080,에코프로머티,KOSPI,유가,일차전지 및 이차전지 제조업,배터리 양극재용 핵심소재 하이니켈 전구체,2023-11-17,12월,경상북도,False,False,,True,01311408,에코프로머티,20260430,True
454910,두산로보틱스,KOSPI,유가,특수 목적용 기계 제조업,협동로봇,2023-10-05,12월,경기도,False,False,,True,01105153,두산로보틱스,20250401,True
465770,STX그린로지스,KOSPI,유가,해상 운송업,해상운송업 및 물류업,2023-09-15,12월,부산광역시,False,False,,True,01784394,STX그린로지스,20250331,True
092790,넥스틸,KOSPI,유가,1차 철강 제조업,"OCTG Pipe, Line Pipe, Standard Pipe, 일반관",2023-08-21,12월,경상북도,False,False,,True,00220613,넥스틸,20260401,True
030190,NICE평가정보,KOSPI,유가,기타 정보 서비스업,"개인 및 기업정보, 솔루션",2023-08-08,12월,서울특별시,False,False,,True,00158325,NICE평가정보,20260306,True
462520,조선내화,KOSPI,유가,"내화, 비내화 요업제품 제조업",내화 요업제품,2023-07-28,12월,전라남도,False,False,,True,01770203,조선내화,20241206,True
090460,비에이치,KOSPI,유가,전자부품 제조업,FPCB (연성인쇄회로기판),2023-06-20,12월,인천광역시,False,False,,True,00447609,비에이치,20230620,True
460850,동국씨엠,KOSPI,유가,1차 철강 제조업,"냉연강판, 칼라강판",2023-06-16,12월,서울특별시,False,False,,True,01765256,동국씨엠,20250219,True
460860,동국제강,KOSPI,유가,1차 철강 제조업,"봉강,형강,후판,냉연강판,칼라강판",2023-06-16,12월,서울특별시,False,False,,True,01765265,동국제강,20240702,True
457190,이수스페셜티케미컬,KOSPI,유가,기초 화학물질 제조업,석유화학제품 및 정밀화학제품,2023-05-31,12월,서울특별시,False,False,,True,01762569,이수스페셜티케미컬,20251028,True
456040,OCI,KOSPI,유가,기초 화학물질 제조업,"폴리실리콘,타르제품,카본블랙,무수프탈산,농약원제,석탄화학제품,정밀화학제품,플라스틱창호재 제조,판매",2023-05-30,12월,서울특별시,False,False,,True,01760738,OCI,20251117,True
100090,SK오션플랜트,KOSPI,유가,1차 철강 제조업,해상풍력 하부구조물,2023-04-19,12월,경상남도,False,False,,True,00480367,SK오션플랜트,20260401,True
453340,현대그린푸드,KOSPI,유가,종합 소매업,"푸드서비스(단체급식), 식자재유통서비스, 공산품/생식품 유통서비스",2023-04-10,12월,경기도,False,False,,True,01721809,현대그린푸드,20230427,True
452260,한화갤러리아,KOSPI,유가,종합 소매업,백화점,2023-03-31,12월,서울특별시,False,False,,True,01722437,한화갤러리아,20240514,True
377740,바이오노트,KOSPI,유가,의료용품 및 기타 의약 관련제품 제조업,"Rapid 반제품 및 완제품, 동물용신속진단 키트",2022-12-22,12월,경기도,False,False,,True,00622787,바이오노트,20221222,True
446070,유니드비티플러스,KOSPI,유가,제재 및 목재 가공업,MDF 등,2022-11-28,12월,서울특별시,False,False,,True,01702017,유니드비티플러스,20260317,True
108320,LX세미콘,KOSPI,유가,반도체 제조업,Display Driver IC,2022-11-03,12월,대전광역시,False,False,,True,00525934,LX세미콘,20240322,True
403550,쏘카,KOSPI,유가,운송장비 임대업,"카셰어링, 모빌리티 플랫폼 등",2022-08-22,12월,제주특별자치도,False,False,,True,01026157,쏘카,20251113,True
126720,수산인더스트리,KOSPI,유가,전기 및 통신 공사업,전력발전설비 정비 용역,2022-08-01,12월,충청남도,False,False,,True,00193328,수산인더스트리,20260504,True
373220,LG에너지솔루션,KOSPI,유가,일차전지 및 이차전지 제조업,"2차전지 (소형,ESS,자동차전지)",2022-01-27,12월,서울특별시,False,False,,True,01515323,LG에너지솔루션,20250812,True
381970,케이카,KOSPI,유가,자동차 판매업,오프라인 및 온라인 중고차 매매업,2021-10-13,12월,서울특별시,False,False,,True,01323032,케이카,20231114,True
329180,HD현대중공업,KOSPI,유가,선박 및 보트 건조업,"선박, 해양플랜트 및 엔진기계 등",2021-09-17,12월,울산광역시,False,False,,True,01390344,HD현대중공업,20260401,True
271940,일진하이솔루스,KOSPI,유가,그외 기타 운송장비 제조업,"수소승용용기, 매연저감장치 등",2021-09-01,12월,전북특별자치도,False,False,,True,00972503,일진하이솔루스,20260320,True
139990,아주스틸,KOSPI,유가,1차 철강 제조업,"프리미엄 가전용 고품질 컬러강판, 건자재 등",2021-08-20,12월,경상북도,False,False,,True,00486705,아주스틸,20250109,True
089860,롯데렌탈,KOSPI,유가,운송장비 임대업,"렌터카, 카셰어링(그린카), 중고차매매, 일반렌탈(측정기,OA, 리프트 등)",2021-08-19,12월,경기도,False,False,,True,00545716,롯데렌탈,20230324,True
372910,한컴라이프케어,KOSPI,유가,의료용 기기 제조업,"공기호흡기, 방독면, 보호복 등",2021-08-17,12월,경기도,False,False,,True,00534598,한컴라이프케어,20250103,True
259960,크래프톤,KOSPI,유가,소프트웨어 개발 및 공급업,<배틀그라운드> 등 게임 소프트웨어,2021-08-10,12월,서울특별시,False,False,,True,00760971,크래프톤,20231027,True
178920,PI첨단소재,KOSPI,유가,플라스틱제품 제조업,PI(Polyimide)제품,2021-08-09,12월,충청북도,False,False,,True,00767460,PI첨단소재,20230324,True
137310,에스디바이오센서,KOSPI,유가,의료용 기기 제조업,STANDARD Q 항원/항체 진단키트(COVID-19 진단키트),2021-07-16,12월,경기도,False,False,,True,00854997,에스디바이오센서,20250327,True
097520,엠씨넥스,KOSPI,유가,영상 및 음향기기 제조업,"모바일 카메라모듈,전장 카메라모듈,블랙박스,IP 카메라",2021-07-06,12월,인천광역시,False,False,,True,00564562,엠씨넥스,20230227,True
383220,F&F,KOSPI,유가,봉제의복 제조업,"MLB, MLB KIDS, DISCOVERY 등 패션의류제품",2021-05-21,12월,서울특별시,False,False,,True,01568413,F&F,20250414,True
361610,SK아이이테크놀로지,KOSPI,유가,일차전지 및 이차전지 제조업,2차전지용 습식 분리막 및 폴더블 커버 윈도우,2021-05-11,12월,서울특별시,False,False,,True,01386916,SK아이이테크놀로지,20250707,True
302440,SK바이오사이언스,KOSPI,유가,기초 의약물질 제조업,백신 제품 및 제제,2021-03-18,12월,경기도,False,False,,True,01319899,SK바이오사이언스,20240701,True
378850,화승알앤에이,KOSPI,유가,자동차 신품 부품 제조업,자동차용 고무제품,2021-03-15,12월,경상남도,False,False,,True,01532603,화승알앤에이,20220330,True
950210,프레스티지바이오파마,KOSPI,유가,자연과학 및 공학 연구개발업,바이오시밀러 및 항체의약품 신약,2021-02-05,06월,싱가포르,False,False,,True,01510489,프레스티지바이오파마,20240816,True
248070,솔루엠,KOSPI,유가,전자부품 제조업,"POWER, 3in1 Board, ESL 등",2021-02-02,12월,경기도,False,False,,True,01159233,솔루엠,20260305,True
375500,DL이앤씨,KOSPI,유가,토목 건설업,토목 건설 사업,2021-01-25,12월,서울특별시,False,False,,True,01524093,DL이앤씨,20250911,True
009900,명신산업,KOSPI,유가,자동차 신품 부품 제조업,자동차차체부품,2020-12-07,12월,경상북도,False,False,,True,00173078,명신산업,20230330,True
339770,교촌에프앤비,KOSPI,유가,음·식료품 및 담배 도매업,치킨 프랜차이즈,2020-11-12,12월,경기도,False,False,,True,00453284,교촌에프앤비,20250925,True
352820,하이브,KOSPI,유가,오디오물 출판 및 원판 녹음업,"음악 기획/제작, 퍼블리싱, 아티스트 매니지먼트",2020-10-15,12월,서울특별시,False,False,,True,01204056,하이브,20240913,True
326030,에스케이바이오팜,KOSPI,유가,자연과학 및 공학 연구개발업,신경질환 및 정신질환을 포함한 중추신경 관련 신약 개발,2020-07-02,12월,경기도,False,False,,True,00878696,에스케이바이오팜,20230329,True
353200,대덕전자,KOSPI,유가,전자부품 제조업,"PCB(Printed Circuit Board, 인쇄회로기판)의 제조 및 판매",2020-05-21,12월,경기도,False,False,,True,01478712,대덕전자,20230216,True
344820,케이씨씨글라스,KOSPI,유가,유리 및 유리제품 제조업,판유리 등,2020-01-21,12월,서울특별시,False,False,,True,01428203,케이씨씨글라스,20250508,True
308170,씨티알모빌리티,KOSPI,유가,자동차 신품 부품 제조업,"이너레이스, 오디 클러치보스, 로터샤프트, 슬리브기어, 컨트롤 암, 엑슬",2019-11-25,12월,울산광역시,False,False,,True,00450010,씨티알모빌리티,20260504,True
322000,HD현대에너지솔루션,KOSPI,유가,반도체 제조업,"태양광 셀·모듈, PV시스템, ESS",2019-11-19,12월,경기도,False,False,,True,01199550,HD현대에너지솔루션,20231101,True
272210,한화시스템,KOSPI,유가,전자부품 제조업,"정밀기기(육해공군관련전자제어시스템,열영상감시장비,탐지추적장치,전투지휘체계시스템) 제조",2019-11-13,12월,경상북도,False,False,,True,00339391,한화시스템,20260327,True
013890,지누스,KOSPI,유가,가구 제조업,매트리스 및 가구제품,2019-10-30,12월,경기도,False,False,,True,00150633,지누스,20250321,True
336260,두산퓨얼셀,KOSPI,유가,"전동기, 발전기 및 전기 변환 · 공급 · 제어 장치 제조업",연료전지,2019-10-18,12월,전북특별자치도,False,False,,True,01412725,두산퓨얼셀,20250328,True
336370,솔루스첨단소재,KOSPI,유가,전자부품 제조업,"동박, 유압기기 등",2019-10-18,12월,전북특별자치도,False,False,,True,01412822,솔루스첨단소재,20260316,True
036420,콘텐트리중앙,KOSPI,유가,"영화, 비디오물, 방송프로그램 제작 및 배급업","영화 및 방송프로그램 제작, 유통, 광고",2019-10-18,12월,서울특별시,False,False,,True,00203315,콘텐트리중앙,20250331,True
003670,포스코퓨처엠,KOSPI,유가,일차전지 및 이차전지 제조업,"내화물, 생석회, 음극재 및 양극재",2019-05-29,12월,경상북도,False,False,,True,00155276,포스코퓨처엠,20250325,True
307950,현대오토에버,KOSPI,유가,소프트웨어 개발 및 공급업,"차량SW, 내비게이션, 스마트팩토리, AI·클라우드 기반 솔루션, 디지털 전환 컨설팅 및 IT서비스",2019-03-28,12월,서울특별시,False,False,,True,00362441,현대오토에버,20260102,True
192650,드림텍,KOSPI,유가,전자부품 제조업,"모바일 PBA, 지문인식 모듈, 전장 LED 모듈 등",2019-03-14,12월,경기도,False,False,,True,00415646,드림텍,20260305,True
192080,더블유게임즈,KOSPI,유가,소프트웨어 개발 및 공급업,모바일게임,2019-03-12,12월,서울특별시,False,False,,True,01010110,더블유게임즈,20260319,True
298690,에어부산,KOSPI,유가,항공 여객 운송업,항공 여객 및 화물 운송,2018-12-27,12월,부산광역시,False,False,,True,00651901,에어부산,20250117,True
267850,아시아나IDT,KOSPI,유가,"컴퓨터 프로그래밍, 시스템 통합 및 관리업","IT 서비스, IT 솔루션",2018-11-23,12월,서울특별시,False,False,,True,00458234,아시아나IDT,20260327,True
306200,세아제강,KOSPI,유가,1차 철강 제조업,강관,2018-10-05,12월,서울특별시,False,False,,True,01325979,세아제강,20250515,True
293480,하나제약,KOSPI,유가,의약품 제조업,완제의약품,2018-10-02,12월,경기도,False,False,,True,00248974,하나제약,20230403,True
010400,우진아이엔에스,KOSPI,유가,건물설비 설치 공사업,반도체/디스플레이 코팅덕트,2018-09-14,12월,서울특별시,False,False,,True,00143262,우진아이엔에스,20230210,True
300720,한일시멘트,KOSPI,유가,"시멘트, 석회, 플라스터 및 그 제품 제조업","시멘트, 레미콘, 레미탈",2018-08-06,12월,서울특별시,False,False,,True,01319808,한일시멘트,20260312,True
091810,트리니티항공,KOSPI,유가,항공 여객 운송업,저가 항공운송,2018-08-01,12월,대구광역시,False,False,,True,00671376,트리니티항공,20260514,True
286940,롯데이노베이트,KOSPI,유가,"컴퓨터 프로그래밍, 시스템 통합 및 관리업","SM, SI",2018-07-27,12월,서울특별시,False,False,,True,01262032,롯데이노베이트,20250519,True
298050,HS효성첨단소재,KOSPI,유가,화학섬유 제조업,PET타이어코드,2018-07-13,12월,서울특별시,False,False,,True,01316254,HS효성첨단소재,20250325,True
298040,효성중공업,KOSPI,유가,"전동기, 발전기 및 전기 변환 · 공급 · 제어 장치 제조업",-,2018-07-13,12월,서울특별시,False,False,,True,01316245,효성중공업,20240326,True
298020,효성티앤씨,KOSPI,유가,화학섬유 제조업,"섬유, 산업자재, 화학, 중공업, 건설, 무역,금융 등",2018-07-13,12월,서울특별시,False,False,,True,01316227,효성티앤씨,20260324,True
298000,효성화학,KOSPI,유가,기초 화학물질 제조업,-,2018-07-13,12월,서울특별시,False,False,,True,01316236,효성화학,20251104,True
294870,IPARK현대산업개발,KOSPI,유가,건물 건설업,"외주주택, 자체공사, 일반건축, 토목 등",2018-06-12,12월,서울특별시,False,False,,True,01310269,IPARK현대산업개발,20260410,True
018250,애경산업,KOSPI,유가,기타 화학제품 제조업,"Age 20's,루나, 트리오, 2080치약, 순샘, 제트 등",2018-03-22,12월,서울특별시,False,False,,True,00139454,애경산업,20260327,True
068270,셀트리온,KOSPI,유가,기초 의약물질 제조업,"램시마, 트룩시마, 허쥬마",2018-02-09,12월,인천광역시,False,False,,True,00413046,셀트리온,20260325,True
284740,쿠쿠홈시스,KOSPI,유가,개인 및 가정용품 임대업,"정수기, 공기청정기 등",2018-01-11,12월,경기도,False,False,,True,01267684,쿠쿠홈시스,20220304,True
285130,SK케미칼,KOSPI,유가,합성고무 및 플라스틱 물질 제조업,"PETG 수지, PET 수지, 바이오디젤, 백신",2018-01-05,12월,경기도,False,False,,True,01267170,SK케미칼,20260325,True
282330,BGF리테일,KOSPI,유가,종합 소매업,체인화 편의점,2017-12-08,12월,서울특별시,False,False,,True,01263022,BGF리테일,20250715,True
092780,DYP,KOSPI,유가,자동차용 엔진 및 자동차 제조업,자동차엔진용 피스톤,2017-12-08,12월,경기도,False,False,,True,00117726,DYP,20260324,True
272450,진에어,KOSPI,유가,항공 여객 운송업,"여객, 화물 등 항공운송",2017-12-08,12월,서울특별시,False,False,,True,00653024,진에어,20260401,True
281820,케이씨텍,KOSPI,유가,"측정, 시험, 항해, 제어 및 기타 정밀기기 제조업; 광학기기 제외","반도체, 디스플레이 제조 장비",2017-12-05,12월,경기도,False,False,,True,01261893,케이씨텍,20250909,True
272550,삼양패키징,KOSPI,유가,플라스틱제품 제조업,PET 용기 및 아셉틱 OEM,2017-11-29,12월,서울특별시,False,False,,True,01060814,삼양패키징,20260324,True
055490,테이팩스,KOSPI,유가,플라스틱제품 제조업,"OCA, 2차전지용 테이프, 산업용 랩 등",2017-10-31,12월,경기도,False,False,,True,00256955,테이팩스,20250319,True
280360,롯데웰푸드,KOSPI,유가,기타 식품 제조업,"껌,캔디,초코,비스켓,빙과",2017-10-30,12월,서울특별시,False,False,,True,01258507,롯데웰푸드,20260323,True
271980,제일약품,KOSPI,유가,의약품 제조업,의약품,2017-07-17,12월,서울특별시,False,False,,True,01236897,제일약품,20250326,True
035720,카카오,KOSPI,유가,"자료처리, 호스팅, 포털 및 기타 인터넷 정보매개 서비스업",인터넷 서비스(인터넷 광고),2017-07-10,12월,제주특별자치도,False,False,,True,00258801,카카오,20240329,True
271560,오리온,KOSPI,유가,기타 식품 제조업,스낵 등 과자류,2017-07-07,12월,서울특별시,False,False,,True,01238169,오리온,20240701,True
268280,미원에스씨,KOSPI,유가,기초 화학물질 제조업,에너지경화수지,2017-05-22,12월,전북특별자치도,False,False,,True,01234297,미원에스씨,20260320,True
267290,경동도시가스,KOSPI,유가,연료용 가스 제조 및 배관공급업,도시가스,2017-05-12,12월,울산광역시,False,False,,True,01208885,경동도시가스,20260325,True
251270,넷마블,KOSPI,유가,소프트웨어 개발 및 공급업,온라인·모바일 게임 소프트웨어 개발 및 공급,2017-05-12,12월,서울특별시,False,False,,True,00904672,넷마블,20251222,True
267270,HD건설기계,KOSPI,유가,특수 목적용 기계 제조업,"굴삭기, 지게차, 휠로더 등",2017-05-10,12월,경기도,False,False,,True,01205842,HD건설기계,20260327,True
267260,HD현대일렉트릭,KOSPI,유가,"전동기, 발전기 및 전기 변환 · 공급 · 제어 장치 제조업","변압기, 고압차단기, 회전기, 배전반 등",2017-05-10,12월,경기도,False,False,,True,01205851,HD현대일렉트릭,20250326,True
264900,크라운제과,KOSPI,유가,"떡, 빵 및 과자류 제조업","비스킷, 스낵, 당과",2017-04-11,12월,서울특별시,False,False,,True,01205329,크라운제과,20240701,True
145720,덴티움,KOSPI,유가,의료용 기기 제조업,치과용 기기 제조업,2017-03-15,12월,경기도,False,False,,True,00526599,덴티움,20240715,True
111110,호전실업,KOSPI,유가,봉제의복 제조업,스포츠웨어 및 아웃도어 웨어 OEM,2017-02-02,12월,서울특별시,False,False,,True,00226316,호전실업,20241203,True
143210,핸즈코퍼레이션,KOSPI,유가,자동차 신품 부품 제조업,자동차 알루미늄 휠,2016-12-02,12월,인천광역시,False,False,,True,00119140,핸즈코퍼레이션,20260401,True
241560,두산밥캣,KOSPI,유가,특수 목적용 기계 제조업,"Compact Equipment, Heavy Equipment, Portable Power",2016-11-18,12월,경기도,False,False,,True,01032486,두산밥캣,20221229,True
207940,삼성바이오로직스,KOSPI,유가,기초 의약물질 제조업,바이오의약품,2016-11-10,12월,인천광역시,False,False,,True,00877059,삼성바이오로직스,20240701,True
234080,JW생명과학,KOSPI,유가,의약품 제조업,"기초수액, TPN, 특수수액, HEMO, 영양수액 등",2016-10-27,12월,충청남도,False,False,,True,00225706,JW생명과학,20241203,True
241590,화승엔터프라이즈,KOSPI,유가,신발 및 신발 부분품 제조업,,2016-10-04,12월,부산광역시,False,False,,True,01128613,화승엔터프라이즈,20230214,True
249420,일동제약,KOSPI,유가,의약품 제조업,"아로나민, 후루마린, 큐란, 라비에트, 사미온 등",2016-08-31,12월,서울특별시,False,False,,True,01168383,일동제약,20260106,True
248170,샘표식품,KOSPI,유가,기타 식품 제조업,간장,2016-08-09,12월,서울특별시,False,False,,True,01167056,샘표식품,20240701,True
016740,두올,KOSPI,유가,자동차 신품 부품 제조업,시트 커버 및 시트 원단,2016-07-29,12월,서울특별시,False,False,,True,00119672,두올,20240520,True
026960,동서,KOSPI,유가,음·식료품 및 담배 도매업,"식품 유통, 다류 및 연포장재 제조 등",2016-07-15,12월,서울특별시,False,False,,True,00144395,동서,20260323,True
195870,해성디에스,KOSPI,유가,전자부품 제조업,반도체 패키지용 Substrate,2016-06-24,12월,경상남도,False,False,,True,01032413,해성디에스,20250325,True
070960,모나용평,KOSPI,유가,일반 및 생활 숙박시설 운영업,"리조트 운영, 콘도 분양",2016-05-27,12월,강원특별자치도,False,False,,True,00365989,모나용평,20250826,True
101530,해태제과식품,KOSPI,유가,기타 식품 제조업,"홈런볼, 오예스, 맛동산, 부라보콘 등",2016-05-11,12월,충청남도,False,False,,True,00428321,해태제과식품,20240701,True
004440,삼일씨엔에스,KOSPI,유가,"시멘트, 석회, 플라스터 및 그 제품 제조업","PHC파일, 강교, PC",2016-03-30,12월,경기도,False,False,,True,00109806,삼일씨엔에스,20251016,True
194370,제이에스코퍼레이션,KOSPI,유가,"가죽, 가방 및 유사제품 제조업",핸드백 및 지갑,2016-02-04,12월,서울특별시,False,False,,True,00332927,제이에스코퍼레이션,20230220,True
226320,잇츠한불,KOSPI,유가,기타 화학제품 제조업,"스킨케어 베이직, 포인트 메이크업, 스킨케어 스페셜, 베이스 메이크업 등",2015-12-28,12월,서울특별시,False,False,,True,00911955,잇츠한불,20250520,True
075580,세진중공업,KOSPI,유가,선박 및 보트 건조업,"선박 Deck House, LPG Tank, Upper Deck Unit, 해양플랜트 Living Quarter",2015-11-30,12월,울산광역시,False,False,,True,00415628,세진중공업,20260401,True
214330,금호에이치티,KOSPI,유가,자동차 신품 부품 제조업,자동차용 전구 및 LED모듈,2015-11-11,12월,광주광역시,False,False,,True,00105606,금호에이치티,20221201,True
089590,제주항공,KOSPI,유가,항공 여객 운송업,"여객운송서비스, 화물운송서비스",2015-11-06,12월,제주특별자치도,False,False,,True,00555874,제주항공,20221227,True
227840,현대코퍼레이션홀딩스,KOSPI,유가,음·식료품 및 담배 도매업,"브랜드사업, 육류유통",2015-10-23,12월,서울특별시,False,False,,True,01108099,현대코퍼레이션홀딩스,20250327,True
079550,LIG디펜스앤에어로스페이스,KOSPI,유가,무기 및 총포탄 제조업,정밀유도무기 등,2015-10-02,12월,경기도,False,False,,True,00503668,LIG디펜스앤에어로스페이스,20260415,True
039570,HDC랩스,KOSPI,유가,전기 및 통신 공사업,"기계설비공사, 스마트홈, 지능형 빌딩, SOC, 인테리어, 조경, 시설관리",2015-09-24,12월,서울특별시,False,False,,True,00350312,HDC랩스,20260327,True
002690,동일제강,KOSPI,유가,1차 철강 제조업,"PC강연선, 경강선, 도금선, 마봉강",2015-09-24,12월,경기도,False,False,,True,00118451,동일제강,20260331,True
095570,AJ네트웍스,KOSPI,유가,산업용 기계 및 장비 임대업,"렌탈(파렛트, OA장비, 건설장비)",2015-08-21,12월,서울특별시,False,False,,True,00365387,AJ네트웍스,20260327,True
214320,이노션,KOSPI,유가,광고업,광고대행 및 광고물의 제작 등,2015-07-17,12월,서울특별시,False,False,,True,00565154,이노션,20251219,True
214420,토니모리,KOSPI,유가,기타 화학제품 제조업,"스킨케어 베이직, 포인트 메이크업, 스킨케어 스페셜, 베이스 메이크업 등",2015-07-10,12월,서울특별시,False,False,,True,00816544,토니모리,20260401,True
214390,경보제약,KOSPI,유가,기초 의약물질 제조업,"아토르바스타틴, 세프티족심, 세프트리약손",2015-06-29,12월,충청남도,False,False,,True,00101664,경보제약,20250207,True
145210,다이나믹디자인,KOSPI,유가,특수 목적용 기계 제조업,"타이어 금형, 타이어 제조설비",2015-03-19,12월,광주광역시,False,False,,True,00453488,다이나믹디자인,20250822,True
213500,한솔제지,KOSPI,유가,"펄프, 종이 및 판지 제조업","인쇄용지, 산업용지, 특수지 제조 및 판매",2015-01-26,12월,서울특별시,False,False,,True,01060744,한솔제지,20260324,True
210540,디와이파워,KOSPI,유가,특수 목적용 기계 제조업,유공압기기 등,2015-01-15,12월,경상남도,False,False,,True,01059605,디와이파워,20221213,True
028260,삼성물산,KOSPI,유가,기타 전문 도매업,"도소매, 건설, 남자용 정장 제조업 등",2014-12-18,12월,서울특별시,False,False,,True,00149655,삼성물산,20260323,True
112610,씨에스윈드,KOSPI,유가,"구조용 금속제품, 탱크 및 증기발생기 제조업",풍력발전타워 제조,2014-11-27,12월,서울특별시,False,False,,True,00670340,씨에스윈드,20241028,True
018260,삼성에스디에스,KOSPI,유가,"컴퓨터 프로그래밍, 시스템 통합 및 관리업","IT서비스, 물류BPO",2014-11-14,12월,서울특별시,False,False,,True,00126186,삼성에스디에스,20250320,True
204320,HL만도,KOSPI,유가,자동차 신품 부품 제조업,"제동장치, 조향장치, 현가장치",2014-10-06,12월,경기도,False,False,,True,01042775,HL만도,20260327,True
200880,서연이화,KOSPI,유가,자동차 신품 부품 제조업,자동차 도어 트림 및 시트,2014-08-08,12월,경기도,False,False,,True,01036446,서연이화,20211215,True
133820,화인베스틸,KOSPI,유가,1차 철강 제조업,"조선용 형강(부등변 부등후 앵글, 부등호 앵글, 등변앵글 평철 등)",2014-07-22,12월,경상남도,False,False,,True,00661847,화인베스틸,20250401,True
192820,코스맥스,KOSPI,유가,기타 화학제품 제조업,화장품,2014-04-07,12월,경기도,False,False,,True,01009789,코스맥스,20250328,True
185750,종근당,KOSPI,유가,의약품 제조업,"딜라트렌,리피로우",2013-12-06,12월,서울특별시,False,False,,True,00992871,종근당,20240701,True
006880,신송홀딩스,KOSPI,유가,산업용 농·축산물 및 동·식물 도매업,사업경영 및 관리자문,2013-11-21,12월,서울특별시,False,False,,True,00136402,신송홀딩스,20230222,True
183190,아세아시멘트,KOSPI,유가,"시멘트, 석회, 플라스터 및 그 제품 제조업","시멘트, 레미콘, 몰탈",2013-11-06,12월,서울특별시,False,False,,True,00990165,아세아시멘트,20221209,True
064350,현대로템,KOSPI,유가,그외 기타 운송장비 제조업,"철도차량, 특수중기, 산업기계",2013-10-30,12월,경상남도,False,False,,True,00302926,현대로템,20260504,True
181710,NHN,KOSPI,유가,소프트웨어 개발 및 공급업,한게임,2013-08-29,12월,경기도,False,False,,True,00983271,NHN,20260303,True
155660,DSR,KOSPI,유가,1차 비철금속 제조업,합섬섬유로프,2013-05-15,12월,부산광역시,False,False,,True,00110608,DSR,20230223,True
170900,동아에스티,KOSPI,유가,의약품 제조업,"스티렌, 자이데나",2013-04-08,12월,서울특별시,False,False,,True,00956930,동아에스티,20240809,True
013870,지엠비코리아,KOSPI,유가,자동차 신품 부품 제조업,"V/S,EWP,ITM,CVJOINT",2012-11-20,12월,경상남도,False,False,,True,00156354,지엠비코리아,20230223,True
037560,LG헬로비전,KOSPI,유가,텔레비전 방송업,"케이블TV, 인터넷서비스 등",2012-11-09,12월,경기도,False,False,,True,00222532,LG헬로비전,20260325,True
163560,동일고무벨트,KOSPI,유가,고무제품 제조업,"산업용고무제품, 종합고무부품",2012-10-19,12월,부산광역시,False,False,,True,00939687,동일고무벨트,20250321,True
161890,한국콜마,KOSPI,유가,기타 화학제품 제조업,"화장품, 의약품",2012-10-19,12월,세종특별자치시,False,False,,True,00939331,한국콜마,20221220,True
161390,한국타이어앤테크놀로지,KOSPI,유가,고무제품 제조업,타이어 제조,2012-10-04,12월,경기도,False,False,,True,00937324,한국타이어앤테크놀로지,20250327,True
161000,애경케미칼,KOSPI,유가,기초 화학물질 제조업,무수프탈산 등,2012-09-17,12월,서울특별시,False,False,,True,00936787,애경케미칼,20240517,True
014710,사조씨푸드,KOSPI,유가,수산물 가공 및 저장 처리업,횟감용 참치 및 기타 일반수산물,2012-06-29,12월,서울특별시,False,False,,True,00124780,사조씨푸드,20240321,True
079980,휴비스,KOSPI,유가,화학섬유 제조업,"합성섬유(폴리에스테르원사,원면),재생섬유,폴리에스텔 원사,원면,고상칩 제조,도소매",2012-02-23,12월,서울특별시,False,False,,True,00362238,휴비스,20240327,True
007070,GS리테일,KOSPI,유가,종합 소매업,"체인화 편의점,슈퍼마켓,마트,전자상거래/부동산(빌딩) 임대",2011-12-23,12월,서울특별시,False,False,,True,00140177,GS리테일,20250321,True
129260,인터지스,KOSPI,유가,도로 화물 운송업,"화물운송,알선,하역",2011-12-16,12월,부산광역시,False,False,,True,00151368,인터지스,20260114,True
145990,삼양사,KOSPI,유가,기타 식품 제조업,설탕,2011-12-05,12월,서울특별시,False,False,,True,00896285,삼양사,20260327,True
039130,하나투어,KOSPI,유가,여행사 및 기타 여행보조 서비스업,"일반여행알선,컴퓨터프로그램 개발,보급,통신판매",2011-11-01,12월,서울특별시,False,False,,True,00269940,하나투어,20230103,True
078520,에이블씨엔씨,KOSPI,유가,기타 화학제품 제조업,"화장품 제조,도소매/소프트웨어 자문,개발,공급/전자상거래",2011-09-07,12월,서울특별시,False,False,,True,00400857,에이블씨엔씨,20260319,True
023000,삼원강재,KOSPI,유가,자동차 신품 부품 제조업,"열간압연제품(평강,봉강,특수이형강,환강,자동차용 겹판스프링) 제조,판매",2011-07-22,12월,경상북도,False,False,,True,00191588,삼원강재,20260325,True
031430,신세계인터내셔날,KOSPI,유가,"섬유, 의복, 신발 및 가죽제품 소매업","섬유, 의복, 신발 및 가죽제품 소매",2011-07-14,12월,서울특별시,False,False,,True,00234412,신세계인터내셔날,20260112,True
047810,한국항공우주,KOSPI,유가,"항공기,우주선 및 부품 제조업","정부방산 및 완제기 수출(T-50계열, KUH계열, KT-1계열 등), 기체부품",2011-06-30,12월,경상남도,False,False,,True,00309503,한국항공우주,20260319,True
071840,롯데하이마트,KOSPI,유가,가전제품 및 정보통신장비 소매업,"가전제품,잡화 도소매/부동산 임대",2011-06-29,12월,서울특별시,False,False,,True,00158307,롯데하이마트,20251119,True
069640,한세엠케이,KOSPI,유가,"섬유, 의복, 신발 및 가죽제품 소매업","케주얼웨어(BUCKAROO, TBJ 등)",2011-06-21,12월,서울특별시,False,False,,True,00357360,한세엠케이,20240329,True
139480,이마트,KOSPI,유가,종합 소매업,대형마트,2011-06-10,12월,서울특별시,False,False,,True,00872984,이마트,20240329,True
053210,케이티스카이라이프,KOSPI,유가,텔레비전 방송업,위성방송서비스,2011-06-03,12월,서울특별시,False,False,,True,00349097,케이티스카이라이프,20260528,True
023350,한국종합기술,KOSPI,유가,"건축기술, 엔지니어링 및 관련 기술 서비스업","토목설계,건축설계,감리,측량/토목건축공사",2011-04-28,12월,경기도,False,False,,True,00159500,한국종합기술,20250813,True
020150,롯데에너지머티리얼즈,KOSPI,유가,전자부품 제조업,"인쇄회로기판(PCB)용 전해동박(ACF,UCF),에폭시용 동박,전해콘덴서용 알루미늄박 제조,판매",2011-03-04,12월,전북특별자치도,False,False,,True,00113997,롯데에너지머티리얼즈,20230331,True
011210,현대위아,KOSPI,유가,자동차 신품 부품 제조업,"자동차부품, 공작기계 등",2011-02-21,12월,경상남도,False,False,,True,00106623,현대위아,20250811,True
136490,선진,KOSPI,유가,동물용 사료 및 조제식품 제조업,조제동물사료,2011-02-16,12월,경기도,False,False,,True,00855093,선진,20240701,True
134380,미원화학,KOSPI,유가,기타 화학제품 제조업,"계면활성제, 황산및분황",2011-02-15,12월,울산광역시,False,False,,True,00855163,미원화학,20230322,True
134790,시디즈,KOSPI,유가,가구 제조업,의자,2011-01-25,12월,경기도,False,False,,True,00852087,시디즈,20250331,True
082740,한화엔진,KOSPI,유가,일반 목적용 기계 제조업,"대형선박용엔진,내연발전엔진",2011-01-04,12월,경상남도,False,False,,True,00361008,한화엔진,20260309,True
117580,대성에너지,KOSPI,유가,연료용 가스 제조 및 배관공급업,천연가스,2010-12-24,12월,대구광역시,False,False,,True,00787376,대성에너지,20260306,True
126560,현대퓨처넷,KOSPI,유가,전기 통신업,"디지털 사이니지, 기업 메시징 등",2010-12-23,12월,서울특별시,False,False,,True,00403632,현대퓨처넷,20240206,True
058860,KTis,KOSPI,유가,기타 정보 서비스업,"114전화번호안내, 고객센터",2010-12-17,12월,서울특별시,False,False,,True,00372873,KTis,20260528,True
130660,한전산업,KOSPI,유가,"건축기술, 엔지니어링 및 관련 기술 서비스업","발전설비 운전·정비, 전기검침",2010-12-16,12월,서울특별시,False,False,,True,00194947,한전산업,20260319,True
900140,엘브이엠씨,KOSPI,유가,자동차 판매업,지주회사,2010-11-30,12월,케이맨 제도,False,False,,True,00838500,엘브이엠씨,20260408,True
081660,미스토홀딩스,KOSPI,유가,생활용품 도매업,"스포츠의류,신발,가방,시계,골프장비,화장품,가죽제품(지갑,키홀더) 도매,수출입",2010-09-28,12월,서울특별시,False,False,,True,00195229,미스토홀딩스,20250428,True
058850,KTcs,KOSPI,유가,기타 정보 서비스업,전화번호검색 데이타제공/콜센터 운영,2010-09-16,12월,대전광역시,False,False,,True,00372882,KTcs,20260528,True
057050,현대홈쇼핑,KOSPI,유가,무점포 소매업,TV홈쇼핑 도소매/홈쇼핑프로그램 제작,2010-09-13,12월,서울특별시,False,False,,True,00412597,현대홈쇼핑,20250122,True
002150,도화엔지니어링,KOSPI,유가,"건축기술, 엔지니어링 및 관련 기술 서비스업","토목설계,건축설계,종합감리전문업,종합기술용역,엔지니어링",2010-08-12,12월,서울특별시,False,False,,True,00114552,도화엔지니어링,20230327,True
128820,대성산업,KOSPI,유가,연료 소매업,"주요소운영,기계판매 등",2010-07-30,12월,서울특별시,False,False,,True,00828789,대성산업,20231020,True
122900,아이마켓코리아,KOSPI,유가,상품 종합 도매업,B2B 전자상거래,2010-07-30,12월,서울특별시,False,False,,True,00360142,아이마켓코리아,20250514,True
128940,한미약품,KOSPI,유가,의약품 제조업,의약품,2010-07-30,12월,경기도,False,False,,True,00828497,한미약품,20260401,True
105840,우진,KOSPI,유가,"측정, 시험, 항해, 제어 및 기타 정밀기기 제조업; 광학기기 제외",원전용계측기,2010-07-26,12월,경기도,False,False,,True,00173944,우진,20211210,True
033920,무학,KOSPI,유가,알코올음료 제조업,소주,2010-07-20,12월,경상남도,False,False,,True,00121543,무학,20260424,True
102460,이연제약,KOSPI,유가,의약품 제조업,"항생제,순환기제",2010-06-10,12월,서울특별시,False,False,,True,00145598,이연제약,20230802,True
123690,한국화장품,KOSPI,유가,생활용품 도매업,화장품,2010-06-01,12월,서울특별시,False,False,,True,00823429,한국화장품,20221130,True
123700,에스제이엠,KOSPI,유가,자동차 신품 부품 제조업,자동차및산업용Bellows,2010-05-31,12월,경기도,False,False,,True,00815369,에스제이엠,20251212,True
031440,신세계푸드,KOSPI,유가,음식점업,"단체급식, 식자재유통, 외식",2010-04-29,12월,서울특별시,False,False,,True,00274933,신세계푸드,20260327,True
120030,조선선재,KOSPI,유가,기타 금속 가공제품 제조업,용접재료,2010-02-19,12월,경상북도,False,False,,True,00796994,조선선재,20230727,True
120110,코오롱인더,KOSPI,유가,화학섬유 제조업,"산업자재, 화학, 필름",2010-02-01,12월,서울특별시,False,False,,True,00795135,코오롱인더,20260401,True
119650,KC코트렐,KOSPI,유가,일반 목적용 기계 제조업,전기집진기 등,2010-01-29,12월,서울특별시,False,False,,True,00797364,KC코트렐,20241022,True
071320,지역난방공사,KOSPI,유가,"증기, 냉·온수 및 공기조절 공급업","집단에너지공급 및 전기,증기 생산,판매",2010-01-29,12월,경기도,False,False,,True,00159698,지역난방공사,20260406,True
012160,영흥,KOSPI,유가,1차 철강 제조업,와이어로프 등,2010-01-25,12월,충청남도,False,False,,True,00141477,영흥,20260401,True
118000,메타케어,KOSPI,유가,기계장비 및 관련 물품 도매업,"의약품, 의료소모품, 의료기기 도매",2009-12-30,12월,경기도,False,False,,True,00791209,메타케어,20260310,True
052690,한전기술,KOSPI,유가,"건축기술, 엔지니어링 및 관련 기술 서비스업",원자력발전소 설계 등,2009-12-14,12월,경상북도,False,False,,True,00159209,한전기술,20250416,True
114090,GKL,KOSPI,유가,유원지 및 기타 오락관련 서비스업,카지노,2009-11-19,12월,서울특별시,False,False,,True,00557508,GKL,20241203,True
032560,황금에스티,KOSPI,유가,1차 비철금속 제조업,"스테인레스 냉연, 열연",2009-10-29,12월,경기도,False,False,,True,00218575,황금에스티,20220518,True
000080,하이트진로,KOSPI,유가,알코올음료 제조업,"맥주, 소주",2009-10-19,12월,서울특별시,False,False,,True,01294110,에스엔시스,20260102,True
047400,유니온머티리얼,KOSPI,유가,"내화, 비내화 요업제품 제조업","페라이트,세라믹 제조,도매",2009-09-29,12월,대구광역시,False,False,,True,00369833,유니온머티리얼,20260327,True
093240,형지엘리트,KOSPI,유가,봉제의복 제조업,"학생복,스포츠의류,작업복 제조,도매",2009-09-28,06월,인천광역시,False,False,,True,00441243,형지엘리트,20241002,True
111770,영원무역,KOSPI,유가,상품 종합 도매업,스포츠의류,2009-07-30,12월,서울특별시,False,False,,True,00776820,영원무역,20230223,True
053690,한미글로벌,KOSPI,유가,"건축기술, 엔지니어링 및 관련 기술 서비스업","건축 설계,감리/건축공사,토목공사,설비공사,전기공사,안전공사",2009-06-23,12월,서울특별시,False,False,,True,00413523,한미글로벌,20230223,True
028100,동아지질,KOSPI,유가,기반조성 및 시설물 축조관련 전문공사업,"보링그라우팅공사,토공사,철근콘크리트공사,상하수도공사,비계구조물해체공사,수중공사/지질조사,시공감리",2009-06-12,12월,부산광역시,False,False,,True,00178754,동아지질,20260310,True
071970,HD현대마린엔진,KOSPI,유가,일반 목적용 기계 제조업,"조선기자재, 기계부품",2009-05-15,12월,경상남도,False,False,,True,00406046,HD현대마린엔진,20260325,True
108670,LX하우시스,KOSPI,유가,플라스틱제품 제조업,"창호재, 자동차부품 등",2009-04-20,12월,서울특별시,False,False,,True,00759513,LX하우시스,20260325,True
105630,한세실업,KOSPI,유가,봉제의복 제조업,의류 완제품,2009-03-20,12월,서울특별시,False,False,,True,00728638,한세실업,20251107,True
109070,주성코퍼레이션,KOSPI,유가,통신 및 방송 장비 제조업,"ICS중계기, 블랙박스",2009-03-17,12월,충청남도,False,False,,True,00753643,주성코퍼레이션,20240503,True
035420,NAVER,KOSPI,유가,"자료처리, 호스팅, 포털 및 기타 인터넷 정보매개 서비스업",포털 서비스 및 온라인 광고,2008-11-28,12월,경기도,False,False,,True,00266961,NAVER,20240311,True
026940,부국철강,KOSPI,유가,1차 철강 제조업,철강,2008-10-14,12월,광주광역시,False,False,,True,00123781,부국철강,20221201,True
104700,한국철강,KOSPI,유가,1차 철강 제조업,철근,2008-09-29,12월,경상남도,False,False,,True,00687711,한국철강,20260304,True
103590,일진전기,KOSPI,유가,절연선 및 케이블 제조업,,2008-08-01,12월,경기도,False,False,,True,00683469,일진전기,20260320,True
103140,풍산,KOSPI,유가,1차 비철금속 제조업,,2008-07-30,12월,경기도,False,False,,True,00684714,풍산,20230102,True
011070,LG이노텍,KOSPI,유가,전자부품 제조업,기타 전자부품 제조업,2008-07-24,12월,서울특별시,False,False,,True,00105961,LG이노텍,20240322,True
017180,명문제약,KOSPI,유가,의약품 제조업,"의약품(ROBAXIN 주사,KIMITE패취) 제조,판매",2008-07-10,12월,경기도,False,False,,True,00121039,명문제약,20240703,True
100220,비상교육,KOSPI,유가,"서적, 잡지 및 기타 인쇄물 출판업","참고서 출판/소프트웨어 개발,공급",2008-06-30,12월,경기도,False,False,,True,00520887,비상교육,20260319,True
102260,동성케미컬,KOSPI,유가,합성고무 및 플라스틱 물질 제조업,,2008-06-23,12월,부산광역시,False,False,,True,00679314,동성케미컬,20250502,True
032640,LG유플러스,KOSPI,유가,전기 통신업,"개인휴대통신서비스,음성서비스,데이터서비스,부가통신/단말기 도소매/프로그램 개발,자료제공",2008-04-21,12월,서울특별시,False,False,,True,00231363,LG유플러스,20250326,True
101140,인바이오젠,KOSPI,유가,기계장비 및 관련 물품 도매업,"신발,의류,스포츠용품 도매,제조",2008-04-02,12월,서울특별시,False,False,,True,00652423,인바이오젠,20240411,True
020560,아시아나항공,KOSPI,유가,항공 여객 운송업,"항공운송(여객운송,화물운송)/항공기 제조,정비수리",2008-03-28,12월,서울특별시,False,False,,True,00138792,아시아나항공,20250117,True
100840,SNT에너지,KOSPI,유가,일반 목적용 기계 제조업,"공냉식 열교환장치,폐열회수장치 제조",2008-02-22,12월,경상남도,False,False,,True,00648721,SNT에너지,20260515,True
100250,진양홀딩스,KOSPI,유가,플라스틱제품 제조업,"투자,경영컨설팅",2008-02-15,12월,부산광역시,False,False,,True,00646732,진양홀딩스,20230516,True
085310,엔케이,KOSPI,유가,"구조용 금속제품, 탱크 및 증기발생기 제조업","고압가스용기,선박용,육상용 소화설비장치,천연가스이동식충전소 제조,도매",2008-01-24,12월,부산광역시,False,False,,True,00172228,엔케이,20250811,True
051600,한전KPS,KOSPI,유가,전기 및 통신 공사업,"일반전기공사,발전설비정비공사,점검,수리,엔지니어링",2007-12-14,12월,전라남도,False,False,,True,00159218,한전KPS,20260303,True
092440,기신정기,KOSPI,유가,특수 목적용 기계 제조업,"몰드베이스,금형부품,정밀기계기구 제조,도매,무역",2007-10-30,03월,인천광역시,False,False,,True,00106614,기신정기,20240813,True
044450,KSS해운,KOSPI,유가,해상 운송업,"특수화물해상운송(액화가스,LPG,암모니아,VCM,석유화학제품 등), 선박대여",2007-10-26,12월,서울특별시,False,False,,True,00160232,KSS해운,20231116,True
094280,효성 ITX,KOSPI,유가,기타 사업지원 서비스업,"컨택센터서비스, Cloud솔루션, CDN, 프로젝터판매",2007-10-25,12월,서울특별시,False,False,,True,00414850,효성 ITX,20240719,True
033270,유나이티드,KOSPI,유가,의약품 제조업,"홈타민 진생연질60C(비타민제),항암제,항생제,순환기계,해열진통제,소화기계약품 제조",2007-10-23,12월,세종특별자치시,False,False,,True,00158963,유나이티드,20240701,True
092200,디아이씨,KOSPI,유가,자동차 신품 부품 제조업,"자동차부품(트란스밋숀,프런트액슬,기어,전동축),변속동력전달장치,특수공구,농기계 및 산업기계부품 제조,무역",2007-10-18,12월,울산광역시,False,False,,True,00112165,디아이씨,20230216,True
097950,CJ제일제당,KOSPI,유가,기타 식품 제조업,"설탕,소맥분,조미식품,육가공식품(돈육,돼지비계,돼지식용설육),대두가공식품,사료,의약품,생활화학제품 제조,도매,무역/통신판매",2007-09-28,12월,서울특별시,False,False,,True,00635134,CJ제일제당,20260325,True
028670,팬오션,KOSPI,유가,해상 운송업,"해상화물운송(외항,운수보관)",2007-09-21,12월,서울특별시,False,False,,True,00122737,팬오션,20260108,True
097230,HJ중공업,KOSPI,유가,토목 건설업,"선박건조,기계플랜트 제조/토목공사,건축공사,조경공사,전기공사,가스공사,준설공사,기계설비공사",2007-08-31,12월,부산광역시,False,False,,True,00633835,HJ중공업,20260330,True
096770,SK이노베이션,KOSPI,유가,석유 정제품 제조업,"석유정제,석유화학제품,윤활유제품,아스팔트제품,의약중간체 제조,판매,유전개발,대체에너지사업",2007-07-25,12월,서울특별시,False,False,,True,00631518,SK이노베이션,20260325,True
001780,알루코,KOSPI,유가,1차 비철금속 제조업,"알루미늄제품,샷시 제조",2007-06-07,12월,대전광역시,False,False,,True,00117027,알루코,20240923,True
095720,웅진씽크빅,KOSPI,유가,초등 교육기관,"기타출판 제조/서적,교구,통신판매 도소매/부동산 임대/교구렌탈,컴퓨터운용관련서비스",2007-05-31,12월,경기도,False,False,,True,00628189,웅진씽크빅,20260410,True
090370,메타랩스,KOSPI,유가,봉제의복 제조업,"여성용 의류(캐쥬얼티셔츠,바지) 제조",2006-12-26,12월,서울특별시,False,False,,True,00442835,메타랩스,20240805,True
093370,후성,KOSPI,유가,기초 화학물질 제조업,"불소화물 제조,도매",2006-12-22,12월,경기도,False,False,,True,00595191,후성,20240314,True
093050,LF,KOSPI,유가,봉제의복 제조업,"기성복, 의류, 잡화, 제조",2006-12-01,12월,서울특별시,False,False,,True,00593032,LF,20221209,True
044380,주연테크,KOSPI,유가,컴퓨터 및 주변장치 제조업,"각종컴퓨터,주변기기 제조/소프트웨어 개발",2006-11-15,12월,서울특별시,False,False,,True,00269241,주연테크,20260319,True
034590,인천도시가스,KOSPI,유가,연료용 가스 제조 및 배관공급업,도시가스 공급/가스설비공사,2006-11-07,12월,인천광역시,False,False,,True,00145862,인천도시가스,20251231,True
009770,삼정펄프,KOSPI,유가,"펄프, 종이 및 판지 제조업","지류화장지,안면용,위생용 티슈 제조,판매",2006-10-17,12월,경기도,False,False,,True,00128227,삼정펄프,20231130,True
092220,KEC,KOSPI,유가,반도체 제조업,반도체 제조,2006-10-16,12월,서울특별시,False,False,,True,00589127,KEC,20250328,True
092230,KPX홀딩스,KOSPI,유가,기초 화학물질 제조업,지주회사,2006-10-12,12월,서울특별시,False,False,,True,00587466,KPX홀딩스,20221128,True
089470,HDC현대EP,KOSPI,유가,기타 화학제품 제조업,"합성수지(PP컴파운딩가공,자동차범퍼,내장제) 제조,도소매",2006-09-25,12월,충청남도,False,False,,True,00357935,HDC현대EP,20260327,True
090350,노루페인트,KOSPI,유가,기타 화학제품 제조업,페인트 제조,2006-07-03,12월,경기도,False,False,,True,00583442,노루페인트,20260323,True
090430,아모레퍼시픽,KOSPI,유가,기타 화학제품 제조업,"화장품,생활용품 제조, 판매",2006-06-29,12월,서울특별시,False,False,,True,00583424,아모레퍼시픽,20240102,True
032350,롯데관광개발,KOSPI,유가,여행사 및 기타 여행보조 서비스업,"국내외여행알선,관광개발,전세운수,항공권매매대행",2006-06-08,12월,제주특별자치도,False,False,,True,00231372,롯데관광개발,20221207,True
090080,평화산업,KOSPI,유가,자동차 신품 부품 제조업,"자동차부품(방진고무,방류고무(COVER류,CUP류),호스류),장비시설용 부품 제조,판매",2006-06-02,12월,대구광역시,False,False,,True,00573579,평화산업,20230330,True
049800,우진플라임,KOSPI,유가,특수 목적용 기계 제조업,"플라스틱사출성형기 제조,판매",2006-05-24,12월,충청북도,False,False,,True,00303217,우진플라임,20211227,True
035510,신세계I&C,KOSPI,유가,"컴퓨터 프로그래밍, 시스템 통합 및 관리업","IT시스템 개발, 운영 및 유지보수, IT 컨설팅, IT장비솔루션 총판, 아웃소싱, IDC, IT기기 및 휴대폰 유통, 전자상품권",2006-05-18,12월,서울특별시,False,False,,True,00219486,신세계I&C,20250414,True
088790,진도,KOSPI,유가,기타 전문 도매업,"모피제품 제조,가공",2006-03-28,12월,서울특별시,False,False,,True,00557933,진도,20240829,True
023530,롯데쇼핑,KOSPI,유가,종합 소매업,"백화점(의류,식품 및 잡화),할인점 운영/전자상거래",2006-02-09,12월,서울특별시,False,False,,True,00120526,롯데쇼핑,20260323,True
086280,현대글로비스,KOSPI,유가,기타 운송관련 서비스업,"화물운송주선,화물포장,자동차 수리/산업용 기계장비 임대",2005-12-26,12월,서울특별시,False,False,,True,00360595,현대글로비스,20240108,True
084870,티비에이치글로벌,KOSPI,유가,봉제의복 제조업,"캐주얼의류,여성의류,남성의류 제조,도소매",2005-12-19,12월,서울특별시,False,False,,True,00409672,티비에이치글로벌,20230922,True
001560,제일연마,KOSPI,유가,기타 비금속 광물제품 제조업,"연마석,다이아몬드공구 제조,도소매/주택건설",2005-12-09,12월,경상북도,False,False,,True,00148461,제일연마,20260311,True
079430,현대리바트,KOSPI,유가,가구 제조업,"일반목재가구(책상,침실가구),주방가구,목창호,사무용가구,선실가구 제조",2005-11-22,12월,경기도,False,False,,True,00300548,현대리바트,20260325,True
084010,대한제강,KOSPI,유가,1차 철강 제조업,"제강,철재,철근,환봉,마환봉,빌레트 제조",2005-10-31,12월,부산광역시,False,False,,True,00113225,대한제강,20260310,True
075180,새론오토모티브,KOSPI,유가,자동차 신품 부품 제조업,"자동차부품(브레이크패드,라이닝)",2005-10-21,12월,충청남도,False,False,,True,00305668,새론오토모티브,20260331,True
083420,그린케미칼,KOSPI,유가,기타 화학제품 제조업,"비이온계면활성제 제조,도매",2005-10-20,12월,충청남도,False,False,,True,00454946,그린케미칼,20260317,True
071950,코아스,KOSPI,유가,가구 제조업,"사무용가구,금속가구 도매,제조",2005-08-04,12월,서울특별시,False,False,,True,00210856,코아스,20260330,True
084680,이월드,KOSPI,유가,귀금속 및 장신용품 제조업,"놀이시설 운영,입장료,식음료 소매,부동산 임대",2005-07-26,12월,대구광역시,False,False,,True,00540605,이월드,20260130,True
084670,동양고속,KOSPI,유가,육상 여객 운송업,고속버스 운송/부동산 임대,2005-07-25,12월,경기도,False,False,,True,00540641,동양고속,20240329,True
042700,한미반도체,KOSPI,유가,특수 목적용 기계 제조업,"반도체 후공정장비,반도체금형 제조/부동산 매매,임대",2005-07-22,12월,인천광역시,False,False,,True,00161383,한미반도체,20240328,True
004890,동일산업,KOSPI,유가,1차 철강 제조업,"봉강,합금철,철근,마봉강,냉간압조용선재,주조,지선,주강,다이아몬드공구 제조,도매",2005-06-30,12월,경상북도,False,False,,True,00172936,동일산업,20260327,True
010960,삼호개발,KOSPI,유가,기반조성 및 시설물 축조관련 전문공사업,"토공사,철근콘크리트공사,포장공사,미장방수공사,상하수도공사,수중공사,비계구조물해체공사/골재,아스콘 제조,판매,중기임대",2005-05-12,12월,충청남도,False,False,,True,00128980,삼호개발,20251124,True
073240,금호타이어,KOSPI,유가,고무제품 제조업,"타이어,튜브 제조,도매,무역",2005-02-17,12월,광주광역시,False,False,,True,00481454,금호타이어,20241231,True
079160,CJ CGV,KOSPI,유가,"영화, 비디오물, 방송프로그램 제작 및 배급업","영화상영,영화관 운영",2004-12-24,12월,서울특별시,False,False,,True,00303873,CJ CGV,20250326,True
081000,일진다이아,KOSPI,유가,기타 화학제품 제조업,"공업용 합성다이아몬드 제조,도매,수출입",2004-12-22,12월,충청북도,False,False,,True,00508274,일진다이아,20260320,True
014830,유니드,KOSPI,유가,기초 화학물질 제조업,"탄산칼륨,가성칼륨,가성카리,탄산카리(무기화합물),MDF(가공목재) 제조,도매",2004-12-03,12월,서울특별시,False,False,,True,00159786,유니드,20260320,True
041650,상신브레이크,KOSPI,유가,자동차 신품 부품 제조업,"자동차 브레이크 슈 어셈블리,브레이크패드 제조/군납업,무역/부동산 임대",2004-10-27,12월,대구광역시,False,False,,True,00129642,상신브레이크,20241008,True
023810,인팩,KOSPI,유가,자동차 신품 부품 제조업,"자동차용 케이블,전자정보통신관련기기 제조,도매",2004-09-21,12월,서울특별시,False,False,,True,00180795,인팩,20230427,True
077500,유니퀘스트,KOSPI,유가,기계장비 및 관련 물품 도매업,"반도체직접회로 도매,무역,제조",2004-08-05,12월,경기도,False,False,,True,00414601,유니퀘스트,20221212,True
058730,다스코,KOSPI,유가,"구조용 금속제품, 탱크 및 증기발생기 제조업","데크플레이트,도로안전시설물(가드레일,강재방호책),건축용단열재보드(경질우레탄보드),신재생에너지사업",2004-08-02,12월,전라남도,False,False,,True,00353878,다스코,20230508,True
034220,LG디스플레이,KOSPI,유가,전자부품 제조업,"고화질, 초대형, 폴더블 고부가가치 디스플레이 제품 개발, 제조",2004-07-23,12월,서울특별시,False,False,,True,00105873,LG디스플레이,20250620,True
078000,텔코웨어,KOSPI,유가,"자료처리, 호스팅, 포털 및 기타 인터넷 정보매개 서비스업","소프트웨어(핵심망솔루션,무선데이터솔루션,요소기술) 개발,유지보수,무역",2004-07-20,12월,서울특별시,False,False,,True,00361488,텔코웨어,20250331,True
077970,STX엔진,KOSPI,유가,일반 목적용 기계 제조업,"엔진,터빈,내연기관 제조,도매",2004-05-10,12월,경상남도,False,False,,True,00480455,STX엔진,20230331,True
019680,대교,KOSPI,유가,초등 교육기관,"학습지,참고서 출판/건설업/종합유선방송 프로그램공급,디지털학원",2004-02-03,12월,서울특별시,False,False,,True,00108913,대교,20250326,True
074610,이엔플러스,KOSPI,유가,일반 목적용 기계 제조업,소방자동차 제조,2003-12-23,12월,경기도,False,False,,True,00469799,이엔플러스,20260407,True
025750,한솔홈데코,KOSPI,유가,제재 및 목재 가공업,"PB,MDF,바닥재,강화,재생목재,LPM,제재목 제조,도소매,무역/임업,벌목관련 사업",2003-11-04,12월,서울특별시,False,False,,True,00203582,한솔홈데코,20260331,True
007660,이수페타시스,KOSPI,유가,전자부품 제조업,"P.C.B(인쇄회로기판),M.L.B 제조",2003-10-07,12월,대구광역시,False,False,,True,00107613,이수페타시스,20260309,True
035250,강원랜드,KOSPI,유가,유원지 및 기타 오락관련 서비스업,"카지노,관광호텔,골프장,스키장,체육시설 운영",2003-09-04,12월,강원특별자치도,False,False,,True,00255619,강원랜드,20260305,True
037270,YG PLUS,KOSPI,유가,"자료처리, 호스팅, 포털 및 기타 인터넷 정보매개 서비스업","광고대행,광고물 제작",2003-08-01,12월,서울특별시,False,False,,True,00249247,YG PLUS,20230220,True
072130,유엔젤,KOSPI,유가,"자료처리, 호스팅, 포털 및 기타 인터넷 정보매개 서비스업","소프트웨어(무선인터넷 솔루션,ASP통신사업자용 지능망솔루션 및 단문메세지센터) 개발,공급",2003-07-01,12월,경기도,False,False,,True,00416654,유엔젤,20230130,True
034120,SBS,KOSPI,유가,텔레비전 방송업,"TV,라디오방송,광고",2003-06-25,12월,서울특별시,False,False,,True,00130772,SBS,20251022,True
036570,NC,KOSPI,유가,소프트웨어 개발 및 공급업,"인터넷머그게임(리니지),그룹웨어,인터넷커뮤니티 개발,유지,공급",2003-05-22,12월,경기도,False,False,,True,00261443,NC,20260504,True
071090,하이스틸,KOSPI,유가,1차 철강 제조업,"강관 제조,도매",2003-02-17,12월,충청남도,False,False,,True,00435312,하이스틸,20221219,True
069730,DSR제강,KOSPI,유가,1차 철강 제조업,"와이어로프,각종 경강선,철선제품,PC강선,아연도 강연선 제조",2003-01-28,12월,전라남도,False,False,,True,00151298,DSR제강,20250624,True
006890,태경케미컬,KOSPI,유가,기초 화학물질 제조업,"드라이아이스,액체탄산,고체탄산 제조",2003-01-28,12월,서울특별시,False,False,,True,00109161,태경케미컬,20221208,True
011500,한농화성,KOSPI,유가,기타 화학제품 제조업,"계면활성제,글리콜에테르 제조,판매",2003-01-09,12월,전북특별자치도,False,False,,True,00160861,한농화성,20260306,True
069960,현대백화점,KOSPI,유가,종합 소매업,백화점,2002-11-25,12월,서울특별시,False,False,,True,00428251,현대백화점,20240208,True
069460,대호에이엘,KOSPI,유가,1차 비철금속 제조업,"알루미늄 환절판 제조,도매,무역",2002-11-11,12월,대구광역시,False,False,,True,00428729,대호에이엘,20260326,True
069620,대웅제약,KOSPI,유가,의약품 제조업,"양약,의료기기 제조/화장품,의약부의품 도소매/부동산 임대",2002-11-01,12월,경기도,False,False,,True,00427483,대웅제약,20240329,True
027740,마니커,KOSPI,유가,"도축, 육류 가공 및 저장 처리업","닭고기,햄,계육가공제품,계육,육가공제품 제조,판매,유통/양계관련사업/부동산임대/수출입대행",2002-10-29,12월,경기도,False,False,,True,00204208,마니커,20250325,True
069260,티케이지휴켐스,KOSPI,유가,기타 화학제품 제조업,"화합물,화학제품 제조",2002-10-07,12월,서울특별시,False,False,,True,00426086,티케이지휴켐스,20260130,True
033530,SJG세종,KOSPI,유가,자동차 신품 부품 제조업,"자동차부품,자동차소음기(머플러),배기가스정화기,배기계통부품 제조",2002-09-25,12월,울산광역시,False,False,,True,00134510,SJG세종,20260325,True
058430,포스코스틸리온,KOSPI,유가,1차 철강 제조업,"용융아연도금강판,용융알루미늄도금강판,칼라도장강판,냉연강판 가공,제조,도매",2002-08-16,12월,경상북도,False,False,,True,00155258,포스코스틸리온,20250325,True
068290,삼성출판사,KOSPI,유가,"서적, 잡지 및 기타 인쇄물 출판업","서적 출판,인쇄,소매/부동산 임대",2002-08-05,12월,서울특별시,False,False,,True,00423690,삼성출판사,20221205,True
067830,세이브존I&C,KOSPI,유가,종합 소매업,"대형할인점(백화점)/부동산 임대/주차장,문화센터 운영",2002-07-25,12월,서울특별시,False,False,,True,00422895,세이브존I&C,20260316,True
009240,한샘,KOSPI,유가,생활용품 도매업,"주방가구(씽크대),인테리어가구 판매,제조/주택신축판매",2002-07-16,12월,경기도,False,False,,True,00161693,한샘,20231017,True
017370,우신시스템,KOSPI,유가,특수 목적용 기계 제조업,"자동차차체자동설비, 2차전지설비, 자동차부품",2002-05-28,12월,서울특별시,False,False,,True,00142883,우신시스템,20221202,True
066570,LG전자,KOSPI,유가,통신 및 방송 장비 제조업,"이동통신단말기,C-TV,V.C.R.,컴퓨터,완전평면 TV,플라즈마 디스플레이 패널 TV,전자제품(세탁기외),CDMA(코드분할다중접속)이동통신,전자교환기,전송기기",2002-04-22,12월,서울특별시,False,False,,True,00401731,LG전자,20260324,True
064960,SNT모티브,KOSPI,유가,자동차 신품 부품 제조업,"자동차부품(서스펜션모듈,전장품,속옵서버,에어백,트로틀바디,너클),방산품(총포) 제조,도매",2002-03-11,12월,부산광역시,False,False,,True,00398792,SNT모티브,20221115,True
037710,광주신세계,KOSPI,유가,종합 소매업,백화점,2002-02-07,12월,광주광역시,False,False,,True,00220561,광주신세계,20230221,True
020760,일진디스플,KOSPI,유가,반도체 제조업,"박막액정표시장치(TFT-LCD) 패널,LT(리튬탄탈에이트)웨이퍼,분말야금제품(초고압용공구),보석다이아몬드 제조,판매/종합건설",2002-01-09,12월,충청북도,False,False,,True,00198697,일진디스플,20260401,True
063160,종근당바이오,KOSPI,유가,의약품 제조업,"의약품,원료의약품 제조",2001-12-11,12월,서울특별시,False,False,,True,00390055,종근당바이오,20240329,True
021240,코웨이,KOSPI,유가,그외 기타 개인 서비스업,"렌탈 서비스(정수기,비데, 필터교환 등), 가정용기기 도매,판매,제조,폐기물처리설비,수출(정수기,청정기)",2001-08-07,12월,충청남도,False,False,,True,00170558,코웨이,20230103,True
058650,세아홀딩스,KOSPI,유가,1차 철강 제조업,지주회사/투자 및 경영컨설팅/부동산 임대,2001-07-30,12월,서울특별시,False,False,,True,00377610,세아홀딩스,20250325,True
051900,LG생활건강,KOSPI,유가,기타 화학제품 제조업,"화장품,생활용품 제조,도매",2001-04-25,12월,서울특별시,False,False,,True,00356370,LG생활건강,20251128,True
051910,LG화학,KOSPI,유가,기초 화학물질 제조업,"유화/기능/합성수지,재생섬유소,산업재,리튬이온전지,평광판,PVC 제조,도매",2001-04-25,12월,서울특별시,False,False,,True,00356361,LG화학,20260401,True
047040,대우건설,KOSPI,유가,건물 건설업,"아파트건설,토목공사,건축공사,포장공사,전기공사,무역/중장비 대여",2001-03-23,12월,서울특별시,False,False,,True,00124540,대우건설,20241213,True
047050,포스코인터내셔널,KOSPI,유가,상품 중개업,"영업활동의 주요 품목으로 에너지 사업내 천연가스 발전, 태양력, 풍력, 수소 등이 있으며, 트레이딩 사업은 철강 및 철강원료, 이차전지소재, 곡물, 유지, 면방, 바이오플라스틱, 친환경차부품, 인프라 및 산업 플랜트 등이 있음.",2001-03-23,12월,서울특별시,False,False,,True,00124504,포스코인터내셔널,20241002,True
042660,한화오션,KOSPI,유가,선박 및 보트 건조업,선박 제조,2001-02-02,12월,경상남도,False,False,,True,00111704,한화오션,20260306,True
051630,진양화학,KOSPI,유가,플라스틱제품 제조업,"레쟈,바닥재 제조",2001-01-29,12월,울산광역시,False,False,,True,00347734,진양화학,20260303,True
034020,두산에너빌리티,KOSPI,유가,일반 목적용 기계 제조업,"기관,터어빈,선박용엔진,주단조품,제강제품 제조/종합건설",2000-10-25,12월,경상남도,False,False,,True,00159616,두산에너빌리티,20260320,True
010040,한국내화,KOSPI,유가,"내화, 비내화 요업제품 제조업","내화벽돌,내화몰탈,축로등 제조,판매",2000-10-16,12월,충청남도,False,False,,True,00160205,한국내화,20230222,True
016450,한세예스24홀딩스,KOSPI,유가,봉제의복 제조업,"의류(니트) 제조,도소매,원단 제조,부동산 임대",2000-01-06,12월,서울특별시,False,False,,True,00161976,한세예스24홀딩스,20221212,True
003220,대원제약,KOSPI,유가,의약품 제조업,"의약품(해열소염진통제,진해거담제,동맥경화용제,혈압강하제 등), 건강기능식품(프로바이오틱스 등)",1999-12-15,12월,서울특별시,False,False,,True,00111999,대원제약,20250102,True
036460,한국가스공사,KOSPI,유가,연료용 가스 제조 및 배관공급업,"액화천연가스 공급,제조,도매,개발",1999-12-15,12월,대구광역시,False,False,,True,00261285,한국가스공사,20230113,True
007120,미래아이앤지,KOSPI,유가,"컴퓨터 프로그래밍, 시스템 통합 및 관리업","CCTV, DVR제조, 금융솔루션, 방산제품",1999-11-26,12월,서울특별시,False,False,,True,00104786,미래아이앤지,20260401,True
000850,화천기공,KOSPI,유가,특수 목적용 기계 제조업,"CNC선반,CNC밀링,연마기(금속공작기계),MC공작기계,COPY밀링기계,주방품 제조,도매",1999-11-18,12월,광주광역시,False,False,,True,00166519,화천기공,20240322,True
036580,팜스코,KOSPI,유가,"곡물가공품, 전분 및 전분제품 제조업","배합사료 제조,도매",1999-10-25,12월,경기도,False,False,,True,00260408,팜스코,20241021,True
033780,케이티앤지,KOSPI,유가,담배 제조업,"잎담배,제조담배,홍삼,홍삼제품 제조,판매",1999-10-08,12월,대전광역시,False,False,,True,00244455,케이티앤지,20250917,True
024090,디씨엠,KOSPI,유가,1차 철강 제조업,"PCM(칼라강판),라미네이트강판,산업용필름 제조,판매",1999-08-18,12월,경상남도,False,False,,True,00177199,디씨엠,20260320,True
035000,HS애드,KOSPI,유가,광고업,광고,1999-08-11,12월,서울특별시,False,False,,True,00140168,HS애드,20241008,True
006650,대한유화,KOSPI,유가,기초 화학물질 제조업,"폴리프로필렌,고밀도폴리에틸렌,나프타분해유분,올레핀류,혼합C4류,분해가솔린 제조",1999-08-11,12월,서울특별시,False,False,,True,00260383,대한유화,20221215,True
035150,백산,KOSPI,유가,플라스틱제품 제조업,"P.U.인조피혁,부직포인공피혁 제조,무역",1999-08-11,12월,경기도,False,False,,True,00122551,백산,20250103,True
033250,체시스,KOSPI,유가,자동차 신품 부품 제조업,"자동차부품,뒷차축 제조",1999-08-11,12월,경상북도,False,False,,True,00125576,체시스,20231004,True
033240,자화전자,KOSPI,유가,전자부품 제조업,"Bonded magenet,플라스틱자성제품,티탄산 바륨계 반도체소자,휴대전화용 Vibration Motor,전자관,전자부품 제조",1999-01-06,12월,충청북도,False,False,,True,00146861,자화전자,20250225,True
030200,케이티,KOSPI,유가,전기 통신업,"유무선통신사업,공중전기통신사업,인터넷,전자상거래,네트워크(전용회선,데이터통신,초고속사업 등)",1998-12-23,12월,경기도,False,False,,True,00190321,케이티,20260401,True
019490,엑시큐어하이트론,KOSPI,유가,영상 및 음향기기 제조업,"영상음향기기(보안시스템,CCTV용 모니터,CRT,화상회의시스템),정보통신기기 제조",1998-11-04,12월,경기도,False,False,,True,00156150,엑시큐어하이트론,20260522,True
030000,제일기획,KOSPI,유가,광고업,"광고 대행/광고물,영화 제작,인쇄,출판",1998-03-03,12월,서울특별시,False,False,,True,00148276,제일기획,20250605,True
029460,케이씨,KOSPI,유가,"측정, 시험, 항해, 제어 및 기타 정밀기기 제조업; 광학기기 제외",가스/Chemical 공급 장치 등 제조 및 판매,1997-11-25,12월,경기도,False,False,,True,00209780,케이씨,20241111,True
024890,대원화성,KOSPI,유가,플라스틱제품 제조업,"합성피혁,벽지,DMF(폐용수)정제,방수투습원단,화공약 임가공,제조,도매,수출입",1997-10-28,12월,서울특별시,False,False,,True,00112022,대원화성,20260213,True
017940,E1,KOSPI,유가,기타 전문 도매업,"LPG(프로판,부탄가스),가스기기판매",1997-08-27,12월,서울특별시,False,False,,True,00165583,E1,20260330,True
018670,SK가스,KOSPI,유가,기타 전문 도매업,"액화석유가스,가스기기 판매,수입,저장",1997-08-27,12월,경기도,False,False,,True,00144164,SK가스,20230104,True
023590,다우기술,KOSPI,유가,"자료처리, 호스팅, 포털 및 기타 인터넷 정보매개 서비스업","인터넷솔루션 개발,도매,IT컨설팅,시스템 설계,자문,인터넷관련서비스/부동산분양,개발,임대",1997-08-27,12월,경기도,False,False,,True,00176914,다우기술,20231106,True
014440,영보화학,KOSPI,유가,플라스틱제품 제조업,"가교발포폴리에틸렌(아티론,영보드) 제조,판매",1997-08-27,12월,충청북도,False,False,,True,00140779,영보화학,20240123,True
011790,SKC,KOSPI,유가,기타 화학제품 제조업,"기초화학원료(PO, PG), 전지용 동박 등을 제조ㆍ판매하는 사업",1997-07-18,12월,경기도,False,False,,True,00139889,SKC,20260327,True
025890,한국주강,KOSPI,유가,특수 목적용 기계 제조업,"주강,주물 제조,도매",1997-07-18,12월,경상남도,False,False,,True,00159564,한국주강,20221122,True
024900,디와이덕양,KOSPI,유가,자동차 신품 부품 제조업,"자동차부품(CRASH PAD,TRIM PANEL) 제조,판매",1997-06-23,12월,울산광역시,False,False,,True,00114154,디와이덕양,20250924,True
023960,에쓰씨엔지니어링,KOSPI,유가,토목 건설업,"기술용역(건축설계) 서비스/화학플랜트 설비,기계 제작(음식료,석유화학사업관련)/유공압기기 판매",1997-06-23,12월,서울특별시,False,False,,True,00121969,에쓰씨엔지니어링,20260316,True
023800,인지컨트롤스,KOSPI,유가,자동차 신품 부품 제조업,"자동차부품(터머스위치,터머스탯) 제조",1997-06-23,12월,경기도,False,False,,True,00103510,인지컨트롤스,20260401,True
031820,아이티센씨티에스,KOSPI,유가,"컴퓨터 프로그래밍, 시스템 통합 및 관리업","시스템(네트웍) 구축/데이터통신장비(모뎀,먹스),종합네트워크시스템 제조,설치,유지보수",1997-02-12,12월,경기도,False,False,,True,00186559,아이티센씨티에스,20251230,True
025530,에스제이엠홀딩스,KOSPI,유가,자동차 부품 및 내장품 판매업,지주회사및경영자문,1997-02-12,12월,경기도,False,False,,True,00181943,에스제이엠홀딩스,20240221,True
000660,SK하이닉스,KOSPI,유가,반도체 제조업,"반도체,컴퓨터,통신기기 제조,도매",1996-12-26,12월,경기도,False,False,,True,00164779,SK하이닉스,20240328,True
023150,MH에탄올,KOSPI,유가,알코올음료 제조업,"주정,탄산가스 제조",1996-12-24,12월,경상남도,False,False,,True,00121534,MH에탄올,20250321,True
023450,동남합성,KOSPI,유가,기초 화학물질 제조업,"계면활성제,정밀화학품 제조,도매/부동산 임대",1996-12-24,12월,충청남도,False,False,,True,00115065,동남합성,20221229,True
028050,삼성E&A,KOSPI,유가,"건축기술, 엔지니어링 및 관련 기술 서비스업","산업설비,건물,구축물,토목시설의 설계,시공,공사감리",1996-12-24,12월,서울특별시,False,False,,True,00126308,삼성E&A,20260319,True
029530,신도리코,KOSPI,유가,컴퓨터 및 주변장치 제조업,"복사기, 3D프린터, 프린터, 주변기기 제조,판매",1996-12-24,12월,서울특별시,False,False,,True,00135795,신도리코,20250106,True
005320,온타이드,KOSPI,유가,생활용품 도매업,"셔츠,스웨터,파자마(섬유제품) 제조,판매,수출/부동산 임대",1996-12-24,12월,서울특별시,False,False,,True,00168331,온타이드,20260513,True
016800,퍼시스,KOSPI,유가,가구 제조업,"사무용 가구,의자,책상,캐비넷 제조",1996-12-24,12월,서울특별시,False,False,,True,00161709,퍼시스,20260330,True
024070,WISCOM,KOSPI,유가,플라스틱제품 제조업,"플라스틱제품(PVC컴파운드,ABS,PS가공) 제조,도매,임가공",1996-11-22,12월,경기도,False,False,,True,00142865,WISCOM,20230327,True
030720,동원수산,KOSPI,유가,어로 어업,"원양어업/수산물 제조,가공/참치어류 냉동냉장업",1996-11-22,12월,서울특별시,False,False,,True,00118044,동원수산,20260310,True
025560,미래산업,KOSPI,유가,"측정, 시험, 항해, 제어 및 기타 정밀기기 제조업; 광학기기 제외","PCB마운터,반도체검사장비(반도체테스트핸들러),LCD 검사장비,리드프레임매가진 제조,도매,무역",1996-11-22,12월,충청남도,False,False,,True,00197759,미래산업,20260310,True
017900,광전자,KOSPI,유가,반도체 제조업,"트랜지스터,SMD TR,발광소자,리모콘모듈,발광다이오드(L.E.D),다이오드용웨이퍼팹(Fab) 제조,판매",1996-10-16,12월,전북특별자치도,False,False,,True,00152729,광전자,20230330,True
025540,한국단자공업,KOSPI,유가,"전동기, 발전기 및 전기 변환 · 공급 · 제어 장치 제조업","전기변환장치(광커넥터,통신용콘넥터,정밀압착단자설계) 제조,무역(수출)",1996-10-16,12월,인천광역시,False,False,,True,00157070,한국단자공업,20230217,True
003160,디아이,KOSPI,유가,"측정, 시험, 항해, 제어 및 기타 정밀기기 제조업; 광학기기 제외","반도체검사장비,전자부품,레저용품,석제품 제조,판매,오파,부동산임대업",1996-07-31,12월,서울특별시,False,False,,True,00118275,디아이,20221205,True
011930,신성이엔지,KOSPI,유가,반도체 제조업,"태양전지, 태양광모듈 제조 및 판매, 태양광 발전설치공사, 클린룸, 자동화장비",1996-07-31,12월,경기도,False,False,,True,00136271,신성이엔지,20240222,True
019180,티에이치엔,KOSPI,유가,기타 전기장비 제조업,"자동차부품(전기배선장치류) 제조,도매",1996-07-31,12월,대구광역시,False,False,,True,00118965,티에이치엔,20220228,True
018880,한온시스템,KOSPI,유가,일반 목적용 기계 제조업,"자동차용부품(라디에이터,히터,에어콘,압축기,콘덴서,컴퓨레사) 제조,도매",1996-07-31,12월,대전광역시,False,False,,True,00161125,한온시스템,20250106,True
006740,블루산업개발,KOSPI,유가,"골판지, 종이 상자 및 종이용기 제조업","골판지원지,지관원지,라이나원지 제조",1996-07-03,12월,경기도,False,False,,True,00141404,블루산업개발,20260327,True
021820,세원정공,KOSPI,유가,자동차 신품 부품 제조업,"자동차부품(차체류,램프류) 제조",1996-07-03,06월,대구광역시,False,False,,True,00134316,세원정공,20220629,True
000910,유니온,KOSPI,유가,"시멘트, 석회, 플라스터 및 그 제품 제조업","백시멘트,타일시멘트,알루미나시멘트,용융알루미나,급결제,필터프레스,유니필터제조,도매",1996-07-03,12월,서울특별시,False,False,,True,00144252,유니온,20260304,True
020120,키다리스튜디오,KOSPI,유가,"자료처리, 호스팅, 포털 및 기타 인터넷 정보매개 서비스업","웹툰,웹소설 플랫폼 서비스 및 출판, 영상콘텐츠 제작 및 유통",1996-07-03,12월,서울특별시,False,False,,True,00140131,키다리스튜디오,20260306,True
027970,한국제지,KOSPI,유가,"펄프, 종이 및 판지 제조업","펄프, 종이 및 판지 제조업(031701)",1996-07-03,12월,울산광역시,False,False,,True,00133706,한국제지,20260327,True
020000,한섬,KOSPI,유가,봉제의복 제조업,"여성의류,금속 액세서리,신발,가방,선글라스 제조,판매",1996-07-03,12월,서울특별시,False,False,,True,00188089,한섬,20230103,True
017800,현대엘리베이터,KOSPI,유가,일반 목적용 기계 제조업,"엘리베이터,에스컬레이터,공항,공정,크린룸,병원 물류시스템,수,배송센터,고속소팅시스템,주차설비 제조,판매,보수",1996-07-03,12월,충청북도,False,False,,True,00164724,현대엘리베이터,20230110,True
016580,환인제약,KOSPI,유가,의약품 제조업,"의약품(신경정신질환치료제,소화기관용약제,연고) 제조,도매",1996-07-03,12월,서울특별시,False,False,,True,00166573,환인제약,20240701,True
013580,계룡건설산업,KOSPI,유가,토목 건설업,"건축공사,주택공사,토목공사,포장공사,전기공사",1996-01-30,12월,대전광역시,False,False,,True,00102432,계룡건설산업,20240603,True
021050,서원,KOSPI,유가,금속 주조업,"비철금속(황동 빌레트,인코트) 제조,재생원료생산",1996-01-30,12월,경기도,False,False,,True,00131197,서원,20260401,True
012750,에스원,KOSPI,유가,"경비, 경호 및 탐정업","부가통신 서비스(경비),안전관리용역,CCTV카메라",1996-01-30,12월,서울특별시,False,False,,True,00158501,에스원,20260320,True
015890,태경산업,KOSPI,유가,기초 화학물질 제조업,"제강용 정련제(프락스),카바이드,중질탈산칼슘 제조,판매/고속도로휴게소 운영",1996-01-30,12월,서울특별시,False,False,,True,00153339,태경산업,20240402,True
016590,신대양제지,KOSPI,유가,"골판지, 종이 상자 및 종이용기 제조업","골판지용 골심지,라이너지 제조,수출입",1995-12-21,12월,경기도,False,False,,True,00135777,신대양제지,20260102,True
011690,와이투솔루션,KOSPI,유가,반도체 제조업,"혼성직접회로,통신기기 제조/화공약품,케이블 도매",1995-12-21,12월,경기도,False,False,,True,00144720,와이투솔루션,20260211,True
025860,남해화학,KOSPI,유가,"비료, 농약 및 살균, 살충제 제조업","비료(요소,복합비료),공업제품원료 제조,도매",1995-11-10,12월,서울특별시,False,False,,True,00107987,남해화학,20250131,True
018500,동원금속,KOSPI,유가,자동차 신품 부품 제조업,"자동차부품(도어후레임,머플러,임팩트빔),강관 제조,판매",1995-11-10,03월,경상북도,False,False,,True,00118008,동원금속,20220311,True
011300,우성머티리얼스,KOSPI,유가,직물직조 및 직물제품 제조업,"제직,염색,폴리에스터직물,자수직물봉제 제조,판매/임대료,관리비 수입",1995-11-10,12월,대구광역시,False,False,,True,00132868,우성머티리얼스,20260420,True
011200,HMM,KOSPI,유가,해상 운송업,"정기,부정기,전용선,콘테이너선,자동차선,LNG선 해운",1995-10-05,12월,부산광역시,False,False,,True,00164645,HMM,20260526,True
012610,경인양행,KOSPI,유가,기초 화학물질 제조업,"반응성염료,직접염료,산성염료,삼원색원료 제조,수출입",1995-10-05,12월,인천광역시,False,False,,True,00102113,경인양행,20230227,True
017810,풀무원,KOSPI,유가,기타 식품 제조업,"두부류,생면류,나물류,냉동류,조미류,김치류,묵류,녹즙,과채음료,건강보조식품 판매,제조,생식품 수출",1995-10-05,12월,충청북도,False,False,,True,00155355,풀무원,20241209,True
017390,서울도시가스,KOSPI,유가,연료용 가스 제조 및 배관공급업,"도시가스공급,가스공급설비공사",1995-08-18,12월,서울특별시,False,False,,True,00130684,서울도시가스,20250325,True
025820,이구산업,KOSPI,유가,1차 비철금속 제조업,"동판.조,황동판.조,인청동판.조 제조,임가공/부동산 임대",1995-08-18,12월,경기도,False,False,,True,00145464,이구산업,20230221,True
011090,에넥스,KOSPI,유가,가구 제조업,"씽크상판,주방기기,목재케비넷,유해가스저감장치시설 제조,판매",1995-07-08,12월,서울특별시,False,False,,True,00139764,에넥스,20221130,True
007460,에이프로젠,KOSPI,유가,의약품 제조업,"단열장치,철구조물,가열로,특수단열재(금속표면경화육성,원자로용) 제조/단열공사/부동산 임대",1995-07-08,12월,경기도,False,False,,True,00152385,에이프로젠,20260504,True
025620,차AI헬스케어,KOSPI,유가,기타 화학제품 제조업,화장품 제조 판매,1995-07-08,12월,서울특별시,False,False,,True,00136776,차AI헬스케어,20260512,True
017960,한국카본,KOSPI,유가,"구조용 금속제품, 탱크 및 증기발생기 제조업","탄소섬유(카본프리프레그(낚시대,테니스라켓,골프 Shaft,스포츠레저용품)),합성수지,글라스페이퍼,LNG선박용 단열판넬 제조,도매",1995-07-08,12월,경상남도,False,False,,True,00159795,한국카본,20260330,True
025000,KPX케미칼,KOSPI,유가,기초 화학물질 제조업,"PPG,PU RESIN,우레탄수지,대향막박리재,반도체 CM PAD,Polyether Polyol,산업용기초화학제품,화공약품 제조,판매",1994-12-27,12월,서울특별시,False,False,,True,00191472,KPX케미칼,20240325,True
007980,TP,KOSPI,유가,봉제의복 제조업,"봉제의류(자켓,파카,코트),침구 제조,우모가공,생활용품 도소매,무역",1994-12-27,12월,서울특별시,False,False,,True,00154329,TP,20260309,True
010580,에스엠벡셀,KOSPI,유가,자동차 신품 부품 제조업,"자동차부품(워터펌프,오일펌프,엔진헤드(GV6),프론트케이스) 제조",1994-12-27,12월,충청남도,False,False,,True,00147860,에스엠벡셀,20260227,True
008420,문배철강,KOSPI,유가,1차 철강 제조업,"철강재중 판재류(후판,박판,무늬강판) 제조,도매",1994-11-05,12월,서울특별시,False,False,,True,00121570,문배철강,20230327,True
014790,HL D&I,KOSPI,유가,토목 건설업,"토목,건축,전기,환경사업,준설공사,포장공사,주택,중기임대",1994-08-12,12월,서울특별시,False,False,,True,00161116,HL D&I,20240925,True
007310,오뚜기,KOSPI,유가,기타 식품 제조업,"라면,마요네즈,카레,스프,당면,소오스,토마토케첩,마가린,냉동생지(바게트,크로와상),참치캔,식초,3분짜장 제조",1994-08-12,12월,경기도,False,False,,True,00141529,오뚜기,20251222,True
008500,일정실업,KOSPI,유가,편조원단 제조업,"자동차시트원단,의류,완구직물 제조,염색가공",1994-08-12,12월,경기도,False,False,,True,00146542,일정실업,20260331,True
010120,엘에스일렉트릭,KOSPI,유가,"전동기, 발전기 및 전기 변환 · 공급 · 제어 장치 제조업","고압기기,저압기기,변압기,배전반,PLC,인버터,빌딩설비,공조기,건축배관,자동화기기 제조,동가공",1994-07-11,12월,경기도,False,False,,True,00105855,엘에스일렉트릭,20250326,True
009190,대양금속,KOSPI,유가,1차 철강 제조업,스테인레스 냉연강판 제조,1994-04-29,12월,충청남도,False,False,,True,00111111,대양금속,20260303,True
000760,이화산업,KOSPI,유가,기타 전문 도매업,"염료(반응성염료,분산염료,범용염료,직접염료,산성염료),염료화성품,합성수지,고무 도매,제조",1994-04-29,12월,서울특별시,False,False,,True,00145686,이화산업,20260319,True
014820,동원시스템즈,KOSPI,유가,플라스틱제품 제조업,포장용 플라스틱제품 제조 외,1994-03-29,12월,충청남도,False,False,,True,00132637,동원시스템즈,20260327,True
010140,삼성중공업,KOSPI,유가,선박 및 보트 건조업,"선박(벌크선,원유운반선),철구조물,에너지플랜트 생산,판매/토목건축업",1994-01-28,12월,경기도,False,False,,True,00126478,삼성중공업,20240322,True
009680,모토닉,KOSPI,유가,자동차 신품 부품 제조업,"자동차용 부품(연료펌프,LPI SYSTEM, FCEV) 제조,판매",1994-01-14,12월,서울특별시,False,False,,True,00151128,모토닉,20240726,True
010690,화신,KOSPI,유가,자동차 신품 부품 제조업,"자동차엔진부품(ARM류,C/MBR류),자동차부품 제조",1994-01-14,12월,경상북도,False,False,,True,00166315,화신,20260325,True
000390,SP삼화,KOSPI,유가,기타 화학제품 제조업,"건축용페인트,공업용페인트,분체도료 등 제조",1993-09-10,12월,경기도,False,False,,True,00129387,SP삼화,20260430,True
009450,경동나비엔,KOSPI,유가,가정용 기기 제조업,"가정용기름보일러,입형,횡형 온수보일러,가스보일러,버너,흡수식 냉온수기,전기보일러,진공온수보일러,태양열보일러 제조,판매",1993-08-31,12월,경기도,False,False,,True,00101488,경동나비엔,20250327,True
012030,DB,KOSPI,유가,"컴퓨터 프로그래밍, 시스템 통합 및 관리업","컴퓨터 프로그래밍, 시스템 통합 및 관리",1993-01-06,12월,서울특별시,False,False,,True,00163345,DB,20260314,True
005090,SGC에너지,KOSPI,유가,전기업,"증기, 전기, REC(신재생에너지공급인증서)",1993-01-06,12월,서울특별시,False,False,,True,00125150,SGC에너지,20240422,True
005750,대림바스,KOSPI,유가,"내화, 비내화 요업제품 제조업","위생도기,내장타일,조립식욕실제품 제조,판매/부동산 임대",1992-12-23,12월,경상남도,False,False,,True,00109754,대림바스,20250411,True
005880,대한해운,KOSPI,유가,해상 운송업,"외항화물운송,국제해운대리점",1992-04-23,12월,서울특별시,False,False,,True,00113535,대한해운,20260316,True
005870,휴니드테크놀러지스,KOSPI,유가,통신 및 방송 장비 제조업,"무선통신기기,군납용무전기,위성방송수신기 제조",1991-09-03,12월,인천광역시,False,False,,True,00111421,휴니드테크놀러지스,20260320,True
017550,수산세보틱스,KOSPI,유가,특수 목적용 기계 제조업,"유압브레이커,트럭크레인,플라즈마 파암장비,특장차,산업기계,건설기계 제조,도매",1991-08-30,12월,경기도,False,False,,True,00135111,수산세보틱스,20260401,True
011170,롯데케미칼,KOSPI,유가,기초 화학물질 제조업,"폴리프로필렌,고밀도폴리에틸렌,에틸렌글리콜,벤젠,에틸렌옥사이드,합성지,부산물 제조",1991-05-30,12월,서울특별시,False,False,,True,00165413,롯데케미칼,20260323,True
001430,세아베스틸지주,KOSPI,유가,1차 철강 제조업,"특수강,철도용품,자동차부품 제조,수출입",1991-03-12,12월,서울특별시,False,False,,True,00106669,세아베스틸지주,20230330,True
008770,호텔신라,KOSPI,유가,기타 상품 전문 소매업,"면세판매,관광숙박,외식사업,예식업",1991-03-12,12월,서울특별시,False,False,,True,00165680,호텔신라,20221209,True
014580,태경비케이,KOSPI,유가,"시멘트, 석회, 플라스터 및 그 제품 제조업","생석회,소석회,석회비료 제조,판매/비금속광물 광업/산업폐기물 재생처리/휴게소 운영",1991-03-07,12월,서울특별시,False,False,,True,00122481,태경비케이,20250331,True
013520,화승코퍼레이션,KOSPI,유가,자동차 신품 부품 제조업,"산업용 고무제품(호스시트,벨트,펜더 등) 제조, 판매",1991-02-22,12월,부산광역시,False,False,,True,00166272,화승코퍼레이션,20220228,True
004080,신흥,KOSPI,유가,기계장비 및 관련 물품 도매업,"치과용기자재(방사선장치,전기진단장치),주사침 도소매,제조/부동산 임대",1991-02-08,12월,서울특별시,False,False,,True,00173795,신흥,20260402,True
006060,화승인더스트리,KOSPI,유가,상품 종합 도매업,"포장용 합성수지 제조/신발,필름 판매/부동산 임대",1991-02-04,12월,부산광역시,False,False,,True,00166227,화승인더스트리,20250502,True
014530,극동유화,KOSPI,유가,석유 정제품 제조업,"윤활유,유동파라핀,왁스,방수용시트,아스팔트 제조/수입자동차,부품 도매/가스충전,산업설비 청소",1991-01-31,12월,경상남도,False,False,,True,00105156,극동유화,20220216,True
002140,고려산업,KOSPI,유가,"곡물가공품, 전분 및 전분제품 제조업","배합사료,플라스틱용기 제조/부동산 임대",1991-01-14,12월,부산광역시,False,False,,True,00102751,고려산업,20260304,True
016090,대현,KOSPI,유가,봉제의복 제조업,"여성의류 및 악세사리류 제조,도매,유통(백화점)",1990-09-20,12월,서울특별시,False,False,,True,00113614,대현,20240401,True
001620,케이비아이동국실업,KOSPI,유가,자동차 신품 부품 제조업,"자동차부품(에어닥트,글로벌박스,노즐,어셈블리류,핸들류) 제조,판매/공장 임대",1990-09-15,12월,서울특별시,False,False,,True,00114765,케이비아이동국실업,20240402,True
017040,광명전기,KOSPI,유가,"전동기, 발전기 및 전기 변환 · 공급 · 제어 장치 제조업","수배전반,가스절연개폐장치,빌딩자동화시스템,중앙감시반,자동제어반 제조,도소매,무역",1990-09-14,12월,경기도,False,False,,True,00103662,광명전기,20260504,True
011390,부산산업,KOSPI,유가,"시멘트, 석회, 플라스터 및 그 제품 제조업","레미콘 제조,판매",1990-09-14,12월,부산광역시,False,False,,True,00124027,부산산업,20260601,True
011810,STX,KOSPI,유가,상품 종합 도매업,"에너지 원료(석탄,석유),산업기자재(기계부품) 도매",1990-09-12,12월,경상남도,False,False,,True,00138297,STX,20221206,True
010130,고려아연,KOSPI,유가,1차 비철금속 제조업,"연,아연괴 제조,판매",1990-07-28,12월,서울특별시,False,False,,True,00102858,고려아연,20260326,True
004720,팜젠사이언스,KOSPI,유가,의약품 제조업,의약품 외,1990-06-15,12월,경기도,False,False,,True,00135050,팜젠사이언스,20260401,True
009200,무림페이퍼,KOSPI,유가,"펄프, 종이 및 판지 제조업","지류,아트지,백상지 제조",1990-06-09,12월,경상남도,False,False,,True,00136086,무림페이퍼,20240701,True
008870,금비,KOSPI,유가,유리 및 유리제품 제조업,"유리제품(주류병) 제조/화장품 도소매,수입(병제조기기)",1990-06-08,09월,경기도,False,False,,True,00168401,금비,20220816,True
005820,원림,KOSPI,유가,직물직조 및 직물제품 제조업,"고무,플라스틱제품,산업용포장재,PP.BAG,타포린 제조,도매/부동산 임대/주택 신축,판매/인터넷 정보통신/벤처회사 투자",1990-04-20,12월,서울특별시,False,False,,True,00143794,원림,20220225,True
008490,서흥,KOSPI,유가,기타 화학제품 제조업,"의약품(하드캅셀,건강보조식품,소프트캅셀),건강보조식품,인삼제품 제조,판매",1990-03-27,12월,충청북도,False,False,,True,00131692,서흥,20221209,True
014910,성문전자,KOSPI,유가,전자부품 제조업,"콘덴서용 증착필름,압력분무식 플러스자동도포기 제조,판매",1990-03-24,12월,경기도,False,False,,True,00132628,성문전자,20221125,True
003580,HLB글로벌,KOSPI,유가,종합 소매업,"미디어커머스(카밈, 스파알), 식음료(콤부차, 잼시럽), 화장품(퍼플리쉬, 엘리샤코이) 등",1990-03-23,12월,강원특별자치도,False,False,,True,00169048,HLB글로벌,20260316,True
014160,대영포장,KOSPI,유가,"골판지, 종이 상자 및 종이용기 제조업","골판지원단,골판지상자 제조",1990-03-06,12월,경기도,False,False,,True,00111458,대영포장,20220405,True
012280,영화금속,KOSPI,유가,자동차 신품 부품 제조업,"자동차부품,건축자재(관이음쇠) 제조,판매",1990-01-25,12월,경상남도,False,False,,True,00141413,영화금속,20221205,True
019170,신풍제약,KOSPI,유가,의약품 제조업,"의약품(항생제,혈전용해제,향정신성약품,구충제) 제조,판매",1990-01-20,12월,경기도,False,False,,True,00137359,신풍제약,20251014,True
002210,동성제약,KOSPI,유가,의약품 제조업,"의약품,화장품 제조,도매",1990-01-19,12월,서울특별시,False,False,,True,00116268,동성제약,20260416,True
012170,아센디오,KOSPI,유가,"영화, 비디오물, 방송프로그램 제작 및 배급업",석탄(점결탄) 판매,1989-12-20,12월,서울특별시,False,False,,True,00145437,아센디오,20260116,True
009420,한올바이오파마,KOSPI,유가,의약품 제조업,"의약품 제조,도매/부동산 임대",1989-12-18,12월,대전광역시,False,False,,True,00162586,한올바이오파마,20260327,True
011330,유니켐,KOSPI,유가,자동차 신품 부품 제조업,"피혁 제조,도매,무역,부동산임대",1989-12-14,12월,경기도,False,False,,True,00137207,유니켐,20260504,True
012800,대창,KOSPI,유가,1차 비철금속 제조업,"황동봉,동합금괴 제조,판매",1989-12-05,12월,경기도,False,False,,True,00112651,대창,20260327,True
013360,일성건설,KOSPI,유가,토목 건설업,"건축공사,토목공사,전기공사",1989-12-02,12월,경기도,False,False,,True,00146232,일성건설,20260310,True
013700,까뮤이앤씨,KOSPI,유가,건물 건설업,"토목공사,건축공사/부동산 임대",1989-11-30,12월,경기도,False,False,,True,00129420,까뮤이앤씨,20260327,True
002760,보락,KOSPI,유가,기타 화학제품 제조업,"식품향료,식품첨가물,화학제품,껌베이스(자일리톨,에리스리톨),담배향료 제조,판매",1989-11-30,12월,경기도,False,False,,True,00123107,보락,20221130,True
007610,선도전기,KOSPI,유가,"전동기, 발전기 및 전기 변환 · 공급 · 제어 장치 제조업","수배전반,중전기기 제조,도매/전기공사",1989-11-30,12월,경기도,False,False,,True,00131939,선도전기,20240401,True
004920,씨아이테크,KOSPI,유가,영상 및 음향기기 제조업,"컴퓨터 소프트웨어,하드웨어 서버,도매",1989-11-30,12월,서울특별시,False,False,,True,00127158,씨아이테크,20240503,True
009290,광동제약,KOSPI,유가,의약품 제조업,"의약품,식음료 제조,도매",1989-11-17,12월,경기도,False,False,,True,00103592,광동제약,20251205,True
011420,갤럭시아에스엠,KOSPI,유가,스포츠 서비스업,"스포츠중계권,스포츠마케팅,광고",1989-11-14,12월,서울특별시,False,False,,True,00129554,갤럭시아에스엠,20211213,True
004270,남성,KOSPI,유가,기타 전문 도매업,"수출입(카오디오)/통신기기 제조,판매/이동통신,유선방송,정보통신/생활필수품,식품 판매/부동산 임대",1989-11-14,12월,서울특별시,False,False,,True,00172185,남성,20260310,True
001940,KISCO홀딩스,KOSPI,유가,1차 철강 제조업,지주사업,1989-11-13,12월,경상남도,False,False,,True,00159740,KISCO홀딩스,20260331,True
009410,태영건설,KOSPI,유가,토목 건설업,"종합건설업(토목공사,도로공사,건축공사,관급공사,환경공사,상하수도공사,하수종말처리공사)/부동산 임대,매매",1989-11-13,12월,경기도,False,False,,True,00153861,태영건설,20260327,True
007280,한국특강,KOSPI,유가,1차 철강 제조업,"철강압연제품(앵글,이형형강,평철,환봉) 제조,판매",1989-11-13,12월,경상남도,False,False,,True,00124090,한국특강,20260401,True
009180,한솔로지스틱스,KOSPI,유가,기타 운송관련 서비스업,"지류펄프 보관창고 운영/화물취급,화물운송알선,물류컨설팅/종합쇼핑몰운영,통신판매,인터넷백화점",1989-11-13,12월,서울특별시,False,False,,True,00140946,한솔로지스틱스,20250103,True
002170,SYTS,KOSPI,유가,"가죽, 가방 및 유사제품 제조업","피혁원단,혁제운동화,혁제장갑,혁제스포츠용품 제조,상품중개,무역",1989-11-10,12월,서울특별시,False,False,,True,00127042,SYTS,20260421,True
017670,SK텔레콤,KOSPI,유가,전기 통신업,"이동전화,무선호출서비스,부가통신",1989-11-07,12월,서울특별시,False,False,,True,00159023,SK텔레콤,20260327,True
010640,진양폴리우레탄,KOSPI,유가,플라스틱제품 제조업,"폴리우레탄,폴리우레탄스폰지 제조,판매",1989-09-30,12월,경기도,False,False,,True,00160375,진양폴리우레탄,20250312,True
003650,미창석유공업,KOSPI,유가,석유 정제품 제조업,"윤활유,고무배합유,전기절연유 제조,판매,수출입",1989-09-27,12월,부산광역시,False,False,,True,00122056,미창석유공업,20251208,True
004380,삼익THK,KOSPI,유가,일반 목적용 기계 제조업,"직선운동시스템,메카트로시스템,기타정밀 자동화기기 제조,판매/전자상거래,인터넷 관련 s/w,h/w 개발,판매,유지보수",1989-09-26,12월,대구광역시,False,False,,True,00127802,삼익THK,20251202,True
002840,미원상사,KOSPI,유가,기타 화학제품 제조업,"계면활성제,분황,황산,도료첨가제,프라스틱첨가제 제조",1989-09-25,12월,경기도,False,False,,True,00121932,미원상사,20230329,True
013000,세우글로벌,KOSPI,유가,기타 전문 도매업,"화공약품.엔지니어링 플라스틱,페놀계제품,석유화학제품 판매/철재가구,사무목재가구 제조/교육사업",1989-09-05,12월,인천광역시,False,False,,True,00134176,세우글로벌,20260310,True
012330,현대모비스,KOSPI,유가,자동차 신품 부품 제조업,"자동차A/S용 부품,컨테이너,특수중기,산업기계제품 생산,판매,부품모듈화,부품수출사업,환경/플랜트사업,특수중기부문(컨테이너)",1989-09-05,12월,서울특별시,False,False,,True,00164788,현대모비스,20250312,True
001390,KG케미칼,KOSPI,유가,기초 화학물질 제조업,"콘크리트혼화제, 비료, 친환경농자재, 수처리제",1989-08-25,12월,울산광역시,False,False,,True,00101220,KG케미칼,20230220,True
009320,아진전자부품,KOSPI,유가,자동차 신품 부품 제조업,자동차 전장부품,1989-08-25,12월,전북특별자치도,False,False,,True,00111689,아진전자부품,20241022,True
015760,한국전력공사,KOSPI,유가,전기업,"전력자원개발,발전,송전,전력용기자재확보",1989-08-10,12월,전라남도,False,False,,True,00159193,한국전력공사,20240416,True
007690,국도화학,KOSPI,유가,기초 화학물질 제조업,"에폭시수지,폴리아마이드수지,아염소산소다 제조,도소매",1989-08-05,12월,서울특별시,False,False,,True,00104388,국도화학,20250131,True
006280,녹십자,KOSPI,유가,의약품 제조업,"알부민외 제조,판매",1989-08-01,12월,경기도,False,False,,True,00129679,녹십자,20260423,True
009160,SIMPAC,KOSPI,유가,1차 철강 제조업,"프레스, 합금철",1989-07-29,12월,인천광역시,False,False,,True,00138260,SIMPAC,20230109,True
008600,윌비스,KOSPI,유가,생활용품 도매업,"스웨터,니트,셔츠 도매,제조/컴퓨터주변기기 무역,오파,임대",1989-07-28,12월,충청남도,False,False,,True,00104999,윌비스,20260326,True
015230,대창단조,KOSPI,유가,자동차 신품 부품 제조업,"자동차,중장비 부품(크랭크샤프트,트랙링크조립체,커넥팅로드,중장비롤러류),기어,동력전달장치,단조가공품,단조품 제조",1989-07-25,12월,경상남도,False,False,,True,00112679,대창단조,20230222,True
007160,사조산업,KOSPI,유가,수산물 가공 및 저장 처리업,"원양어업(참치,명태,오징어),육가공,참치통조림,장류 제조/냉동냉장 창고운영/부동산 임대/컴퓨터,소프트웨어 개발,도매/팝콘,구운김 도매",1989-07-25,12월,서울특별시,False,False,,True,00124799,사조산업,20250502,True
014130,한익스프레스,KOSPI,유가,도로 화물 운송업,"특수화물 운송(유류,화학류,벌크제품 등),냉동차,탱크로리운송,복합운송 주선,임대,택배/특장차,중기 제조,판매",1989-07-25,12월,경기도,False,False,,True,00129509,한익스프레스,20240827,True
008040,사조동아원,KOSPI,유가,"곡물가공품, 전분 및 전분제품 제조업","제분, 배합사료 제조",1989-06-24,12월,서울특별시,False,False,,True,00137252,사조동아원,20250321,True
009140,경인전자,KOSPI,유가,전자부품 제조업,"스위치,리모콘,배선기구,섬머스타트,게임기,전자부품 제조,판매",1989-06-20,12월,서울특별시,False,False,,True,00102140,경인전자,20221202,True
009580,무림P&P,KOSPI,유가,"펄프, 종이 및 판지 제조업","표백화학펄프(B.K.P) 제조,목재가공,조림사업",1989-06-20,12월,울산광역시,False,False,,True,00119007,무림P&P,20240701,True
014990,인디에프,KOSPI,유가,봉제의복 제조업,"여성의류,남성의류,캐쥬얼웨어 제조",1989-06-20,12월,서울특별시,False,False,,True,00106881,인디에프,20260312,True
003610,방림,KOSPI,유가,직물직조 및 직물제품 제조업,"P/C혼방직물,면방적,각종사류,직물류 제조,도소매",1989-05-30,09월,서울특별시,False,False,,True,00122348,방림,20220831,True
015590,DKME,KOSPI,유가,일반 목적용 기계 제조업,"열교환기,압력용기,저장탱크,산업용보일러 제조",1989-05-27,12월,울산광역시,False,False,,True,00108746,DKME,20260518,True
014680,한솔케미칼,KOSPI,유가,기초 화학물질 제조업,"과산화수소,라텍스,요소수지,수소액화탄산,차아황산소다 제조,판매,디지털카메라용 인화필름 제조,수출",1989-05-20,12월,서울특별시,False,False,,True,00140955,한솔케미칼,20251106,True
010820,퍼스텍,KOSPI,유가,무기 및 총포탄 제조업,"방위산업제품,프린터,불소화합물,자동차용 매트 제조/얼굴인식시스템 개발",1989-05-10,12월,경상남도,False,False,,True,00148522,퍼스텍,20230216,True
003680,한성기업,KOSPI,유가,수산물 가공 및 저장 처리업,"냉동식품,햄제품 제조,도매,보관/원양어업",1989-01-26,12월,부산광역시,False,False,,True,00161860,한성기업,20230223,True
011280,태림포장,KOSPI,유가,"골판지, 종이 상자 및 종이용기 제조업","골판지,골판지상자,수출용박스 제조,도매/인쇄",1988-12-20,12월,경기도,False,False,,True,00153524,태림포장,20260102,True
002310,아세아제지,KOSPI,유가,"골판지, 종이 상자 및 종이용기 제조업","골판지원지,석고보드원지,크라프트원지,라이나원지,라이너지 제조,판매",1988-12-15,12월,서울특별시,False,False,,True,00138729,아세아제지,20221221,True
010660,화천기계,KOSPI,유가,특수 목적용 기계 제조업,"선반,밀링,연삭기,CNC선반,CNC밀링,머시닝센타 제조,판매/자동차부품(실린더블럭) 제조",1988-12-12,12월,서울특별시,False,False,,True,00166500,화천기계,20240321,True
011150,CJ씨푸드,KOSPI,유가,기타 식품 제조업,"수산물(어묵,맛살)가공품 도매,원양수산업,수출입",1988-11-26,12월,경기도,False,False,,True,00129013,CJ씨푸드,20250106,True
001770,SHD,KOSPI,유가,1차 철강 제조업,"석도강판,표면처리강판 제조,임가공,판매",1988-11-23,12월,경기도,False,False,,True,00137809,SHD,20230130,True
018470,조일알미늄,KOSPI,유가,1차 비철금속 제조업,"알루미늄판 제조,도매",1988-11-22,12월,경상북도,False,False,,True,00149239,조일알미늄,20240227,True
005850,에스엘,KOSPI,유가,자동차 신품 부품 제조업,"자동차부품(자동차램프, 전동화부품, 전자부품) 제조, 판매",1988-11-08,12월,대구광역시,False,False,,True,00125521,에스엘,20250327,True
012510,더존비즈온,KOSPI,유가,"컴퓨터 프로그래밍, 시스템 통합 및 관리업",응용 소프트웨어 개발 및 공급업,1988-10-28,12월,강원특별자치도,False,False,,True,00172291,더존비즈온,20260327,True
003850,보령,KOSPI,유가,의약품 제조업,"의약품(제산제(겔포스),구심,용각산,고혈압치료제(카프릴),소염진통제(멘소레담),항생제(듀리세프),혈전치료제(아스트릭스)) 제조",1988-10-24,12월,서울특별시,False,False,,True,00123143,보령,20260318,True
008250,이건산업,KOSPI,유가,나무제품 제조업,"컨테이너용합판,목재 파렛트,프레스우드 파렛트,가공목재,제재목 제조/부동산 임대",1988-10-21,12월,인천광역시,False,False,,True,00145446,이건산업,20260327,True
012690,모나리자,KOSPI,유가,기타 종이 및 판지 제품 제조업,"화장지,미용티슈 제조,도매",1988-10-14,12월,서울특별시,False,False,,True,00173102,모나리자,20250702,True
006370,대구백화점,KOSPI,유가,종합 소매업,"백화점운영,임대사업(백화점 코너)",1988-10-10,12월,대구광역시,False,False,,True,00108977,대구백화점,20221128,True
006980,우성,KOSPI,유가,"곡물가공품, 전분 및 전분제품 제조업","배합사료,Suit-feed(맞춤 TMR(육성우,건유우,착유우) 사료),농후사료,곡류(강피류 등 부산물) 제조,판매/부동산 임대,무역",1988-10-10,12월,대전광역시,False,False,,True,00142661,우성,20240701,True
002920,유성기업,KOSPI,유가,자동차 신품 부품 제조업,"철도차량부품(피스턴링,실린더라이너,발브가이드,타펫트),자동차부품,주강,주물 제조,판매",1988-10-10,12월,충청남도,False,False,,True,00174004,유성기업,20230215,True
002220,한일철강,KOSPI,유가,1차 철강 제조업,"강관류,철판류,금속관류,건축자재,자동차부품 제조,도매",1988-10-07,12월,서울특별시,False,False,,True,00163196,한일철강,20221202,True
002450,삼익악기,KOSPI,유가,악기 제조업,"피아노,기타,현악기,전자악기,동 부분품 제조,임대,도매",1988-09-30,12월,충청북도,False,False,,True,00127857,삼익악기,20260129,True
002460,HS화성,KOSPI,유가,건물 건설업,아파트 건설,1988-09-29,12월,대구광역시,False,False,,True,00174527,HS화성,20260227,True
007340,DN오토모티브,KOSPI,유가,일차전지 및 이차전지 제조업,자동차용 밧데리,1988-09-24,12월,경상남도,False,False,,True,00116949,DN오토모티브,20230412,True
000890,보해양조,KOSPI,유가,알코올음료 제조업,"주류(소주,매취,실비우스,위스키) 제조,음료 도매",1988-09-23,12월,전라남도,False,False,,True,00123541,보해양조,20260223,True
003010,혜인,KOSPI,유가,기계장비 및 관련 물품 도매업,"건설기계,산업용 기계장비(진공흡인차,세정차),스테거크레인,비상용발전기,해상용엔진 도소매/창고",1988-09-20,12월,서울특별시,False,False,,True,00165343,혜인,20230221,True
014280,금강공업,KOSPI,유가,1차 철강 제조업,"건설가설재,강관,거푸집 제조,판매",1988-09-10,12월,부산광역시,False,False,,True,00105299,금강공업,20230131,True
009810,플레이그램,KOSPI,유가,기타 전문 도매업,"MRO, 영상콘텐츠",1988-08-31,12월,서울특별시,False,False,,True,00103130,플레이그램,20260220,True
008730,율촌화학,KOSPI,유가,플라스틱제품 제조업,"연포장재,필름,골판지상자,합성수지,플라스틱일반성형제품 제조",1988-08-30,12월,서울특별시,False,False,,True,00145260,율촌화학,20260303,True
009270,신원,KOSPI,유가,봉제의복 제조업,"여성,남성의류,스웨터,의복관련 악세사리,사카린,망초 제조,판매,수출입/섬유의류 도매/신용카드업/의류전문 물류대행 및 임대사업",1988-08-24,12월,서울특별시,False,False,,True,00136864,신원,20230221,True
004140,동방,KOSPI,유가,기타 운송관련 서비스업,"육상운송,해상운송,항만화물하역,보관,창고,물류사업",1988-08-10,12월,서울특별시,False,False,,True,00115287,동방,20260330,True
002960,한국쉘석유,KOSPI,유가,석유 정제품 제조업,"윤활유,그리스 제조,도매",1988-08-10,12월,부산광역시,False,False,,True,00158149,한국쉘석유,20241125,True
003000,부광약품,KOSPI,유가,의약품 제조업,"의약품,치약,의약부외품(부광탁스,레가론,부광안티프라그) 제조",1988-08-05,12월,서울특별시,False,False,,True,00123718,부광약품,20240701,True
012200,계양전기,KOSPI,유가,일반 목적용 기계 제조업,"전동공구(그라인더,드릴,커팅머신 등), 엔진, 자동차용 모터 제조",1988-07-06,12월,서울특별시,False,False,,True,00102618,계양전기,20240701,True
004710,한솔테크닉스,KOSPI,유가,전자부품 제조업,"백라이트유닛,인버터,폴리바리콘,모니터,통신장비 제조",1988-07-06,12월,서울특별시,False,False,,True,00157399,한솔테크닉스,20240909,True
005500,삼진제약,KOSPI,유가,의약품 제조업,"의약품(게보린,세트라졸,염산나록손) 제조,판매,수출입,약초재배",1988-06-18,12월,서울특별시,False,False,,True,00128412,삼진제약,20250324,True
005490,POSCO홀딩스,KOSPI,유가,1차 철강 제조업,"열연코일,냉연강판,후판,선재,스테인리스 제조",1988-06-10,12월,경상북도,False,False,,True,00155319,POSCO홀딩스,20250321,True
002410,범양건영,KOSPI,유가,건물 건설업,"토목공사,주택건설,건축공사,난방공사,전기공사,포장공사",1988-05-25,12월,부산광역시,False,False,,True,00122694,범양건영,20230328,True
005690,파미셀,KOSPI,유가,전자부품 제조업,"줄기세포치료제,화장품",1988-05-20,12월,서울특별시,False,False,,True,00145163,파미셀,20260504,True
006340,대원전선,KOSPI,유가,절연선 및 케이블 제조업,"전선,통신케이블,무선통신장비,합성수지 제조,도매/부동산 매매,임대",1988-05-04,12월,충청남도,False,False,,True,00260392,대원전선,20260317,True
005950,이수화학,KOSPI,유가,기초 화학물질 제조업,"등유,알킬벤젠,윤활유,노말파라핀 제조,도매",1988-04-28,12월,서울특별시,False,False,,True,00145552,이수화학,20230525,True
002810,삼영무역,KOSPI,유가,기타 전문 도매업,"화공약품, 안경렌즈",1988-03-28,12월,서울특별시,False,False,,True,00127167,삼영무역,20240531,True
011780,금호석유화학,KOSPI,유가,기초 화학물질 제조업,"합성고무 SBR(스티렌부타디엔러버),BR(폴리부타디엔러버),합성수지,BD,라텍스 제조,도소매",1988-01-22,12월,서울특별시,False,False,,True,00106368,금호석유화학,20230104,True
015260,에이엔피,KOSPI,유가,전자부품 제조업,"전자부품(인쇄회로기판),무정전 전원공급장치 제조",1988-01-18,12월,인천광역시,False,False,,True,00143314,에이엔피,20221209,True
009460,한창제지,KOSPI,유가,"펄프, 종이 및 판지 제조업","마닐라판지,고급백판지(ALL PULP) 제조,판매,수출입",1987-12-23,12월,경상남도,False,False,,True,00163761,한창제지,20250327,True
005720,넥센,KOSPI,유가,고무제품 제조업,"자동차용 재생타이어튜브,솔리드타이어,고무부품,골프볼,와이어로프소재,특수강선,열처리도금선,건자재 제조,판매,수출입",1987-12-19,12월,경상남도,False,False,,True,00167192,넥센,20250327,True
006660,삼성공조,KOSPI,유가,자동차 신품 부품 제조업,"자동차부품(라디에터,오일쿨러) 제조,판매",1987-11-28,12월,경상남도,False,False,,True,00126201,삼성공조,20230526,True
004490,세방전지,KOSPI,유가,일차전지 및 이차전지 제조업,"자동차용 및 산업용 축전지(연축전지) 제조,판매",1987-11-28,12월,서울특별시,False,False,,True,00133858,세방전지,20260303,True
011000,진원생명과학,KOSPI,유가,의약품 제조업,플라스미드,1987-11-16,12월,서울특별시,False,False,,True,00118521,진원생명과학,20260506,True
009310,참엔지니어링,KOSPI,유가,특수 목적용 기계 제조업,FPD Laser Repair 장비 등 (FPD 장비의 개발과 제조 및 판매),1987-11-12,12월,경기도,False,False,,True,00153621,참엔지니어링,20260327,True
010100,한국무브넥스,KOSPI,유가,자동차 신품 부품 제조업,"자동차부품(제동,구동장치),프랜지(관이음쇠),철구조물,산업기계 제조",1987-10-02,12월,울산광역시,False,False,,True,00160418,한국무브넥스,20230510,True
005070,코스모신소재,KOSPI,유가,기타 화학제품 제조업,"이차전지양극활물질,기능성필름",1987-09-28,12월,충청북도,False,False,,True,00129989,코스모신소재,20260515,True
004830,덕성,KOSPI,유가,플라스틱제품 제조업,"플라스틱레쟈,합성수지,합성피혁 제조,도매",1987-09-25,12월,경기도,False,False,,True,00114093,덕성,20221109,True
011700,한신기계공업,KOSPI,유가,일반 목적용 기계 제조업,"공기압축기,공구류 제조,판매/오파",1987-07-24,12월,경기도,False,False,,True,00162072,한신기계공업,20241030,True
005420,코스모화학,KOSPI,유가,기타 화학제품 제조업,"이산화티타늄 및 부산물, 황산코발트 및 부산물",1987-07-23,12월,서울특별시,False,False,,True,00160302,코스모화학,20260319,True
000500,가온전선,KOSPI,유가,절연선 및 케이블 제조업,"전력선,통신케이블 제조,도매,수출입",1987-06-08,12월,경기도,False,False,,True,00104768,가온전선,20230324,True
010950,S-Oil,KOSPI,유가,석유 정제품 제조업,"석유제품,가스,윤활기유,윤활유,그리스,석유화학제품 제조,도매",1987-05-27,12월,서울특별시,False,False,,True,00138279,S-Oil,20230510,True
012450,한화에어로스페이스,KOSPI,유가,"항공기,우주선 및 부품 제조업","항공기엔진,특수방산장비 제조/정비사업",1987-05-27,12월,경상남도,False,False,,True,00126566,한화에어로스페이스,20251212,True
011230,삼화전자공업,KOSPI,유가,영상 및 음향기기 제조업,"전자부품(페라이트 코어,SMPS,편향요크(DY),고압변성기(FBT)용코어) 제조,판매",1987-05-25,12월,경기도,False,False,,True,00129280,삼화전자공업,20221103,True
004020,현대제철,KOSPI,유가,1차 철강 제조업,"H형강,제철,제강,철근,압연,스테인레스,주강,시트파일 제조,수출입,중기부품(탱크바퀴)제조,판매",1987-05-23,12월,인천광역시,False,False,,True,00145880,현대제철,20251226,True
004770,써니전자,KOSPI,유가,전자부품 제조업,"수정진동자,수정발진기,초음파지연선,MCF,축수나사 제조,도매,수출입",1987-04-22,12월,충청북도,False,False,,True,00138057,써니전자,20240222,True
004560,현대비앤지스틸,KOSPI,유가,1차 철강 제조업,"스텐레스냉연강판,특수강 제조",1987-03-24,12월,경상남도,False,False,,True,00125743,현대비앤지스틸,20250325,True
006090,사조오양,KOSPI,유가,수산물 가공 및 저장 처리업,"원양어업/수산물가공(게맛살) 제조,수출입/냉동 및 냉장보관/부동산 임대",1986-12-24,12월,서울특별시,False,False,,True,00141875,사조오양,20260327,True
009470,삼화전기,KOSPI,유가,전자부품 제조업,"콘덴서 제조,판매",1986-11-24,12월,충청북도,False,False,,True,00129271,삼화전기,20230216,True
010770,평화홀딩스,KOSPI,유가,자동차 신품 부품 제조업,지주회사,1986-03-31,12월,대구광역시,False,False,,True,00155124,평화홀딩스,20250109,True
007110,일신석재,KOSPI,유가,"건축자재, 철물 및 난방장치 도매업","건축석 제조,도소매/석공예,석공사",1986-03-04,12월,서울특별시,False,False,,True,00146296,일신석재,20260102,True
016380,KG스틸,KOSPI,유가,1차 철강 제조업,"철강재(냉연강판,아연도강판,칼라강판,석도강판,선재류,강관,형강,봉강),비철금속 제조,도매",1986-02-03,12월,서울특별시,False,False,,True,00115676,KG스틸,20260325,True
010780,아이에스동서,KOSPI,유가,"시멘트, 석회, 플라스터 및 그 제품 제조업","타일,위생도기,콘크리트파일,P.C관,침목 제조,도매",1986-01-27,12월,경기도,False,False,,True,00115977,아이에스동서,20260327,True
002360,SH에너지화학,KOSPI,유가,기초 화학물질 제조업,"합성수지(PS/EPS,ABS수지) 제조",1985-12-23,12월,전북특별자치도,False,False,,True,00136457,SH에너지화학,20221212,True
003830,대한화섬,KOSPI,유가,화학섬유 제조업,"화학섬유원사(FY,PTY,S.FIBER)제조",1985-12-23,12월,서울특별시,False,False,,True,00113544,대한화섬,20250502,True
007810,코리아써키트,KOSPI,유가,전자부품 제조업,"인쇄회로기판,Module 제조/부동산(건물) 임대",1985-09-09,12월,경기도,False,False,,True,00152686,코리아써키트,20230220,True
004170,신세계,KOSPI,유가,종합 소매업,"백화점,할인점(E마트)",1985-08-19,12월,서울특별시,False,False,,True,00136378,신세계,20240322,True
000520,삼일제약,KOSPI,유가,의약품 제조업,"양약(부루펜,액티피드,포리부틴) 제조,도매",1985-05-29,12월,서울특별시,False,False,,True,00128032,삼일제약,20241002,True
006490,인스코비,KOSPI,유가,전기 통신업,"시계,스마트그리드,도소매,소프트웨어개발",1985-01-17,12월,서울특별시,False,False,,True,00122825,인스코비,20260527,True
003120,일성아이에스,KOSPI,유가,의약품 제조업,"의약품(항생제,화학료법제,항바이러스,근이완제,영양액륜) 제조,판매",1985-01-14,12월,서울특별시,False,False,,True,00146214,일성아이에스,20260305,True
000720,현대건설,KOSPI,유가,토목 건설업,"공사수입,주택분양,건설산업부문 설계,감리 등 엔지니어링서비스",1984-12-22,12월,서울특별시,False,False,,True,00164478,현대건설,20260309,True
002710,TCC스틸,KOSPI,유가,1차 철강 제조업,"석도강판,표면처리강판 제조,판매",1984-12-21,12월,경상북도,False,False,,True,00117300,TCC스틸,20260327,True
003060,에이프로젠바이오로직스,KOSPI,유가,의약품 제조업,"의약품(항생제,영양수액제,드링크제,철결핍성빈혈예방치료제,경옥동충하초) 제조,판매",1984-10-19,12월,서울특별시,False,False,,True,00101044,에이프로젠바이오로직스,20250901,True
008700,아남전자,KOSPI,유가,영상 및 음향기기 제조업,"칼라TV,오디오,비디오 제조,도매",1984-08-11,12월,서울특별시,False,False,,True,00138516,아남전자,20240325,True
006360,GS건설,KOSPI,유가,건물 건설업,"토목공사,건축공사,주택공사,산업플랜트공사,리모델링공사,시설물유지관리공사/산업설비설계,감리 용역,수출입/에너지관리 진단,연구개발",1981-08-03,12월,서울특별시,False,False,,True,00120030,GS건설,20260325,True
006110,삼아알미늄,KOSPI,유가,1차 비철금속 제조업,"알루미늄박지,은박지,은박가공품,알페이스트 제조,도매,수출",1980-12-05,12월,경기도,False,False,,True,00126779,삼아알미늄,20240325,True
006400,삼성SDI,KOSPI,유가,일차전지 및 이차전지 제조업,"2차전지, 전자재료 제조 판매",1979-02-27,12월,경기도,False,False,,True,00126362,삼성SDI,20260306,True
009150,삼성전기,KOSPI,유가,전자부품 제조업,"수동소자 (MLCC, Inductor, Chip Resistor 등), 모듈(카메라모듈, 통신모듈), 반도체패키지 기판",1979-02-27,12월,경기도,False,False,,True,00126371,삼성전기,20230102,True
005960,동부건설,KOSPI,유가,토목 건설업,"건축공사,토목공사,전기공사,기계설비공사/비금속,철구조물 제조,판매/여객,자동차 운송,항만하역",1978-10-30,12월,서울특별시,False,False,,True,00115612,동부건설,20260219,True
009070,케이씨티시,KOSPI,유가,도로 화물 운송업,"화물자동차운송,항만하역,창고보관,컨테이너조작,중량물해상운송",1978-09-29,12월,서울특별시,False,False,,True,00103042,케이씨티시,20220328,True
003070,코오롱글로벌,KOSPI,유가,토목 건설업,"토목공사,일반건설,주택건설,해외건설,소각로설비공사/환경플랜트,폐처리기 제조",1978-09-15,12월,경기도,False,False,,True,00152880,코오롱글로벌,20260401,True
005180,빙그레,KOSPI,유가,동·식물성 유지 및 낙농제품 제조업,"아이스크림,우유,스낵,유산균(욥닥터캡슐) 제조",1978-08-31,12월,경기도,False,False,,True,00124726,빙그레,20250623,True
000480,시알홀딩스,KOSPI,유가,"내화, 비내화 요업제품 제조업","내화연와(정형,부정형,S/N,CCN),단열벽돌,스라이딩노즐,연주용 특수내화물 제조",1978-06-30,12월,전라남도,False,False,,True,00148984,시알홀딩스,20240930,True
004310,현대약품,KOSPI,유가,의약품 제조업,"타코실, 마이녹실, 테놀민, 미에로화이바 등",1978-06-28,11월,충청남도,False,False,,True,00164706,현대약품,20240701,True
003920,남양유업,KOSPI,유가,동·식물성 유지 및 낙농제품 제조업,"시유,조제분유,발효유,이유밀,치즈,프렌치까페 제조,도매",1978-06-24,12월,서울특별시,False,False,,True,00107598,남양유업,20251203,True
008350,남선알미늄,KOSPI,유가,1차 비철금속 제조업,알미늄샷시 제조/환경사업,1978-05-22,12월,대구광역시,False,False,,True,00107224,남선알미늄,20250912,True
003350,한국화장품제조,KOSPI,유가,기타 화학제품 제조업,"화장품(OEM,ODM)",1978-02-06,12월,서울특별시,False,False,,True,00160621,한국화장품제조,20221206,True
011760,현대코퍼레이션,KOSPI,유가,상품 종합 도매업,"자동차,철강,기계,선박,플랜트,컴퓨터,전자제품 수출,수출입대행/자원(탄광,유전) 개발",1977-12-01,12월,서울특별시,False,False,,True,00164812,현대코퍼레이션,20230216,True
001740,SK네트웍스,KOSPI,유가,기타 전문 도매업,"정보통신 유통, 자동차 관리, 글로벌 트레이딩, 호텔&리조트",1977-06-30,12월,경기도,False,False,,True,00131780,SK네트웍스,20260312,True
002100,경농,KOSPI,유가,"비료, 농약 및 살균, 살충제 제조업","완제농약(잡초약,살충제,살균제) 제조",1977-06-30,12월,서울특별시,False,False,,True,00101433,경농,20260311,True
004870,티웨이홀딩스,KOSPI,유가,"시멘트, 석회, 플라스터 및 그 제품 제조업","레미콘,콘크리트파일,완구 제조/미니어쳐테마파크 운영",1977-06-30,12월,서울특별시,False,False,,True,00109514,티웨이홀딩스,20250709,True
007590,동방아그로,KOSPI,유가,"비료, 농약 및 살균, 살충제 제조업","농약(잡초발생전 토양처리형 밭잡초약,부메랑,주움,그라목손) 제조,도매",1977-06-29,12월,서울특별시,False,False,,True,00115384,동방아그로,20260219,True
004430,송원산업,KOSPI,유가,기타 화학제품 제조업,"폴리머첨가제(PVC안정제,산화방지제),폴리우레탄수지,프라스틱첨가제 제조",1977-06-25,12월,울산광역시,False,False,,True,00134963,송원산업,20230215,True
002780,진흥기업,KOSPI,유가,토목 건설업,"아파트건설,토목공사,건축공사,국내도급공사",1977-06-25,12월,인천광역시,False,False,,True,00150828,진흥기업,20240328,True
004090,한국석유공업,KOSPI,유가,기타 비금속 광물제품 제조업,"석유류제품(솔벤트,부로운아스팔트,방수시트몰터프라스,메타놀,빙초산) 제조,도소매/부동산 임대",1977-06-25,12월,서울특별시,False,False,,True,00157991,한국석유공업,20250331,True
000650,천일고속,KOSPI,유가,육상 여객 운송업,"고속버스운수(경부선,44개 노선),도로여객운수업,운수창고업,유류판매,부동산 임대",1977-06-23,12월,부산광역시,False,False,,True,00151395,천일고속,20260312,True
000430,대원강업,KOSPI,유가,자동차 신품 부품 제조업,차랑용 스프링 및 시트,1977-06-22,12월,충청남도,False,False,,True,00111847,대원강업,20260310,True
001080,만호제강,KOSPI,유가,1차 철강 제조업,"와이어로프,합성섬유로프,특수강선 제조,수출,임대",1977-06-18,06월,부산광역시,False,False,,True,00120872,만호제강,20260306,True
004700,조광피혁,KOSPI,유가,"가죽, 가방 및 유사제품 제조업","가죽(피혁원단,제화용원단,카시트용원단),가방,신발 제조,도매",1977-05-27,12월,충청북도,False,False,,True,00148939,조광피혁,20220221,True
004360,세방,KOSPI,유가,도로 화물 운송업,"도로운송,항만하역,창고,지게차 임대",1977-05-19,12월,부산광역시,False,False,,True,00133812,세방,20230214,True
008970,KBI동양철관,KOSPI,유가,1차 철강 제조업,"수도용 도복장 강관,주물(강관말뚝),가스관 제조/아파트건설",1977-03-05,12월,충청남도,False,False,,True,00117629,KBI동양철관,20250912,True
002880,디와이에이,KOSPI,유가,자동차 신품 부품 제조업,자동차부품(자동차용 시트)제조,1977-02-18,12월,광주광역시,False,False,,True,00149804,디와이에이,20260415,True
001260,남광토건,KOSPI,유가,토목 건설업,"토목공사,건축공사,기전공사,측량설계시공,용역/철구조물 제조",1976-12-28,12월,경기도,False,False,,True,00107066,남광토건,20250327,True
005680,삼영전자공업,KOSPI,유가,전자부품 제조업,"전자부품(알루미늄 전해콘덴서),전기이중층콘덴서,센서 제조,도매",1976-12-28,12월,경기도,False,False,,True,00127200,삼영전자공업,20260312,True
005800,신영와코루,KOSPI,유가,봉제의복 제조업,"여성용 내의류(화운데이션,란제리,블래지어),환자,노령자용 파자마,남성용 내의류 제조",1976-12-28,12월,서울특별시,False,False,,True,00136624,신영와코루,20230223,True
002630,오리엔트바이오,KOSPI,유가,의약품 제조업,의약품 제조,1976-12-28,03월,경기도,False,False,,True,00141626,오리엔트바이오,20260330,True
001550,조비,KOSPI,유가,"비료, 농약 및 살균, 살충제 제조업","복합비료(연초용,수도용,시판용,특수작물용),양액재배용 비료,완효성 비료,부직포 제조,무역",1976-12-28,12월,서울특별시,False,False,,True,00148948,조비,20221229,True
005430,한국공항,KOSPI,유가,기타 운송관련 서비스업,"항공기 지상조업,항공화물 상하역,장비대여,항공용역사업,항공기급유,항공화물 취급,보관,부정기헬기운송,여행알선,광업,먹는샘물 제조,농축산업",1976-12-28,12월,서울특별시,False,False,,True,00156691,한국공항,20241122,True
004910,조광페인트,KOSPI,유가,기타 화학제품 제조업,"도료(우레탄,에나멜,락카,특수도료) 제조,도매",1976-12-27,12월,부산광역시,False,False,,True,00148920,조광페인트,20221208,True
003080,SB성보,KOSPI,유가,"비료, 농약 및 살균, 살충제 제조업","완제농약(해비치과립,카스텔란),원제농약(슈퍼유나니,다이아톤) 제조,도매",1976-12-23,12월,경기도,False,False,,True,00132725,SB성보,20250422,True
004690,삼천리,KOSPI,유가,연료용 가스 제조 및 배관공급업,도시가스 공급/부동산 임대,1976-12-23,12월,서울특별시,False,False,,True,00128555,삼천리,20260325,True
002600,조흥,KOSPI,유가,기타 식품 제조업,"휘핑크림,인스턴트이스트,프루츠칵테일,크림치즈,견과류,건조과일 제조,판매/주택 신축,판매",1976-12-23,12월,경기도,False,False,,True,00149345,조흥,20240701,True
001570,금양,KOSPI,유가,기초 화학물질 제조업,"발포제,사카린,OPTSA,베나졸,TCA 제조",1976-12-17,12월,부산광역시,False,False,,True,00106119,금양,20230621,True
003960,사조대림,KOSPI,유가,수산물 가공 및 저장 처리업,"게맛살,어육연제품,식용류,배합사료 제조",1976-09-16,12월,서울특별시,False,False,,True,00109718,사조대림,20230221,True
002070,비비안,KOSPI,유가,봉제의복 제조업,"여성내의류(스타킹,화운데이숀,란제리),카바링사 제조,수출입/부동산 매매,임대",1976-07-13,12월,서울특별시,False,False,,True,00107677,비비안,20221207,True
003570,SNT다이내믹스,KOSPI,유가,자동차 신품 부품 제조업,"자동차부품(동력전달장치 등),공작기계(CNC선반 등),사출성형기 제조",1976-07-08,12월,경상남도,False,False,,True,00134477,SNT다이내믹스,20260326,True
004960,한신공영,KOSPI,유가,건물 건설업,"토목공사,건축공사,주택건설,유통업(백화점),문화교실,주차장",1976-07-07,12월,경기도,False,False,,True,00162063,한신공영,20251205,True
004370,농심,KOSPI,유가,기타 식품 제조업,"라면,스낵,유지 제조,도매,수출입",1976-06-30,12월,서울특별시,False,False,,True,00108241,농심,20260323,True
003720,삼영,KOSPI,유가,플라스틱제품 제조업,"합성수지(BOPP,캐파시타),PPC,랩,종이상자(카톤팩) 제조",1976-06-30,12월,서울특별시,False,False,,True,00127255,삼영,20230424,True
004980,성신양회,KOSPI,유가,"시멘트, 석회, 플라스터 및 그 제품 제조업","시멘트,레미콘 제조",1976-06-30,12월,서울특별시,False,False,,True,00132804,성신양회,20230116,True
004970,신라교역,KOSPI,유가,어로 어업,"원양어업(참치,명태,휠레트,연육,명란,새우),어획물 판매/직물 수출",1976-06-30,12월,서울특별시,False,False,,True,00135962,신라교역,20231114,True
002870,신풍,KOSPI,유가,기타 전문 도매업,"마닐라판지 제조,도소매",1976-06-30,12월,서울특별시,False,False,,True,00137368,신풍,20241008,True
001630,종근당홀딩스,KOSPI,유가,의약품 제조업,"의약품(항생제,위궤양치료제,장기이식면역억제제,고지혈증치료제(로바이드)) 제조,도매",1976-06-30,12월,서울특별시,False,False,,True,00149354,종근당홀딩스,20240329,True
002390,한독,KOSPI,유가,의약품 제조업,"의약품(소화제,크라포란,라식스)제조,도매,부동산 임대",1976-06-30,12월,서울특별시,False,False,,True,00161046,한독,20240701,True
001380,SG글로벌,KOSPI,유가,자동차 신품 부품 제조업,자동차시트 및 자동차시트커버(Seat Trim Cover),1976-06-29,12월,충청남도,False,False,,True,00152039,SG글로벌,20221128,True
003280,흥아해운,KOSPI,유가,해상 운송업,외항화물운송업(케미컬탱커),1976-06-29,12월,서울특별시,False,False,,True,00167208,흥아해운,20231010,True
001250,GS글로벌,KOSPI,유가,상품 종합 도매업,"수출입업(시멘트,철강금속,전기전자,섬유,기계화학),상품중개,광업,채석업/하수처리 서비스/부동산 임대",1976-06-26,12월,서울특별시,False,False,,True,00138190,GS글로벌,20260327,True
002990,금호건설,KOSPI,유가,건물 건설업,"종합건설/여객운송,관광/부동산 임대,분양",1976-06-26,12월,전라남도,False,False,,True,00106313,금호건설,20231219,True
001470,삼부토건,KOSPI,유가,토목 건설업,"토목공사,건축공사,포장공사,건설업,분양사업/건설자재 제조",1976-06-26,12월,서울특별시,False,False,,True,00125974,삼부토건,20250701,True
001820,삼화콘덴서공업,KOSPI,유가,전자부품 제조업,콘덴서(축전기) 제조,1976-06-26,12월,경기도,False,False,,True,00129350,삼화콘덴서공업,20211117,True
001020,페이퍼코리아,KOSPI,유가,"펄프, 종이 및 판지 제조업","제지(신문용지,중질지),합판 제조,건설,석유류 판매",1976-06-26,12월,전북특별자치도,False,False,,True,00134723,페이퍼코리아,20251001,True
001520,동양,KOSPI,유가,"시멘트, 석회, 플라스터 및 그 제품 제조업",레미콘/건설공사/산업용 송풍기,1976-06-25,12월,서울특별시,False,False,,True,00117337,동양,20260331,True
000880,한화,KOSPI,유가,기타 화학제품 제조업,"화약,화공품,자동선반류,공작기계 제조,전자교환기,건설,정보통신,종합무역/임직원 및 개인대상 교육,세미나 및 워크샵 중계,동영상광고",1976-06-24,12월,서울특별시,False,False,,True,01958111,메리츠제1호스팩,20251215,True
001060,JW중외제약,KOSPI,유가,의약품 제조업,"수액제,이상지질혈증치료제,혈우병치료제,소화기궤양치료제,항생제,도매",1976-06-14,12월,경기도,False,False,,True,00149947,JW중외제약,20251202,True
000670,영풍,KOSPI,유가,1차 비철금속 제조업,"제1차 금속산업(아연괴,황산,카드뮴괴),건전지 제조,무역",1976-06-12,12월,서울특별시,False,False,,True,00141307,영풍,20250331,True
001340,PKC,KOSPI,유가,기초 화학물질 제조업,"가성소다,합성염산 제조,판매",1976-06-10,12월,전북특별자치도,False,False,,True,00122472,PKC,20260318,True
005110,한창,KOSPI,유가,기계장비 및 관련 물품 도매업,"소화기, 통신장비 유통",1976-06-01,12월,부산광역시,False,False,,True,00163716,한창,20260309,True
004450,삼화왕관,KOSPI,유가,기타 금속 가공제품 제조업,"납세용 일반병마개,알루미늄캡,플라스틱캡 제조,판매,금속인쇄,수출",1976-05-28,12월,경기도,False,False,,True,00129235,삼화왕관,20241128,True
000040,KR모터스,KOSPI,유가,그외 기타 운송장비 제조업,"이륜차(오토바이) 제조,도매",1976-05-25,12월,경상남도,False,False,,True,00924931,엔비알모션,20260128,True
002240,고려제강,KOSPI,유가,1차 철강 제조업,"PC강선,선재 2차제품,와이어로프,비드와이어,SC(Surpass Coat) Stand,각종선재 제조,도매",1976-05-25,12월,부산광역시,False,False,,True,00103006,고려제강,20240401,True
004100,태양금속공업,KOSPI,유가,자동차 신품 부품 제조업,"자동차용 강력볼트,너트,전기전자제품용 나사,자전거부품,전해동박,도금도장설비 제조",1976-05-25,12월,경기도,False,False,,True,00153755,태양금속공업,20221214,True
002820,SUN&L,KOSPI,유가,플라스틱제품 제조업,"펌프 디스펜서, 스프레이 트리거",1976-05-22,12월,인천광역시,False,False,,True,00132211,SUN&L,20260504,True
004840,DRB동일,KOSPI,유가,고무제품 제조업,"고무벨트(V벨트,콘베이어벨트,평벨트),프라스틱제품 제조,판매",1976-05-21,12월,부산광역시,False,False,,True,00118266,DRB동일,20260330,True
002350,넥센타이어,KOSPI,유가,고무제품 제조업,"타이어,후랩,고무제타이어(승용자동차용,래디알구조) 제조",1976-05-19,12월,경상남도,False,False,,True,00173874,넥센타이어,20260327,True
004060,SG세계물산,KOSPI,유가,상품 종합 도매업,"피복류,봉제품,P.E제품 수출입,도매,제조/조경사업",1976-04-19,12월,서울특별시,False,False,,True,00133511,SG세계물산,20221209,True
004000,롯데정밀화학,KOSPI,유가,기초 화학물질 제조업,"염소·셀룰로스계열, 암모니아 계열, 전자재료 등 화학제품 제조",1976-04-15,12월,울산광역시,False,False,,True,00157681,롯데정밀화학,20250321,True
000020,동화약품,KOSPI,유가,의약품 제조업,"의약품 제조,판매,수출입",1976-03-24,12월,서울특별시,False,False,,True,00119195,동화약품,20250807,True
000210,DL,KOSPI,유가,기초 화학물질 제조업,지주회사,1976-02-02,12월,서울특별시,False,False,,True,00109693,DL,20250919,True
001120,LX인터내셔널,KOSPI,유가,상품 중개업,"전자,기계,화공,유류.금속,의류 수출입,도소매",1976-01-30,12월,서울특별시,False,False,,True,00120076,LX인터내셔널,20260330,True
002720,국제약품,KOSPI,유가,의약품 제조업,"항생제,안약,제약 제조,도매",1975-12-27,12월,경기도,False,False,,True,00104722,국제약품,20260325,True
003240,태광산업,KOSPI,유가,화학섬유 제조업,"석유화학제품(PTA,AN),화섬사,직물 등",1975-12-27,12월,서울특별시,False,False,,True,00153393,태광산업,20260402,True
005030,부산주공,KOSPI,유가,자동차 신품 부품 제조업,"자동차부품(엔진부품,조향장치부품,브레이장치부품,오토미셧부품) 제조,도매/부동산 임대",1975-12-26,12월,부산광역시,False,False,,True,00124151,부산주공,20221213,True
000990,DB하이텍,KOSPI,유가,반도체 제조업,반도체 제조,1975-12-12,12월,경기도,False,False,,True,00160843,DB하이텍,20260304,True
006570,대림통상,KOSPI,유가,기타 금속 가공제품 제조업,"수전금구,비데,위생도기,샤워부스,타일,양식기,무역",1975-11-20,12월,서울특별시,False,False,,True,00109824,대림통상,20260330,True
000220,유유제약,KOSPI,유가,의약품 제조업,"의약품 제조,판매",1975-11-18,12월,충청북도,False,False,,True,00144818,유유제약,20240701,True
000860,강남제비스코,KOSPI,유가,기타 화학제품 제조업,"도료(페인트,락카,신나,에나멜,바니쉬),안료 제조,판매",1975-11-12,12월,부산광역시,False,False,,True,00100939,강남제비스코,20260102,True
002700,신일전자,KOSPI,유가,기계장비 및 관련 물품 도매업,"가정용 전기기구(선풍기,난로,세탁기),전자기구,연구기구 제조,수출입",1975-09-30,12월,충청남도,False,False,,True,00173698,신일전자,20240904,True
001360,삼성제약,KOSPI,유가,의약품 제조업,"의약품(까스명수,쓸기담,에프킬라에어졸,액체우황청심원) 제조,도매",1975-07-04,12월,경기도,False,False,,True,00126414,삼성제약,20240701,True
003230,삼양식품,KOSPI,유가,기타 식품 제조업,"라면,스낵,유제품,장유,식용유,사료,향신료,건강음료(루이보스 티) 제조,도매",1975-06-30,12월,서울특별시,False,False,,True,00126955,삼양식품,20260126,True
008260,NI스틸,KOSPI,유가,1차 철강 제조업,"스틸파이프,철강재임가공 제조,도매",1975-06-28,12월,서울특별시,False,False,,True,00116301,NI스틸,20230327,True
000230,일동홀딩스,KOSPI,유가,의약품 제조업,"의약품 제조,도매",1975-06-28,12월,서울특별시,False,False,,True,00146083,일동홀딩스,20260327,True
000490,대동,KOSPI,유가,특수 목적용 기계 제조업,"경운기,트랙터,이앙기,바인더,수확기(콤바인),농업용엔진 및 부품 제조,판매",1975-06-27,12월,대구광역시,False,False,,True,00109286,대동,20260303,True
004540,깨끗한나라,KOSPI,유가,"펄프, 종이 및 판지 제조업","펄프,판지원지,화장지 제조,수출입",1975-06-25,12월,서울특별시,False,False,,True,00113492,깨끗한나라,20251204,True
001420,태원물산,KOSPI,유가,자동차 신품 부품 제조업,"자동차부품,워터펌프,인산정제석고,건축자재(불연내장재), 제조,수출입",1975-06-24,12월,서울특별시,False,False,,True,00154055,태원물산,20221209,True
005930,삼성전자,KOSPI,유가,통신 및 방송 장비 제조업,"통신 및 방송 장비 제조(무선) 제품, 반도체 제조(메모리) 제품, 전자부품 제조(디스플레이) 제품, 영상 및 음향기기 제조(영상기기) 제품 등",1975-06-11,12월,경기도,False,False,,True,00126380,삼성전자,20251201,True
000300,DH오토넥스,KOSPI,유가,자동차 신품 부품 제조업,"유,무선 통신장비",1975-06-09,12월,전북특별자치도,False,False,,True,00126089,DH오토넥스,20260330,True
001460,BYC,KOSPI,유가,봉제의복 제조업,"메리야스,란제리 제조,도매/건축공사/부동산 임대,분양,공급",1975-06-02,12월,서울특별시,False,False,,True,00122579,BYC,20230810,True
003620,KG모빌리티,KOSPI,유가,자동차용 엔진 및 자동차 제조업,"자동차,자동차부품,차륜,정비 제조/도소매",1975-05-29,12월,경기도,False,False,,True,00138242,KG모빌리티,20250604,True
005610,삼립,KOSPI,유가,기타 식품 제조업,"빵,아이스크림,과자,케익,유산균음료,인스턴트식품,병조림,면류,식용유 제조,판매",1975-05-02,12월,경기도,False,False,,True,00125530,삼립,20260423,True
007570,일양약품,KOSPI,유가,의약품 제조업,"일반의약품(원비디,영비천,아진탈,디세텔,노루모산),항암제(베타-이뮤난),전문의약품 제조,판매,수출입",1974-08-28,12월,경기도,False,False,,True,00146454,일양약품,20251020,True
002320,한진,KOSPI,유가,도로 화물 운송업,"포장화물,택배산업,항만하역,고속버스사업,운수보관",1974-08-12,12월,서울특별시,False,False,,True,00163512,한진,20250901,True
002200,한국수출포장공업,KOSPI,유가,"골판지, 종이 상자 및 종이용기 제조업","골판지상자,골판지원지 제조,판매",1974-06-28,12월,서울특별시,False,False,,True,00158112,한국수출포장공업,20230210,True
005380,현대자동차,KOSPI,유가,자동차용 엔진 및 자동차 제조업,"자동차(승용차,버스,트럭,특장차),자동차부품,자동차전착도료 제조,차량정비사업",1974-06-28,12월,서울특별시,False,False,,True,00164742,현대자동차,20260331,True
005360,모나미,KOSPI,유가,생활용품 도매업,"BP153(BALL POINT PEN), P-3000(PLUS PEN), 유성매직, 보드마카, 네임펜, PARKER, WARTERMAN, 색연필",1974-06-26,12월,경기도,False,False,,True,00121288,모나미,20260401,True
009830,한화솔루션,KOSPI,유가,기초 화학물질 제조업,"합성수지,유화부문(LDPE,LLDPE)제품 제조,플라스틱가공품(PVC),CA,무기화학제품,부동산업",1974-06-19,12월,서울특별시,False,False,,True,00162461,한화솔루션,20250725,True
006380,카프로,KOSPI,유가,기초 화학물질 제조업,"카프로락탐,유안비료 제조",1974-05-28,12월,울산광역시,False,False,,True,00159810,카프로,20250904,True
001070,대한방직,KOSPI,유가,직물직조 및 직물제품 제조업,"면사,화섬사,면직물 제조,판매,건설",1973-12-28,12월,서울특별시,False,False,,True,00112970,대한방직,20220204,True
004410,서울식품공업,KOSPI,유가,기타 식품 제조업,"빵,스넥,마아가린,유지류,사료 제조,도매",1973-12-28,12월,충청북도,False,False,,True,00130879,서울식품공업,20260330,True
000680,LS네트웍스,KOSPI,유가,상품 종합 도매업,"혁화,의류,등산용품 도매,제조/부동산 임대",1973-11-15,12월,경상남도,False,False,,True,01933981,비엔케이제3호스팩,20251121,True
001210,금호전기,KOSPI,유가,전구 및 조명장치 제조업,"형광등,백열전구,전구식현광등,실드빔(차량용전조) 제조,판매",1973-11-15,12월,서울특별시,False,False,,True,00106395,금호전기,20260306,True
000270,기아,KOSPI,유가,자동차용 엔진 및 자동차 제조업,"승용차,중대형버스,트럭,민수특수차량,군수차량 제조,판매,정비",1973-07-21,12월,서울특별시,False,False,,True,00106641,기아,20260512,True
000150,두산,KOSPI,유가,전자부품 제조업,"동박적층판 등 제조 및 판매, 유압기기 등 제조 및 판매, 지게차 제조 및 판매, IT 시스템 개발/운영 서비스 등, 연료전지 등",1973-06-29,12월,서울특별시,False,False,,True,01817920,페스카로,20251210,True
005010,휴스틸,KOSPI,유가,1차 철강 제조업,"강관(배관용,구조용,유정용) 제조,도매",1973-06-29,12월,서울특별시,False,False,,True,00156488,휴스틸,20250327,True
002900,TYM,KOSPI,유가,특수 목적용 기계 제조업,"농기계,연초용필터,금속제양식기,철강압연 제조,도매,수출입/신문서적 수출입,판매",1973-06-26,12월,서울특별시,False,False,,True,00117230,TYM,20260402,True
003090,대웅,KOSPI,유가,의약품 제조업,"지주회사/의약품,화공약품,농예약품,위생용품,의료용구,식품,전기전자기구,부품 제조,판매",1973-06-26,12월,경기도,False,False,,True,00111810,대웅,20241025,True
003780,진양산업,KOSPI,유가,플라스틱제품 제조업,"합성수지,폴리우레탄스폰지 제조,도매,수출입",1973-06-26,12월,경상남도,False,False,,True,00150439,진양산업,20250314,True
003520,영진약품,KOSPI,유가,의약품 제조업,"의약품(드링크제,항생제,영양수액제),의약부외품 제조,판매",1973-06-25,12월,서울특별시,False,False,,True,00141149,영진약품,20240701,True
002380,케이씨씨,KOSPI,유가,기타 화학제품 제조업,"건축용단열재,내외장재,스레트,밤라이트,암면,석고보드,판유리 제조",1973-06-25,12월,서울특별시,False,False,,True,00105271,케이씨씨,20240703,True
005300,롯데칠성음료,KOSPI,유가,비알코올음료 및 얼음 제조업,"청량음료,과채류음료,곡류음료,주류 제조,판매/자동차정비,연수원",1973-06-21,12월,서울특별시,False,False,,True,00120571,롯데칠성음료,20250326,True
003200,일신방직,KOSPI,유가,방적 및 가공사 제조업,"면사,P/C혼방사,P/C혼방직물,화섬사 제조,수출",1973-05-23,12월,서울특별시,False,False,,True,00146269,일신방직,20221202,True
002790,아모레퍼시픽홀딩스,KOSPI,유가,기타 화학제품 제조업,지주회사,1973-04-30,12월,서울특별시,False,False,,True,00154462,아모레퍼시픽홀딩스,20250425,True
007210,벽산,KOSPI,유가,기타 비금속 광물제품 제조업,"단열재, 천장재, 외장재, 내장재, 외단열, 바닥재 등",1972-01-04,12월,서울특별시,False,False,,True,00122898,벽산,20221205,True
001130,대한제분,KOSPI,유가,"곡물가공품, 전분 및 전분제품 제조업","소맥분,토코밀,프리믹스,밀가루조제품,제분부산물 제조/파스타 수입,판매",1970-11-25,12월,서울특별시,False,False,,True,00113243,대한제분,20260330,True
001680,대상,KOSPI,유가,기타 식품 제조업,"전분,라이신,물엿,과당,포도당,MSG및 사료,조미료,항생제,핵산,커피 제조,도매/토목공사,건축공사",1970-04-01,12월,서울특별시,False,False,,True,00121941,대상,20240701,True
000970,한국주철관공업,KOSPI,유가,1차 철강 제조업,"수도용주철관,강관 제조",1969-12-12,12월,부산광역시,False,False,,True,00159573,한국주철관공업,20240401,True
003300,한일홀딩스,KOSPI,유가,"시멘트, 석회, 플라스터 및 그 제품 제조업",지주사업,1969-11-20,12월,서울특별시,False,False,,True,00162993,한일홀딩스,20230112,True
004250,엔피씨,KOSPI,유가,플라스틱제품 제조업,"산업용기프라스틱제품(플라스틱 파렛트,시트 파렛트) 제조,판매",1969-09-08,12월,경기도,False,False,,True,00108038,엔피씨,20250401,True
001440,대한전선,KOSPI,유가,절연선 및 케이블 제조업,"전력선,통신케이블,적산계기,스텐레스압연제품,광케이블,초고압선,알루미늄 제조,도매/전기공사",1968-12-27,12월,경기도,False,False,,True,00113207,대한전선,20250926,True
001790,대한제당,KOSPI,유가,"곡물가공품, 전분 및 전분제품 제조업","제당,가축용 배합사료,설탕,기능성감미료(자일로올리고당),외식산 제조,도소매/부동산 임대",1968-12-27,12월,인천광역시,False,False,,True,00113234,대한제당,20240701,True
002420,세기상사,KOSPI,유가,연료 소매업,"극장(영화상영)/극영화,만화영화 제조/음식료품,일용잡화 소매/부동산 임대",1968-12-27,12월,서울특별시,False,False,,True,00133618,세기상사,20221201,True
000950,전방,KOSPI,유가,방적 및 가공사 제조업,"면사,면혼방사,마혼방사,화섬사,염색사,자수사,소모사,면직물,면혼방직물,화섬직물,특수가공직물 제조,판매,수출",1968-10-21,12월,서울특별시,False,False,,True,00147222,전방,20221207,True
003490,대한항공,KOSPI,유가,항공 여객 운송업,"여객운송,화물운송,항공기 제조,판매,정비수리/기내식 제조판매,면세품 판매",1966-03-18,12월,서울특별시,False,False,,True,00113526,대한항공,20260316,True
001530,디아이동일,KOSPI,유가,상품 중개업,"면사,화섬사,면포,혼방포,스포츠웨어용 신합섬 제조,도매,수출",1964-01-04,12월,서울특별시,False,False,,True,00118345,디아이동일,20260327,True
000100,유한양행,KOSPI,유가,의약품 제조업,"의약품(삐콤씨, 안티푸라민, 렉라자, 로수바미브, 코푸시럽 등), 생활용품(유한락스, 해피홈, 유한젠), 동물약품",1962-11-01,12월,서울특별시,False,False,,True,00145109,유한양행,20230208,True
000120,CJ대한통운,KOSPI,유가,도로 화물 운송업,"Contract Logistics, 포워딩, 항만하역, 해운, 택배국제특송, SCM Consulting",1956-07-02,12월,서울특별시,False,False,,True,00113410,CJ대한통운,20240326,True
000050,경방,KOSPI,유가,종합 소매업,"섬유류(면사,면혼방사,면직물,면혼방직물,화섬사,화섬직물) 제조,도매,수출입",1956-03-03,12월,서울특별시,False,False,,True,00101628,경방,20221208,True
003480,한진중공업홀딩스,KOSPI,유가,연료용 가스 제조 및 배관공급업,지주회사,1956-03-03,12월,경기도,False,False,,True,00163673,한진중공업홀딩스,20260306,True
