sector,n_firm_years,n_firms,correction_rate,material_rate
자동차 신품 부품 제조업,329,47,0.23100303951367782,0.10638297872340426
의약품 제조업,308,44,0.2305194805194805,0.11688311688311688
1차 철강 제조업,266,38,0.20300751879699247,0.11278195488721804
기타 화학제품 제조업,231,33,0.16017316017316016,0.07792207792207792
기초 화학물질 제조업,196,28,0.2653061224489796,0.1377551020408163
전자부품 제조업,168,24,0.19047619047619047,0.10119047619047619
플라스틱제품 제조업,126,18,0.1111111111111111,0.06349206349206349
특수 목적용 기계 제조업,126,18,0.16666666666666666,0.0873015873015873
봉제의복 제조업,112,16,0.23214285714285715,0.10714285714285714
기타 식품 제조업,105,15,0.19047619047619047,0.12380952380952381
일반 목적용 기계 제조업,98,14,0.2653061224489796,0.12244897959183673
종합 소매업,91,13,0.14285714285714285,0.07692307692307693
토목 건설업,91,13,0.4065934065934066,0.2857142857142857
1차 비철금속 제조업,84,12,0.21428571428571427,0.11904761904761904
"시멘트, 석회, 플라스터 및 그 제품 제조업",77,11,0.12987012987012986,0.05194805194805195
기타 전문 도매업,77,11,0.2597402597402597,0.12987012987012986
반도체 제조업,63,9,0.25396825396825395,0.1111111111111111
건물 건설업,63,9,0.2857142857142857,0.1746031746031746
상품 종합 도매업,63,9,0.14285714285714285,0.06349206349206349
"컴퓨터 프로그래밍, 시스템 통합 및 관리업",63,9,0.2222222222222222,0.12698412698412698
"전동기, 발전기 및 전기 변환 · 공급 · 제어 장치 제조업",56,8,0.32142857142857145,0.23214285714285715
일차전지 및 이차전지 제조업,56,8,0.21428571428571427,0.17857142857142858
"건축기술, 엔지니어링 및 관련 기술 서비스업",56,8,0.2857142857142857,0.17857142857142858
"펄프, 종이 및 판지 제조업",56,8,0.125,0.017857142857142856
소프트웨어 개발 및 공급업,49,7,0.22448979591836735,0.08163265306122448
연료용 가스 제조 및 배관공급업,49,7,0.20408163265306123,0.14285714285714285
"자료처리, 호스팅, 포털 및 기타 인터넷 정보매개 서비스업",49,7,0.22448979591836735,0.12244897959183673
기계장비 및 관련 물품 도매업,49,7,0.1836734693877551,0.12244897959183673
"골판지, 종이 상자 및 종이용기 제조업",42,6,0.19047619047619047,0.11904761904761904
"곡물가공품, 전분 및 전분제품 제조업",42,6,0.23809523809523808,0.11904761904761904
가구 제조업,42,6,0.21428571428571427,0.16666666666666666
도로 화물 운송업,42,6,0.3333333333333333,0.21428571428571427
고무제품 제조업,42,6,0.21428571428571427,0.07142857142857142
해상 운송업,42,6,0.19047619047619047,0.09523809523809523
항공 여객 운송업,42,6,0.3333333333333333,0.09523809523809523
화학섬유 제조업,42,6,0.2619047619047619,0.09523809523809523
생활용품 도매업,42,6,0.2619047619047619,0.14285714285714285
전기 통신업,35,5,0.17142857142857143,0.14285714285714285
"측정, 시험, 항해, 제어 및 기타 정밀기기 제조업; 광학기기 제외",35,5,0.2,0.08571428571428572
수산물 가공 및 저장 처리업,35,5,0.17142857142857143,0.05714285714285714
절연선 및 케이블 제조업,35,5,0.17142857142857143,0.08571428571428572
"비료, 농약 및 살균, 살충제 제조업",35,5,0.08571428571428572,0.0
"내화, 비내화 요업제품 제조업",35,5,0.2571428571428571,0.11428571428571428
통신 및 방송 장비 제조업,35,5,0.14285714285714285,0.0
선박 및 보트 건조업,35,5,0.14285714285714285,0.14285714285714285
석유 정제품 제조업,35,5,0.05714285714285714,0.0
영상 및 음향기기 제조업,35,5,0.2571428571428571,0.14285714285714285
기타 운송관련 서비스업,28,4,0.10714285714285714,0.07142857142857142
알코올음료 제조업,28,4,0.14285714285714285,0.03571428571428571
직물직조 및 직물제품 제조업,28,4,0.35714285714285715,0.14285714285714285
자동차용 엔진 및 자동차 제조업,28,4,0.21428571428571427,0.14285714285714285
"구조용 금속제품, 탱크 및 증기발생기 제조업",28,4,0.2857142857142857,0.07142857142857142
기초 의약물질 제조업,28,4,0.17857142857142858,0.03571428571428571
"가죽, 가방 및 유사제품 제조업",28,4,0.21428571428571427,0.07142857142857142
기타 금속 가공제품 제조업,21,3,0.2857142857142857,0.09523809523809523
의료용 기기 제조업,21,3,0.23809523809523808,0.19047619047619047
"영화, 비디오물, 방송프로그램 제작 및 배급업",21,3,0.3333333333333333,0.19047619047619047
음·식료품 및 담배 도매업,21,3,0.14285714285714285,0.09523809523809523
텔레비전 방송업,21,3,0.14285714285714285,0.09523809523809523
전기 및 통신 공사업,21,3,0.23809523809523808,0.19047619047619047
그외 기타 운송장비 제조업,21,3,0.14285714285714285,0.09523809523809523
기타 정보 서비스업,21,3,0.09523809523809523,0.0
유원지 및 기타 오락관련 서비스업,21,3,0.2857142857142857,0.14285714285714285
광고업,21,3,0.3333333333333333,0.09523809523809523
상품 중개업,21,3,0.14285714285714285,0.14285714285714285
기타 비금속 광물제품 제조업,21,3,0.0,0.0
"섬유, 의복, 신발 및 가죽제품 소매업",14,2,0.21428571428571427,0.21428571428571427
여행사 및 기타 여행보조 서비스업,14,2,0.2857142857142857,0.21428571428571427
자동차 판매업,14,2,0.21428571428571427,0.14285714285714285
자연과학 및 공학 연구개발업,14,2,0.14285714285714285,0.14285714285714285
제재 및 목재 가공업,14,2,0.21428571428571427,0.07142857142857142
초등 교육기관,14,2,0.21428571428571427,0.14285714285714285
합성고무 및 플라스틱 물질 제조업,14,2,0.42857142857142855,0.14285714285714285
전기업,14,2,0.42857142857142855,0.21428571428571427
컴퓨터 및 주변장치 제조업,14,2,0.07142857142857142,0.07142857142857142
"항공기,우주선 및 부품 제조업",14,2,0.42857142857142855,0.2857142857142857
유리 및 유리제품 제조업,14,2,0.2857142857142857,0.07142857142857142
기반조성 및 시설물 축조관련 전문공사업,14,2,0.21428571428571427,0.14285714285714285
무기 및 총포탄 제조업,14,2,0.35714285714285715,0.07142857142857142
동·식물성 유지 및 낙농제품 제조업,14,2,0.21428571428571427,0.14285714285714285
방적 및 가공사 제조업,14,2,0.5,0.2857142857142857
"서적, 잡지 및 기타 인쇄물 출판업",14,2,0.35714285714285715,0.14285714285714285
어로 어업,14,2,0.2857142857142857,0.21428571428571427
연료 소매업,14,2,0.14285714285714285,0.0
운송장비 임대업,14,2,0.2857142857142857,0.14285714285714285
육상 여객 운송업,14,2,0.14285714285714285,0.14285714285714285
가전제품 및 정보통신장비 소매업,7,1,0.14285714285714285,0.0
산업용 기계 및 장비 임대업,7,1,0.5714285714285714,0.2857142857142857
산업용 농·축산물 및 동·식물 도매업,7,1,0.14285714285714285,0.0
비알코올음료 및 얼음 제조업,7,1,0.2857142857142857,0.14285714285714285
무점포 소매업,7,1,0.42857142857142855,0.14285714285714285
동물용 사료 및 조제식품 제조업,7,1,0.0,0.0
"도축, 육류 가공 및 저장 처리업",7,1,0.2857142857142857,0.14285714285714285
"떡, 빵 및 과자류 제조업",7,1,0.2857142857142857,0.14285714285714285
담배 제조업,7,1,0.2857142857142857,0.0
기타 종이 및 판지 제품 제조업,7,1,0.14285714285714285,0.14285714285714285
기타 전기장비 제조업,7,1,0.0,0.0
기타 사업지원 서비스업,7,1,0.0,0.0
기타 상품 전문 소매업,7,1,0.2857142857142857,0.14285714285714285
나무제품 제조업,7,1,0.0,0.0
귀금속 및 장신용품 제조업,7,1,0.0,0.0
그외 기타 개인 서비스업,7,1,0.42857142857142855,0.2857142857142857
금속 주조업,7,1,0.2857142857142857,0.14285714285714285
개인 및 가정용품 임대업,7,1,0.5714285714285714,0.2857142857142857
가정용 기기 제조업,7,1,0.2857142857142857,0.14285714285714285
건물설비 설치 공사업,7,1,0.2857142857142857,0.2857142857142857
"건축자재, 철물 및 난방장치 도매업",7,1,0.0,0.0
"경비, 경호 및 탐정업",7,1,0.0,0.0
스포츠 서비스업,7,1,0.42857142857142855,0.14285714285714285
악기 제조업,7,1,0.2857142857142857,0.14285714285714285
신발 및 신발 부분품 제조업,7,1,0.0,0.0
자동차 부품 및 내장품 판매업,7,1,0.14285714285714285,0.14285714285714285
일반 및 생활 숙박시설 운영업,7,1,0.14285714285714285,0.0
음식점업,7,1,0.14285714285714285,0.14285714285714285
의료용품 및 기타 의약 관련제품 제조업,7,1,0.14285714285714285,0.14285714285714285
오디오물 출판 및 원판 녹음업,7,1,0.2857142857142857,0.2857142857142857
전구 및 조명장치 제조업,7,1,0.2857142857142857,0.14285714285714285
"증기, 냉·온수 및 공기조절 공급업",7,1,0.42857142857142855,0.2857142857142857
편조원단 제조업,7,1,0.42857142857142855,0.14285714285714285
